run_date,ticker,dropped_at,disposition,entry_price,risk_per_share,adr10_pct,overhead_R,score,shares,position_cost,sizing_constraint
2026-09-15,AAL,no_data_for_date,,,,,,,,,
2026-09-15,AAMI,no_data_for_date,,,,,,,,,
2026-09-15,AAON,no_data_for_date,,,,,,,,,
2026-09-15,AAP,no_data_for_date,,,,,,,,,
2026-09-15,AAT,no_data_for_date,,,,,,,,,
2026-09-15,AA,no_data_for_date,,,,,,,,,
2026-09-15,ABCB,no_data_for_date,,,,,,,,,
2026-09-15,ABCL,no_50ma_touch,,,,,,,,,
2026-09-15,ABG,no_data_for_date,,,,,,,,,
2026-09-15,ABM,no_data_for_date,,,,,,,,,
2026-09-15,ABR,no_data_for_date,,,,,,,,,
2026-09-15,ACAD,no_data_for_date,,,,,,,,,
2026-09-15,ACA,no_data_for_date,,,,,,,,,
2026-09-15,ACHC,no_data_for_date,,,,,,,,,
2026-09-15,ACIW,no_data_for_date,,,,,,,,,
2026-09-15,ACI,no_data_for_date,,,,,,,,,
2026-09-15,ACLS,no_data_for_date,,,,,,,,,
2026-09-15,ACMR,no_data_for_date,,,,,,,,,
2026-09-15,ACM,no_data_for_date,,,,,,,,,
2026-09-15,ACT,no_data_for_date,,,,,,,,,
2026-09-15,ADAM,no_data_for_date,,,,,,,,,
2026-09-15,ADC,no_data_for_date,,,,,,,,,
2026-09-15,ADEA,no_data_for_date,,,,,,,,,
2026-09-15,ADIG,no_data_for_date,,,,,,,,,
2026-09-15,ADMA,no_data_for_date,,,,,,,,,
2026-09-15,ADNT,no_data_for_date,,,,,,,,,
2026-09-15,ADP,no_50ma_touch,,,,,,,,,
2026-09-15,ADT,no_data_for_date,,,,,,,,,
2026-09-15,ADUS,no_data_for_date,,,,,,,,,
2026-09-15,AEIS,no_data_for_date,,,,,,,,,
2026-09-15,AEO,no_data_for_date,,,,,,,,,
2026-09-15,AESI,no_data_for_date,,,,,,,,,
2026-09-15,AFG,no_data_for_date,,,,,,,,,
2026-09-15,AGCO,no_data_for_date,,,,,,,,,
2026-09-15,AGNT,no_data_for_date,,,,,,,,,
2026-09-15,AGO,no_data_for_date,,,,,,,,,
2026-09-15,AGX,no_data_for_date,,,,,,,,,
2026-09-15,AGYS,no_data_for_date,,,,,,,,,
2026-09-15,AHCO,no_data_for_date,,,,,,,,,
2026-09-15,AHR,no_data_for_date,,,,,,,,,
2026-09-15,AIN,no_data_for_date,,,,,,,,,
2026-09-15,AIR,no_data_for_date,,,,,,,,,
2026-09-15,AIT,no_data_for_date,,,,,,,,,
2026-09-15,AKR,no_data_for_date,,,,,,,,,
2026-09-15,ALGM,no_data_for_date,,,,,,,,,
2026-09-15,ALGT,no_data_for_date,,,,,,,,,
2026-09-15,ALG,no_data_for_date,,,,,,,,,
2026-09-15,ALHC,no_data_for_date,,,,,,,,,
2026-09-15,ALKS,no_data_for_date,,,,,,,,,
2026-09-15,ALK,no_data_for_date,,,,,,,,,
2026-09-15,ALLY,no_data_for_date,,,,,,,,,
2026-09-15,ALRM,no_data_for_date,,,,,,,,,
2026-09-15,ALSN,no_data_for_date,,,,,,,,,
2026-09-15,ALV,no_data_for_date,,,,,,,,,
2026-09-15,AMC,no_50ma_touch,,,,,,,,,
2026-09-15,AMG,no_data_for_date,,,,,,,,,
2026-09-15,AMH,no_data_for_date,,,,,,,,,
2026-09-15,AMKR,no_data_for_date,,,,,,,,,
2026-09-15,AMLX,no_50ma_touch,,,,,,,,,
2026-09-15,AMN,no_data_for_date,,,,,,,,,
2026-09-15,AMPH,no_data_for_date,,,,,,,,,
2026-09-15,AMRX,no_data_for_date,,,,,,,,,
2026-09-15,AMR,no_data_for_date,,,,,,,,,
2026-09-15,AMSF,no_data_for_date,,,,,,,,,
2026-09-15,AMTM,no_data_for_date,,,,,,,,,
2026-09-15,AM,no_data_for_date,,,,,,,,,
2026-09-15,ANDE,no_data_for_date,,,,,,,,,
2026-09-15,ANF,no_data_for_date,,,,,,,,,
2026-09-15,ANIP,no_data_for_date,,,,,,,,,
2026-09-15,AN,no_data_for_date,,,,,,,,,
2026-09-15,AORT,no_data_for_date,,,,,,,,,
2026-09-15,AOSL,no_data_for_date,,,,,,,,,
2026-09-15,APAM,no_data_for_date,,,,,,,,,
2026-09-15,APG,no_data_for_date,,,,,,,,,
2026-09-15,APLE,no_data_for_date,,,,,,,,,
2026-09-15,APOG,no_data_for_date,,,,,,,,,
2026-09-15,APPF,no_data_for_date,,,,,,,,,
2026-09-15,APPS,momentum_screen,,,,,,,,,
2026-09-15,ARCB,no_data_for_date,,,,,,,,,
2026-09-15,ARLO,no_data_for_date,,,,,,,,,
2026-09-15,ARMK,no_50ma_touch,,,,,,,,,
2026-09-15,AROC,no_data_for_date,,,,,,,,,
2026-09-15,ARR,no_data_for_date,,,,,,,,,
2026-09-15,ARWR,no_data_for_date,,,,,,,,,
2026-09-15,ARW,no_data_for_date,,,,,,,,,
2026-09-15,AR,no_data_for_date,,,,,,,,,
2026-09-15,ASB,no_data_for_date,,,,,,,,,
2026-09-15,ASH,no_data_for_date,,,,,,,,,
2026-09-15,ASO,no_data_for_date,,,,,,,,,
2026-09-15,ASTE,no_data_for_date,,,,,,,,,
2026-09-15,ASTH,no_data_for_date,,,,,,,,,
2026-09-15,ATEN,no_data_for_date,,,,,,,,,
2026-09-15,ATI,no_data_for_date,,,,,,,,,
2026-09-15,ATMU,no_data_for_date,,,,,,,,,
2026-09-15,ATRC,no_50ma_touch,,,,,,,,,
2026-09-15,ATR,no_data_for_date,,,,,,,,,
2026-09-15,AUB,no_data_for_date,,,,,,,,,
2026-09-15,AVAH,no_50ma_touch,,,,,,,,,
2026-09-15,AVAV,no_data_for_date,,,,,,,,,
2026-09-15,AVA,no_data_for_date,,,,,,,,,
2026-09-15,AVNT,no_data_for_date,,,,,,,,,
2026-09-15,AVTR,no_data_for_date,,,,,,,,,
2026-09-15,AVT,no_data_for_date,,,,,,,,,
2026-09-15,AWI,no_data_for_date,,,,,,,,,
2026-09-15,AWR,no_data_for_date,,,,,,,,,
2026-09-15,AXTA,no_data_for_date,,,,,,,,,
2026-09-15,AX,no_data_for_date,,,,,,,,,
2026-09-15,AYI,no_data_for_date,,,,,,,,,
2026-09-15,AZTA,no_data_for_date,,,,,,,,,
2026-09-15,AZZ,no_data_for_date,,,,,,,,,
2026-09-15,BAH,no_data_for_date,,,,,,,,,
2026-09-15,BANC,no_data_for_date,,,,,,,,,
2026-09-15,BANF,no_data_for_date,,,,,,,,,
2026-09-15,BANR,no_data_for_date,,,,,,,,,
2026-09-15,BBT,no_data_for_date,,,,,,,,,
2026-09-15,BBWI,no_data_for_date,,,,,,,,,
2026-09-15,BCC,no_data_for_date,,,,,,,,,
2026-09-15,BCO,no_data_for_date,,,,,,,,,
2026-09-15,BCPC,no_data_for_date,,,,,,,,,
2026-09-15,BC,no_data_for_date,,,,,,,,,
2026-09-15,BDC,no_data_for_date,,,,,,,,,
2026-09-15,BFAM,no_data_for_date,,,,,,,,,
2026-09-15,BFH,no_data_for_date,,,,,,,,,
2026-09-15,BFS,no_data_for_date,,,,,,,,,
2026-09-15,BGC,no_data_for_date,,,,,,,,,
2026-09-15,BHE,no_data_for_date,,,,,,,,,
2026-09-15,BHF,no_data_for_date,,,,,,,,,
2026-09-15,BILL,no_data_for_date,,,,,,,,,
2026-09-15,BIO,no_data_for_date,,,,,,,,,
2026-09-15,BJRI,no_data_for_date,,,,,,,,,
2026-09-15,BJ,no_data_for_date,,,,,,,,,
2026-09-15,BKE,no_data_for_date,,,,,,,,,
2026-09-15,BKH,no_data_for_date,,,,,,,,,
2026-09-15,BKU,no_data_for_date,,,,,,,,,
2026-09-15,BLFS,no_data_for_date,,,,,,,,,
2026-09-15,BLKB,no_data_for_date,,,,,,,,,
2026-09-15,BL,no_data_for_date,,,,,,,,,
2026-09-15,BMI,no_data_for_date,,,,,,,,,
2026-09-15,BMRN,no_data_for_date,,,,,,,,,
2026-09-15,BNL,no_data_for_date,,,,,,,,,
2026-09-15,BOH,no_data_for_date,,,,,,,,,
2026-09-15,BOOT,no_data_for_date,,,,,,,,,
2026-09-15,BOX,no_data_for_date,,,,,,,,,
2026-09-15,BRC,no_data_for_date,,,,,,,,,
2026-09-15,BRKR,no_data_for_date,,,,,,,,,
2026-09-15,BROS,no_data_for_date,,,,,,,,,
2026-09-15,BRX,no_data_for_date,,,,,,,,,
2026-09-15,BSY,no_data_for_date,,,,,,,,,
2026-09-15,BTSG,no_data_for_date,,,,,,,,,
2026-09-15,BTU,no_data_for_date,,,,,,,,,
2026-09-15,BURL,no_data_for_date,,,,,,,,,
2026-09-15,BWA,no_data_for_date,,,,,,,,,
2026-09-15,BWXT,no_data_for_date,,,,,,,,,
2026-09-15,BXMT,no_data_for_date,,,,,,,,,
2026-09-15,BYD,no_data_for_date,,,,,,,,,
2026-09-15,CACC,no_data_for_date,,,,,,,,,
2026-09-15,CACI,no_data_for_date,,,,,,,,,
2026-09-15,CAG,no_data_for_date,,,,,,,,,
2026-09-15,CAKE,no_data_for_date,,,,,,,,,
2026-09-15,CALM,no_data_for_date,,,,,,,,,
2026-09-15,CALX,no_data_for_date,,,,,,,,,
2026-09-15,CALY,no_data_for_date,,,,,,,,,
2026-09-15,CARG,no_data_for_date,,,,,,,,,
2026-09-15,CART,no_data_for_date,,,,,,,,,
2026-09-15,CAR,no_data_for_date,,,,,,,,,
2026-09-15,CASH,no_data_for_date,,,,,,,,,
2026-09-15,CATY,no_data_for_date,,,,,,,,,
2026-09-15,CAVA,no_data_for_date,,,,,,,,,
2026-09-15,CBRL,no_data_for_date,,,,,,,,,
2026-09-15,CBSH,no_data_for_date,,,,,,,,,
2026-09-15,CBT,no_data_for_date,,,,,,,,,
2026-09-15,CBU,no_data_for_date,,,,,,,,,
2026-09-15,CBZ,no_50ma_touch,,,,,,,,,
2026-09-15,CCK,no_data_for_date,,,,,,,,,
2026-09-15,CCOI,no_data_for_date,,,,,,,,,
2026-09-15,CCS,no_data_for_date,,,,,,,,,
2026-09-15,CC,no_data_for_date,,,,,,,,,
2026-09-15,CDE,no_data_for_date,,,,,,,,,
2026-09-15,CDNA,no_50ma_touch,,,,,,,,,
2026-09-15,CDP,no_data_for_date,,,,,,,,,
2026-09-15,CELH,no_data_for_date,,,,,,,,,
2026-09-15,CENTA,no_data_for_date,,,,,,,,,
2026-09-15,CENT,no_data_for_date,,,,,,,,,
2026-09-15,CENX,no_data_for_date,,,,,,,,,
2026-09-15,CERT,no_data_for_date,,,,,,,,,
2026-09-15,CE,no_data_for_date,,,,,,,,,
2026-09-15,CFFN,no_data_for_date,,,,,,,,,
2026-09-15,CFR,no_data_for_date,,,,,,,,,
2026-09-15,CGNX,no_data_for_date,,,,,,,,,
2026-09-15,CG,no_data_for_date,,,,,,,,,
2026-09-15,CHCO,no_data_for_date,,,,,,,,,
2026-09-15,CHDN,no_data_for_date,,,,,,,,,
2026-09-15,CHEF,no_data_for_date,,,,,,,,,
2026-09-15,CHE,no_data_for_date,,,,,,,,,
2026-09-15,CHH,no_data_for_date,,,,,,,,,
2026-09-15,CHRD,no_data_for_date,,,,,,,,,
2026-09-15,CHWY,no_data_for_date,,,,,,,,,
2026-09-15,CLBK,no_50ma_touch,,,,,,,,,
2026-09-15,CLF,no_data_for_date,,,,,,,,,
2026-09-15,CLH,no_data_for_date,,,,,,,,,
2026-09-15,CLMT,no_50ma_touch,,,,,,,,,
2026-09-15,CLOV,momentum_screen,,,,,,,,,
2026-09-15,CLSK,no_data_for_date,,,,,,,,,
2026-09-15,CMC,no_data_for_date,,,,,,,,,
2026-09-15,CNH,no_data_for_date,,,,,,,,,
2026-09-15,CNK,no_data_for_date,,,,,,,,,
2026-09-15,CNMD,no_data_for_date,,,,,,,,,
2026-09-15,CNM,no_data_for_date,,,,,,,,,
2026-09-15,CNO,no_50ma_touch,,,,,,,,,
2026-09-15,CNR,no_data_for_date,,,,,,,,,
2026-09-15,CNS,no_data_for_date,,,,,,,,,
2026-09-15,CNXC,no_data_for_date,,,,,,,,,
2026-09-15,CNXN,no_data_for_date,,,,,,,,,
2026-09-15,CNX,no_data_for_date,,,,,,,,,
2026-09-15,COCO,no_data_for_date,,,,,,,,,
2026-09-15,COHU,no_data_for_date,,,,,,,,,
2026-09-15,COKE,no_data_for_date,,,,,,,,,
2026-09-15,COLB,no_data_for_date,,,,,,,,,
2026-09-15,COLL,no_data_for_date,,,,,,,,,
2026-09-15,COLM,no_data_for_date,,,,,,,,,
2026-09-15,CON,no_data_for_date,,,,,,,,,
2026-09-15,CORT,no_data_for_date,,,,,,,,,
2026-09-15,COTY,no_data_for_date,,,,,,,,,
2026-09-15,CPB,no_data_for_date,,,,,,,,,
2026-09-15,CPF,no_data_for_date,,,,,,,,,
2026-09-15,CPK,no_data_for_date,,,,,,,,,
2026-09-15,CPRI,no_data_for_date,,,,,,,,,
2026-09-15,CRBG,no_data_for_date,,,,,,,,,
2026-09-15,CRC,no_data_for_date,,,,,,,,,
2026-09-15,CRGY,no_data_for_date,,,,,,,,,
2026-09-15,CRI,no_data_for_date,,,,,,,,,
2026-09-15,CRK,no_data_for_date,,,,,,,,,
2026-09-15,CROX,no_data_for_date,,,,,,,,,
2026-09-15,CRSR,no_data_for_date,,,,,,,,,
2026-09-15,CRS,no_data_for_date,,,,,,,,,
2026-09-15,CRUS,no_data_for_date,,,,,,,,,
2026-09-15,CRVL,no_data_for_date,,,,,,,,,
2026-09-15,CRWD,no_50ma_touch,,,,,,,,,
2026-09-15,CR,no_data_for_date,,,,,,,,,
2026-09-15,CSL,no_data_for_date,,,,,,,,,
2026-09-15,CSR,no_data_for_date,,,,,,,,,
2026-09-15,CSW,no_data_for_date,,,,,,,,,
2026-09-15,CTRE,no_data_for_date,,,,,,,,,
2026-09-15,CTS,no_data_for_date,,,,,,,,,
2026-09-15,CUBE,no_data_for_date,,,,,,,,,
2026-09-15,CUBI,no_data_for_date,,,,,,,,,
2026-09-15,CURB,no_data_for_date,,,,,,,,,
2026-09-15,CUZ,no_data_for_date,,,,,,,,,
2026-09-15,CVBF,no_data_for_date,,,,,,,,,
2026-09-15,CVCO,no_data_for_date,,,,,,,,,
2026-09-15,CVI,no_data_for_date,,,,,,,,,
2026-09-15,CVLT,no_data_for_date,,,,,,,,,
2026-09-15,CVSA,no_data_for_date,,,,,,,,,
2026-09-15,CWEN,no_data_for_date,,,,,,,,,
2026-09-15,CWK,no_data_for_date,,,,,,,,,
2026-09-15,CWST,no_data_for_date,,,,,,,,,
2026-09-15,CWT,no_data_for_date,,,,,,,,,
2026-09-15,CW,no_data_for_date,,,,,,,,,
2026-09-15,CXM,no_data_for_date,,,,,,,,,
2026-09-15,CXT,no_data_for_date,,,,,,,,,
2026-09-15,CXW,no_50ma_touch,,,,,,,,,
2026-09-15,CYTK,no_data_for_date,,,,,,,,,
2026-09-15,CZR,no_data_for_date,,,,,,,,,
2026-09-15,DAN,no_data_for_date,,,,,,,,,
2026-09-15,DAR,no_data_for_date,,,,,,,,,
2026-09-15,DAVE,no_data_for_date,,,,,,,,,
2026-09-15,DBD,no_data_for_date,,,,,,,,,
2026-09-15,DBX,no_data_for_date,,,,,,,,,
2026-09-15,DCH,no_data_for_date,,,,,,,,,
2026-09-15,DCI,no_data_for_date,,,,,,,,,
2026-09-15,DCOM,no_data_for_date,,,,,,,,,
2026-09-15,DEA,no_data_for_date,,,,,,,,,
2026-09-15,DEI,no_data_for_date,,,,,,,,,
2026-09-15,DELL,no_50ma_touch,,,,,,,,,
2026-09-15,DFH,no_data_for_date,,,,,,,,,
2026-09-15,DFIN,no_data_for_date,,,,,,,,,
2026-09-15,DGII,no_data_for_date,,,,,,,,,
2026-09-15,DINO,no_50ma_touch,,,,,,,,,
2026-09-15,DIOD,no_data_for_date,,,,,,,,,
2026-09-15,DKS,no_data_for_date,,,,,,,,,
2026-09-15,DK,no_50ma_touch,,,,,,,,,
2026-09-15,DLB,no_data_for_date,,,,,,,,,
2026-09-15,DLX,no_data_for_date,,,,,,,,,
2026-09-15,DMC,no_data_for_date,,,,,,,,,
2026-09-15,DNOW,no_data_for_date,,,,,,,,,
2026-09-15,DOCN,no_data_for_date,,,,,,,,,
2026-09-15,DOCS,no_data_for_date,,,,,,,,,
2026-09-15,DOCU,no_data_for_date,,,,,,,,,
2026-09-15,DORM,no_data_for_date,,,,,,,,,
2026-09-15,DRH,no_data_for_date,,,,,,,,,
2026-09-15,DTM,no_data_for_date,,,,,,,,,
2026-09-15,DT,no_data_for_date,,,,,,,,,
2026-09-15,DUOL,no_data_for_date,,,,,,,,,
2026-09-15,DV,no_data_for_date,,,,,,,,,
2026-09-15,DXC,no_data_for_date,,,,,,,,,
2026-09-15,DXPE,no_data_for_date,,,,,,,,,
2026-09-15,DY,no_data_for_date,,,,,,,,,
2026-09-15,EAT,no_data_for_date,,,,,,,,,
2026-09-15,EBC,no_data_for_date,,,,,,,,,
2026-09-15,ECG,no_data_for_date,,,,,,,,,
2026-09-15,ECPG,no_data_for_date,,,,,,,,,
2026-09-15,EEFT,no_data_for_date,,,,,,,,,
2026-09-15,EFC,no_data_for_date,,,,,,,,,
2026-09-15,EFOR,no_data_for_date,,,,,,,,,
2026-09-15,EGBN,no_data_for_date,,,,,,,,,
2026-09-15,EGP,no_data_for_date,,,,,,,,,
2026-09-15,EHC,no_data_for_date,,,,,,,,,
2026-09-15,EIG,no_data_for_date,,,,,,,,,
2026-09-15,ELAN,no_data_for_date,,,,,,,,,
2026-09-15,ELF,no_data_for_date,,,,,,,,,
2026-09-15,ELS,no_data_for_date,,,,,,,,,
2026-09-15,EMN,no_data_for_date,,,,,,,,,
2026-09-15,ENOV,no_data_for_date,,,,,,,,,
2026-09-15,ENPH,no_data_for_date,,,,,,,,,
2026-09-15,ENR,no_data_for_date,,,,,,,,,
2026-09-15,ENSG,no_data_for_date,,,,,,,,,
2026-09-15,ENS,no_data_for_date,,,,,,,,,
2026-09-15,ENTG,no_data_for_date,,,,,,,,,
2026-09-15,ENVA,no_data_for_date,,,,,,,,,
2026-09-15,EPAC,no_data_for_date,,,,,,,,,
2026-09-15,EPAM,no_data_for_date,,,,,,,,,
2026-09-15,EPC,no_data_for_date,,,,,,,,,
2026-09-15,EPRT,no_data_for_date,,,,,,,,,
2026-09-15,EPR,no_data_for_date,,,,,,,,,
2026-09-15,EQH,no_data_for_date,,,,,,,,,
2026-09-15,ESAB,no_data_for_date,,,,,,,,,
2026-09-15,ESE,no_data_for_date,,,,,,,,,
2026-09-15,ESI,no_data_for_date,,,,,,,,,
2026-09-15,ESNT,no_data_for_date,,,,,,,,,
2026-09-15,ETSY,no_data_for_date,,,,,,,,,
2026-09-15,EVR,no_data_for_date,,,,,,,,,
2026-09-15,EVTC,no_data_for_date,,,,,,,,,
2026-09-15,EWBC,no_data_for_date,,,,,,,,,
2026-09-15,EXEL,no_data_for_date,,,,,,,,,
2026-09-15,EXLS,no_data_for_date,,,,,,,,,
2026-09-15,EXPO,no_data_for_date,,,,,,,,,
2026-09-15,EXP,no_data_for_date,,,,,,,,,
2026-09-15,EXTR,no_data_for_date,,,,,,,,,
2026-09-15,EYE,no_data_for_date,,,,,,,,,
2026-09-15,EZPW,no_data_for_date,,,,,,,,,
2026-09-15,FAF,no_data_for_date,,,,,,,,,
2026-09-15,FA,no_50ma_touch,,,,,,,,,
2026-09-15,FBIN,no_data_for_date,,,,,,,,,
2026-09-15,FBK,no_data_for_date,,,,,,,,,
2026-09-15,FBNC,no_data_for_date,,,,,,,,,
2026-09-15,FBP,no_data_for_date,,,,,,,,,
2026-09-15,FBRT,no_data_for_date,,,,,,,,,
2026-09-15,FCFS,no_data_for_date,,,,,,,,,
2026-09-15,FCF,no_data_for_date,,,,,,,,,
2026-09-15,FCN,no_data_for_date,,,,,,,,,
2026-09-15,FCPT,no_data_for_date,,,,,,,,,
2026-09-15,FELE,no_data_for_date,,,,,,,,,
2026-09-15,FFBC,no_data_for_date,,,,,,,,,
2026-09-15,FFIN,no_data_for_date,,,,,,,,,
2026-09-15,FG,no_data_for_date,,,,,,,,,
2026-09-15,FHB,no_data_for_date,,,,,,,,,
2026-09-15,FHI,no_data_for_date,,,,,,,,,
2026-09-15,FHN,no_data_for_date,,,,,,,,,
2026-09-15,FIBK,no_data_for_date,,,,,,,,,
2026-09-15,FIVE,no_data_for_date,,,,,,,,,
2026-09-15,FIVN,no_data_for_date,,,,,,,,,
2026-09-15,FIZZ,no_data_for_date,,,,,,,,,
2026-09-15,FLG,no_data_for_date,,,,,,,,,
2026-09-15,FLO,no_data_for_date,,,,,,,,,
2026-09-15,FLR,no_data_for_date,,,,,,,,,
2026-09-15,FLS,no_data_for_date,,,,,,,,,
2026-09-15,FMC,no_data_for_date,,,,,,,,,
2026-09-15,FNB,no_data_for_date,,,,,,,,,
2026-09-15,FND,no_data_for_date,,,,,,,,,
2026-09-15,FNF,no_data_for_date,,,,,,,,,
2026-09-15,FN,no_data_for_date,,,,,,,,,
2026-09-15,FORM,no_data_for_date,,,,,,,,,
2026-09-15,FOUR,no_data_for_date,,,,,,,,,
2026-09-15,FOXF,no_data_for_date,,,,,,,,,
2026-09-15,FROG,momentum_screen,,,,,,,,,
2026-09-15,FRPT,no_data_for_date,,,,,,,,,
2026-09-15,FR,no_data_for_date,,,,,,,,,
2026-09-15,FSS,no_data_for_date,,,,,,,,,
2026-09-15,FTDR,no_data_for_date,,,,,,,,,
2026-09-15,FTI,no_data_for_date,,,,,,,,,
2026-09-15,FTNT,no_50ma_touch,,,,,,,,,
2026-09-15,FTRE,no_data_for_date,,,,,,,,,
2026-09-15,FULT,no_data_for_date,,,,,,,,,
2026-09-15,FUL,no_data_for_date,,,,,,,,,
2026-09-15,FUN,no_data_for_date,,,,,,,,,
2026-09-15,GAP,no_data_for_date,,,,,,,,,
2026-09-15,GATX,no_data_for_date,,,,,,,,,
2026-09-15,GBCI,no_data_for_date,,,,,,,,,
2026-09-15,GBTG,no_50ma_touch,,,,,,,,,
2026-09-15,GBX,no_data_for_date,,,,,,,,,
2026-09-15,GEF,no_data_for_date,,,,,,,,,
2026-09-15,GEO,no_spy_data,,31.0028,1.1702,3.7744,,,,,
2026-09-15,GFF,no_data_for_date,,,,,,,,,
2026-09-15,GGG,no_data_for_date,,,,,,,,,
2026-09-15,GHC,no_data_for_date,,,,,,,,,
2026-09-15,GH,no_50ma_touch,,,,,,,,,
2026-09-15,GIII,no_data_for_date,,,,,,,,,
2026-09-15,GKOS,no_data_for_date,,,,,,,,,
2026-09-15,GLPI,no_data_for_date,,,,,,,,,
2026-09-15,GMED,no_data_for_date,,,,,,,,,
2026-09-15,GME,no_data_for_date,,,,,,,,,
2026-09-15,GNL,no_data_for_date,,,,,,,,,
2026-09-15,GNTX,no_data_for_date,,,,,,,,,
2026-09-15,GNW,no_data_for_date,,,,,,,,,
2026-09-15,GOLF,no_data_for_date,,,,,,,,,
2026-09-15,GO,no_data_for_date,,,,,,,,,
2026-09-15,GPI,no_data_for_date,,,,,,,,,
2026-09-15,GPK,no_data_for_date,,,,,,,,,
2026-09-15,GPOR,no_data_for_date,,,,,,,,,
2026-09-15,GRBK,no_data_for_date,,,,,,,,,
2026-09-15,GSHD,no_data_for_date,,,,,,,,,
2026-09-15,GTES,no_data_for_date,,,,,,,,,
2026-09-15,GTM,no_data_for_date,,,,,,,,,
2026-09-15,GTY,no_data_for_date,,,,,,,,,
2026-09-15,GT,no_data_for_date,,,,,,,,,
2026-09-15,GVA,no_data_for_date,,,,,,,,,
2026-09-15,GWRE,no_data_for_date,,,,,,,,,
2026-09-15,GXO,no_data_for_date,,,,,,,,,
2026-09-15,G,no_data_for_date,,,,,,,,,
2026-09-15,HAE,no_data_for_date,,,,,,,,,
2026-09-15,HAFC,no_data_for_date,,,,,,,,,
2026-09-15,HALO,no_50ma_touch,,,,,,,,,
2026-09-15,HASI,no_data_for_date,,,,,,,,,
2026-09-15,HAYW,no_data_for_date,,,,,,,,,
2026-09-15,HCC,no_data_for_date,,,,,,,,,
2026-09-15,HCI,no_data_for_date,,,,,,,,,
2026-09-15,HCSG,no_data_for_date,,,,,,,,,
2026-09-15,HE,no_data_for_date,,,,,,,,,
2026-09-15,HFWA,no_data_for_date,,,,,,,,,
2026-09-15,HGV,no_data_for_date,,,,,,,,,
2026-09-15,HIMS,no_data_for_date,,,,,,,,,
2026-09-15,HIW,no_data_for_date,,,,,,,,,
2026-09-15,HLIT,no_data_for_date,,,,,,,,,
2026-09-15,HLI,no_data_for_date,,,,,,,,,
2026-09-15,HLNE,no_data_for_date,,,,,,,,,
2026-09-15,HLX,no_data_for_date,,,,,,,,,
2026-09-15,HL,no_data_for_date,,,,,,,,,
2026-09-15,HMN,no_data_for_date,,,,,,,,,
2026-09-15,HNGE,no_50ma_touch,,,,,,,,,
2026-09-15,HNI,no_data_for_date,,,,,,,,,
2026-09-15,HOG,no_data_for_date,,,,,,,,,
2026-09-15,HOMB,no_data_for_date,,,,,,,,,
2026-09-15,HOPE,no_data_for_date,,,,,,,,,
2026-09-15,HPE,no_data_for_date,,,,,,,,,
2026-09-15,HPQ,no_50ma_touch,,,,,,,,,
2026-09-15,HP,no_data_for_date,,,,,,,,,
2026-09-15,HQY,no_data_for_date,,,,,,,,,
2026-09-15,HRB,no_data_for_date,,,,,,,,,
2026-09-15,HRMY,no_data_for_date,,,,,,,,,
2026-09-15,HR,no_data_for_date,,,,,,,,,
2026-09-15,HSTM,no_data_for_date,,,,,,,,,
2026-09-15,HTH,no_data_for_date,,,,,,,,,
2026-09-15,HTLD,no_data_for_date,,,,,,,,,
2026-09-15,HTO,no_data_for_date,,,,,,,,,
2026-09-15,HUBG,no_data_for_date,,,,,,,,,
2026-09-15,HWC,no_data_for_date,,,,,,,,,
2026-09-15,HWKN,no_data_for_date,,,,,,,,,
2026-09-15,HXL,no_data_for_date,,,,,,,,,
2026-09-15,HZO,no_data_for_date,,,,,,,,,
2026-09-15,H,no_data_for_date,,,,,,,,,
2026-09-15,IART,no_data_for_date,,,,,,,,,
2026-09-15,IBOC,no_data_for_date,,,,,,,,,
2026-09-15,IBP,no_data_for_date,,,,,,,,,
2026-09-15,ICHR,no_data_for_date,,,,,,,,,
2026-09-15,ICUI,no_data_for_date,,,,,,,,,
2026-09-15,IDA,no_data_for_date,,,,,,,,,
2026-09-15,IDCC,no_data_for_date,,,,,,,,,
2026-09-15,IESC,no_data_for_date,,,,,,,,,
2026-09-15,IIPR,no_data_for_date,,,,,,,,,
2026-09-15,ILMN,no_data_for_date,,,,,,,,,
2026-09-15,INDB,no_data_for_date,,,,,,,,,
2026-09-15,INDV,no_data_for_date,,,,,,,,,
2026-09-15,INGR,no_data_for_date,,,,,,,,,
2026-09-15,INSP,no_data_for_date,,,,,,,,,
2026-09-15,INSW,no_data_for_date,,,,,,,,,
2026-09-15,INVA,no_data_for_date,,,,,,,,,
2026-09-15,INVX,no_data_for_date,,,,,,,,,
2026-09-15,IOSP,no_data_for_date,,,,,,,,,
2026-09-15,IOVA,no_50ma_touch,,,,,,,,,
2026-09-15,IPAR,no_data_for_date,,,,,,,,,
2026-09-15,IPGP,no_data_for_date,,,,,,,,,
2026-09-15,IRDM,no_data_for_date,,,,,,,,,
2026-09-15,IRT,no_data_for_date,,,,,,,,,
2026-09-15,ITGR,no_data_for_date,,,,,,,,,
2026-09-15,ITRI,no_data_for_date,,,,,,,,,
2026-09-15,ITT,no_data_for_date,,,,,,,,,
2026-09-15,IVT,no_data_for_date,,,,,,,,,
2026-09-15,JAZZ,no_data_for_date,,,,,,,,,
2026-09-15,JBGS,no_data_for_date,,,,,,,,,
2026-09-15,JBLU,no_data_for_date,,,,,,,,,
2026-09-15,JBSS,no_data_for_date,,,,,,,,,
2026-09-15,JBTM,no_data_for_date,,,,,,,,,
2026-09-15,JEF,no_data_for_date,,,,,,,,,
2026-09-15,JJSF,no_data_for_date,,,,,,,,,
2026-09-15,JLL,no_data_for_date,,,,,,,,,
2026-09-15,JOE,no_data_for_date,,,,,,,,,
2026-09-15,JXN,no_data_for_date,,,,,,,,,
2026-09-15,KAI,no_data_for_date,,,,,,,,,
2026-09-15,KALU,no_data_for_date,,,,,,,,,
2026-09-15,KBH,no_data_for_date,,,,,,,,,
2026-09-15,KBR,no_data_for_date,,,,,,,,,
2026-09-15,KD,no_data_for_date,,,,,,,,,
2026-09-15,KEX,no_data_for_date,,,,,,,,,
2026-09-15,KFY,no_data_for_date,,,,,,,,,
2026-09-15,KGS,no_data_for_date,,,,,,,,,
2026-09-15,KLIC,no_data_for_date,,,,,,,,,
2026-09-15,KMPR,no_data_for_date,,,,,,,,,
2026-09-15,KMT,no_data_for_date,,,,,,,,,
2026-09-15,KMX,no_data_for_date,,,,,,,,,
2026-09-15,KNF,no_data_for_date,,,,,,,,,
2026-09-15,KNSL,no_data_for_date,,,,,,,,,
2026-09-15,KNTK,no_data_for_date,,,,,,,,,
2026-09-15,KNX,no_data_for_date,,,,,,,,,
2026-09-15,KN,no_data_for_date,,,,,,,,,
2026-09-15,KOP,no_data_for_date,,,,,,,,,
2026-09-15,KRC,no_data_for_date,,,,,,,,,
2026-09-15,KRG,no_data_for_date,,,,,,,,,
2026-09-15,KRMN,no_data_for_date,,,,,,,,,
2026-09-15,KRYS,no_data_for_date,,,,,,,,,
2026-09-15,KSS,no_data_for_date,,,,,,,,,
2026-09-15,KTB,no_data_for_date,,,,,,,,,
2026-09-15,KTOS,no_data_for_date,,,,,,,,,
2026-09-15,KWR,no_data_for_date,,,,,,,,,
2026-09-15,LAD,no_data_for_date,,,,,,,,,
2026-09-15,LAMR,no_data_for_date,,,,,,,,,
2026-09-15,LAUR,no_data_for_date,,,,,,,,,
2026-09-15,LAZ,no_data_for_date,,,,,,,,,
2026-09-15,LBRT,no_data_for_date,,,,,,,,,
2026-09-15,LCII,no_data_for_date,,,,,,,,,
2026-09-15,LEA,no_data_for_date,,,,,,,,,
2026-09-15,LECO,no_data_for_date,,,,,,,,,
2026-09-15,LEG,no_data_for_date,,,,,,,,,
2026-09-15,LEU,no_data_for_date,,,,,,,,,
2026-09-15,LFST,no_50ma_touch,,,,,,,,,
2026-09-15,LFUS,no_data_for_date,,,,,,,,,
2026-09-15,LGIH,no_data_for_date,,,,,,,,,
2026-09-15,LGND,no_data_for_date,,,,,,,,,
2026-09-15,LIF,no_data_for_date,,,,,,,,,
2026-09-15,LIVN,no_data_for_date,,,,,,,,,
2026-09-15,LKFN,no_data_for_date,,,,,,,,,
2026-09-15,LKQ,no_data_for_date,,,,,,,,,
2026-09-15,LMAT,no_data_for_date,,,,,,,,,
2026-09-15,LNC,no_data_for_date,,,,,,,,,
2026-09-15,LNN,no_data_for_date,,,,,,,,,
2026-09-15,LNTH,no_data_for_date,,,,,,,,,
2026-09-15,LOPE,no_data_for_date,,,,,,,,,
2026-09-15,LPG,no_data_for_date,,,,,,,,,
2026-09-15,LPX,no_data_for_date,,,,,,,,,
2026-09-15,LQDA,no_data_for_date,,,,,,,,,
2026-09-15,LQDT,no_data_for_date,,,,,,,,,
2026-09-15,LRN,no_data_for_date,,,,,,,,,
2026-09-15,LSCC,no_data_for_date,,,,,,,,,
2026-09-15,LSTR,no_data_for_date,,,,,,,,,
2026-09-15,LTC,no_data_for_date,,,,,,,,,
2026-09-15,LTH,no_data_for_date,,,,,,,,,
2026-09-15,LUMN,no_data_for_date,,,,,,,,,
2026-09-15,LW,no_data_for_date,,,,,,,,,
2026-09-15,LXP,no_data_for_date,,,,,,,,,
2026-09-15,LYFT,no_data_for_date,,,,,,,,,
2026-09-15,LZB,no_data_for_date,,,,,,,,,
2026-09-15,LZ,no_data_for_date,,,,,,,,,
2026-09-15,MAC,no_data_for_date,,,,,,,,,
2026-09-15,MANH,no_data_for_date,,,,,,,,,
2026-09-15,MAN,no_data_for_date,,,,,,,,,
2026-09-15,MARA,no_data_for_date,,,,,,,,,
2026-09-15,MATW,no_data_for_date,,,,,,,,,
2026-09-15,MATX,no_data_for_date,,,,,,,,,
2026-09-15,MAT,no_data_for_date,,,,,,,,,
2026-09-15,MBC,no_data_for_date,,,,,,,,,
2026-09-15,MBGL,no_data_for_date,,,,,,,,,
2026-09-15,MBIN,no_data_for_date,,,,,,,,,
2026-09-15,MCRI,no_data_for_date,,,,,,,,,
2026-09-15,MCY,no_data_for_date,,,,,,,,,
2026-09-15,MC,no_data_for_date,,,,,,,,,
2026-09-15,MDU,no_data_for_date,,,,,,,,,
2026-09-15,MD,no_data_for_date,,,,,,,,,
2026-09-15,MEDP,no_data_for_date,,,,,,,,,
2026-09-15,MFP,no_data_for_date,,,,,,,,,
2026-09-15,MGEE,no_data_for_date,,,,,,,,,
2026-09-15,MGNI,no_50ma_touch,,,,,,,,,
2026-09-15,MGY,no_data_for_date,,,,,,,,,
2026-09-15,MHK,no_data_for_date,,,,,,,,,
2026-09-15,MHO,no_data_for_date,,,,,,,,,
2026-09-15,MIDD,no_data_for_date,,,,,,,,,
2026-09-15,MIR,no_data_for_date,,,,,,,,,
2026-09-15,MKSI,no_data_for_date,,,,,,,,,
2026-09-15,MKTX,no_data_for_date,,,,,,,,,
2026-09-15,MLI,no_data_for_date,,,,,,,,,
2026-09-15,MLKN,no_data_for_date,,,,,,,,,
2026-09-15,MMI,no_data_for_date,,,,,,,,,
2026-09-15,MMSI,no_data_for_date,,,,,,,,,
2026-09-15,MMS,no_data_for_date,,,,,,,,,
2026-09-15,MOG-A,no_data_for_date,,,,,,,,,
2026-09-15,MOH,no_data_for_date,,,,,,,,,
2026-09-15,MORN,no_data_for_date,,,,,,,,,
2026-09-15,MPC,no_50ma_touch,,,,,,,,,
2026-09-15,MPT,no_data_for_date,,,,,,,,,
2026-09-15,MP,no_data_for_date,,,,,,,,,
2026-09-15,MRCY,no_data_for_date,,,,,,,,,
2026-09-15,MRP,no_data_for_date,,,,,,,,,
2026-09-15,MRTN,no_data_for_date,,,,,,,,,
2026-09-15,MSA,no_data_for_date,,,,,,,,,
2026-09-15,MSEX,no_data_for_date,,,,,,,,,
2026-09-15,MSGS,no_data_for_date,,,,,,,,,
2026-09-15,MSM,no_data_for_date,,,,,,,,,
2026-09-15,MTCH,no_data_for_date,,,,,,,,,
2026-09-15,MTDR,no_data_for_date,,,,,,,,,
2026-09-15,MTG,no_data_for_date,,,,,,,,,
2026-09-15,MTH,no_data_for_date,,,,,,,,,
2026-09-15,MTN,no_data_for_date,,,,,,,,,
2026-09-15,MTRN,no_data_for_date,,,,,,,,,
2026-09-15,MTSI,no_data_for_date,,,,,,,,,
2026-09-15,MTUS,no_data_for_date,,,,,,,,,
2026-09-15,MTX,no_data_for_date,,,,,,,,,
2026-09-15,MTZ,no_data_for_date,,,,,,,,,
2026-09-15,MUR,no_data_for_date,,,,,,,,,
2026-09-15,MUSA,no_data_for_date,,,,,,,,,
2026-09-15,MWA,no_data_for_date,,,,,,,,,
2026-09-15,MXL,no_data_for_date,,,,,,,,,
2026-09-15,MYRG,no_data_for_date,,,,,,,,,
2026-09-15,MZTI,no_data_for_date,,,,,,,,,
2026-09-15,M,no_data_for_date,,,,,,,,,
2026-09-15,NABL,no_data_for_date,,,,,,,,,
2026-09-15,NATL,no_data_for_date,,,,,,,,,
2026-09-15,NAT,momentum_screen,,,,,,,,,
2026-09-15,NAVI,no_data_for_date,,,,,,,,,
2026-09-15,NBHC,no_data_for_date,,,,,,,,,
2026-09-15,NBIX,no_data_for_date,,,,,,,,,
2026-09-15,NBTB,no_data_for_date,,,,,,,,,
2026-09-15,NEOG,no_data_for_date,,,,,,,,,
2026-09-15,NEO,no_50ma_touch,,,,,,,,,
2026-09-15,NEU,no_data_for_date,,,,,,,,,
2026-09-15,NE,no_data_for_date,,,,,,,,,
2026-09-15,NFG,no_data_for_date,,,,,,,,,
2026-09-15,NGVT,no_data_for_date,,,,,,,,,
2026-09-15,NHC,no_data_for_date,,,,,,,,,
2026-09-15,NHI,no_data_for_date,,,,,,,,,
2026-09-15,NIC,no_data_for_date,,,,,,,,,
2026-09-15,NJR,no_data_for_date,,,,,,,,,
2026-09-15,NLY,no_data_for_date,,,,,,,,,
2026-09-15,NMIH,no_data_for_date,,,,,,,,,
2026-09-15,NNN,no_data_for_date,,,,,,,,,
2026-09-15,NOG,no_data_for_date,,,,,,,,,
2026-09-15,NOVT,no_data_for_date,,,,,,,,,
2026-09-15,NOV,no_data_for_date,,,,,,,,,
2026-09-15,NPK,no_data_for_date,,,,,,,,,
2026-09-15,NPO,no_data_for_date,,,,,,,,,
2026-09-15,NSIT,no_data_for_date,,,,,,,,,
2026-09-15,NSP,no_data_for_date,,,,,,,,,
2026-09-15,NSSC,no_data_for_date,,,,,,,,,
2026-09-15,NTAP,no_50ma_touch,,,,,,,,,
2026-09-15,NTCT,no_data_for_date,,,,,,,,,
2026-09-15,NTNX,no_50ma_touch,,,,,,,,,
2026-09-15,NTST,no_data_for_date,,,,,,,,,
2026-09-15,NVST,no_data_for_date,,,,,,,,,
2026-09-15,NVT,no_data_for_date,,,,,,,,,
2026-09-15,NWBI,no_data_for_date,,,,,,,,,
2026-09-15,NWE,no_data_for_date,,,,,,,,,
2026-09-15,NWL,no_data_for_date,,,,,,,,,
2026-09-15,NWN,no_data_for_date,,,,,,,,,
2026-09-15,NXDR,no_spy_data,,2.3682,0.1031,4.3547,,,,,
2026-09-15,NXRT,no_data_for_date,,,,,,,,,
2026-09-15,NXST,no_data_for_date,,,,,,,,,
2026-09-15,NXT,no_data_for_date,,,,,,,,,
2026-09-15,NX,no_data_for_date,,,,,,,,,
2026-09-15,NYT,no_data_for_date,,,,,,,,,
2026-09-15,OABI,no_50ma_touch,,,,,,,,,
2026-09-15,OC,no_data_for_date,,,,,,,,,
2026-09-15,OFG,no_data_for_date,,,,,,,,,
2026-09-15,OGE,no_data_for_date,,,,,,,,,
2026-09-15,OGN,no_data_for_date,,,,,,,,,
2026-09-15,OGS,no_data_for_date,,,,,,,,,
2026-09-15,OHI,no_data_for_date,,,,,,,,,
2026-09-15,OII,no_data_for_date,,,,,,,,,
2026-09-15,OI,no_data_for_date,,,,,,,,,
2026-09-15,OKTA,no_50ma_touch,,,,,,,,,
2026-09-15,OLED,no_data_for_date,,,,,,,,,
2026-09-15,OLLI,no_data_for_date,,,,,,,,,
2026-09-15,OLN,no_data_for_date,,,,,,,,,
2026-09-15,OMCL,no_data_for_date,,,,,,,,,
2026-09-15,ONB,no_data_for_date,,,,,,,,,
2026-09-15,ONTO,no_data_for_date,,,,,,,,,
2026-09-15,OPCH,no_data_for_date,,,,,,,,,
2026-09-15,OPLN,no_data_for_date,,,,,,,,,
2026-09-15,ORA,no_data_for_date,,,,,,,,,
2026-09-15,ORI,no_data_for_date,,,,,,,,,
2026-09-15,OSCR,no_50ma_touch,,,,,,,,,
2026-09-15,OSIS,no_data_for_date,,,,,,,,,
2026-09-15,OSK,no_data_for_date,,,,,,,,,
2026-09-15,OSW,no_data_for_date,,,,,,,,,
2026-09-15,OTTR,no_data_for_date,,,,,,,,,
2026-09-15,OUT,no_data_for_date,,,,,,,,,
2026-09-15,OVV,no_data_for_date,,,,,,,,,
2026-09-15,OZK,no_data_for_date,,,,,,,,,
2026-09-15,PAG,no_data_for_date,,,,,,,,,
2026-09-15,PAHC,no_data_for_date,,,,,,,,,
2026-09-15,PANW,no_50ma_touch,,,,,,,,,
2026-09-15,PARR,no_data_for_date,,,,,,,,,
2026-09-15,PATH,no_data_for_date,,,,,,,,,
2026-09-15,PATK,no_data_for_date,,,,,,,,,
2026-09-15,PAYC,no_data_for_date,,,,,,,,,
2026-09-15,PAYO,no_data_for_date,,,,,,,,,
2026-09-15,PAY,no_data_for_date,,,,,,,,,
2026-09-15,PBF,no_50ma_touch,,,,,,,,,
2026-09-15,PBH,no_data_for_date,,,,,,,,,
2026-09-15,PBI,no_data_for_date,,,,,,,,,
2026-09-15,PB,no_data_for_date,,,,,,,,,
2026-09-15,PCRX,no_data_for_date,,,,,,,,,
2026-09-15,PCTY,no_data_for_date,,,,,,,,,
2026-09-15,PDFS,no_data_for_date,,,,,,,,,
2026-09-15,PD,no_50ma_touch,,,,,,,,,
2026-09-15,PEB,no_data_for_date,,,,,,,,,
2026-09-15,PECO,no_data_for_date,,,,,,,,,
2026-09-15,PEGA,no_data_for_date,,,,,,,,,
2026-09-15,PENG,no_data_for_date,,,,,,,,,
2026-09-15,PENN,no_data_for_date,,,,,,,,,
2026-09-15,PEN,no_data_for_date,,,,,,,,,
2026-09-15,PFBC,no_data_for_date,,,,,,,,,
2026-09-15,PFGC,no_data_for_date,,,,,,,,,
2026-09-15,PFS,no_data_for_date,,,,,,,,,
2026-09-15,PGNY,no_data_for_date,,,,,,,,,
2026-09-15,PHIN,no_data_for_date,,,,,,,,,
2026-09-15,PII,no_data_for_date,,,,,,,,,
2026-09-15,PINS,no_data_for_date,,,,,,,,,
2026-09-15,PIPR,no_data_for_date,,,,,,,,,
2026-09-15,PI,no_data_for_date,,,,,,,,,
2026-09-15,PJT,no_data_for_date,,,,,,,,,
2026-09-15,PK,no_data_for_date,,,,,,,,,
2026-09-15,PLAB,no_data_for_date,,,,,,,,,
2026-09-15,PLMR,no_data_for_date,,,,,,,,,
2026-09-15,PLNT,no_data_for_date,,,,,,,,,
2026-09-15,PLUS,no_data_for_date,,,,,,,,,
2026-09-15,PLXS,no_data_for_date,,,,,,,,,
2026-09-15,PMT,no_data_for_date,,,,,,,,,
2026-09-15,PNFP,no_data_for_date,,,,,,,,,
2026-09-15,POOL,no_data_for_date,,,,,,,,,
2026-09-15,POR,no_data_for_date,,,,,,,,,
2026-09-15,POST,no_data_for_date,,,,,,,,,
2026-09-15,POWI,no_data_for_date,,,,,,,,,
2026-09-15,POWL,no_data_for_date,,,,,,,,,
2026-09-15,PPC,no_data_for_date,,,,,,,,,
2026-09-15,PPLI,no_data_for_date,,,,,,,,,
2026-09-15,PRCH,no_50ma_touch,,,,,,,,,
2026-09-15,PRDO,no_data_for_date,,,,,,,,,
2026-09-15,PRGO,no_data_for_date,,,,,,,,,
2026-09-15,PRGS,no_data_for_date,,,,,,,,,
2026-09-15,PRG,no_data_for_date,,,,,,,,,
2026-09-15,PRIM,no_data_for_date,,,,,,,,,
2026-09-15,PRI,no_data_for_date,,,,,,,,,
2026-09-15,PRKS,no_data_for_date,,,,,,,,,
2026-09-15,PRK,no_data_for_date,,,,,,,,,
2026-09-15,PRLB,no_data_for_date,,,,,,,,,
2026-09-15,PRSU,no_data_for_date,,,,,,,,,
2026-09-15,PRVA,no_data_for_date,,,,,,,,,
2026-09-15,PR,no_data_for_date,,,,,,,,,
2026-09-15,PSMT,no_data_for_date,,,,,,,,,
2026-09-15,PSN,no_data_for_date,,,,,,,,,
2026-09-15,PSX,no_50ma_touch,,,,,,,,,
2026-09-15,PTCT,no_data_for_date,,,,,,,,,
2026-09-15,PTEN,no_data_for_date,,,,,,,,,
2026-09-15,PTGX,no_data_for_date,,,,,,,,,
2026-09-15,PTON,no_data_for_date,,,,,,,,,
2026-09-15,PVH,no_data_for_date,,,,,,,,,
2026-09-15,PZZA,no_data_for_date,,,,,,,,,
2026-09-15,P,no_data_for_date,,,,,,,,,
2026-09-15,QDEL,no_data_for_date,,,,,,,,,
2026-09-15,QLYS,no_data_for_date,,,,,,,,,
2026-09-15,QNST,no_data_for_date,,,,,,,,,
2026-09-15,QRVO,no_data_for_date,,,,,,,,,
2026-09-15,QTWO,no_data_for_date,,,,,,,,,
2026-09-15,RAL,no_data_for_date,,,,,,,,,
2026-09-15,RAMP,no_data_for_date,,,,,,,,,
2026-09-15,RBA,no_data_for_date,,,,,,,,,
2026-09-15,RBC,no_data_for_date,,,,,,,,,
2026-09-15,RCUS,no_data_for_date,,,,,,,,,
2026-09-15,RDNT,no_data_for_date,,,,,,,,,
2026-09-15,RDN,no_data_for_date,,,,,,,,,
2026-09-15,RELY,no_data_for_date,,,,,,,,,
2026-09-15,RES,no_data_for_date,,,,,,,,,
2026-09-15,REXR,no_data_for_date,,,,,,,,,
2026-09-15,REX,no_data_for_date,,,,,,,,,
2026-09-15,REYN,no_data_for_date,,,,,,,,,
2026-09-15,REZI,no_data_for_date,,,,,,,,,
2026-09-15,RGA,no_data_for_date,,,,,,,,,
2026-09-15,RGEN,no_data_for_date,,,,,,,,,
2026-09-15,RGLD,no_data_for_date,,,,,,,,,
2026-09-15,RHI,no_data_for_date,,,,,,,,,
2026-09-15,RHP,no_data_for_date,,,,,,,,,
2026-09-15,RH,no_data_for_date,,,,,,,,,
2026-09-15,RITM,no_data_for_date,,,,,,,,,
2026-09-15,RLI,no_data_for_date,,,,,,,,,
2026-09-15,RMBS,no_data_for_date,,,,,,,,,
2026-09-15,RNG,no_data_for_date,,,,,,,,,
2026-09-15,RNR,no_data_for_date,,,,,,,,,
2026-09-15,RNST,no_data_for_date,,,,,,,,,
2026-09-15,ROAD,no_data_for_date,,,,,,,,,
2026-09-15,ROCK,no_data_for_date,,,,,,,,,
2026-09-15,ROG,no_data_for_date,,,,,,,,,
2026-09-15,ROIV,no_data_for_date,,,,,,,,,
2026-09-15,ROKU,no_50ma_touch,,,,,,,,,
2026-09-15,RPM,no_data_for_date,,,,,,,,,
2026-09-15,RRC,no_data_for_date,,,,,,,,,
2026-09-15,RRR,no_data_for_date,,,,,,,,,
2026-09-15,RRX,no_data_for_date,,,,,,,,,
2026-09-15,RSI,no_data_for_date,,,,,,,,,
2026-09-15,RS,no_data_for_date,,,,,,,,,
2026-09-15,RUM,no_50ma_touch,,,,,,,,,
2026-09-15,RUN,no_data_for_date,,,,,,,,,
2026-09-15,RUSHA,no_data_for_date,,,,,,,,,
2026-09-15,RXO,no_data_for_date,,,,,,,,,
2026-09-15,RYAN,no_data_for_date,,,,,,,,,
2026-09-15,RYN,no_data_for_date,,,,,,,,,
2026-09-15,R,no_data_for_date,,,,,,,,,
2026-09-15,SABR,no_data_for_date,,,,,,,,,
2026-09-15,SAFE,no_data_for_date,,,,,,,,,
2026-09-15,SAFT,no_data_for_date,,,,,,,,,
2026-09-15,SAH,no_data_for_date,,,,,,,,,
2026-09-15,SAIA,no_data_for_date,,,,,,,,,
2026-09-15,SAIC,no_data_for_date,,,,,,,,,
2026-09-15,SAM,no_data_for_date,,,,,,,,,
2026-09-15,SANM,no_data_for_date,,,,,,,,,
2026-09-15,SARO,no_data_for_date,,,,,,,,,
2026-09-15,SBCF,no_data_for_date,,,,,,,,,
2026-09-15,SBH,no_data_for_date,,,,,,,,,
2026-09-15,SBRA,no_data_for_date,,,,,,,,,
2026-09-15,SBSI,no_data_for_date,,,,,,,,,
2026-09-15,SCHL,no_data_for_date,,,,,,,,,
2026-09-15,SCI,no_data_for_date,,,,,,,,,
2026-09-15,SCL,no_data_for_date,,,,,,,,,
2026-09-15,SCSC,no_data_for_date,,,,,,,,,
2026-09-15,SDGR,no_50ma_touch,,,,,,,,,
2026-09-15,SEDG,no_data_for_date,,,,,,,,,
2026-09-15,SEIC,no_data_for_date,,,,,,,,,
2026-09-15,SEI,no_data_for_date,,,,,,,,,
2026-09-15,SEZL,no_data_for_date,,,,,,,,,
2026-09-15,SFBS,no_data_for_date,,,,,,,,,
2026-09-15,SFM,no_data_for_date,,,,,,,,,
2026-09-15,SFNC,no_data_for_date,,,,,,,,,
2026-09-15,SF,no_data_for_date,,,,,,,,,
2026-09-15,SGI,no_data_for_date,,,,,,,,,
2026-09-15,SHAK,no_data_for_date,,,,,,,,,
2026-09-15,SHC,no_data_for_date,,,,,,,,,
2026-09-15,SHEN,no_data_for_date,,,,,,,,,
2026-09-15,SHOO,no_data_for_date,,,,,,,,,
2026-09-15,SHO,no_data_for_date,,,,,,,,,
2026-09-15,SIGI,no_data_for_date,,,,,,,,,
2026-09-15,SIG,no_data_for_date,,,,,,,,,
2026-09-15,SIRI,no_data_for_date,,,,,,,,,
2026-09-15,SITM,no_data_for_date,,,,,,,,,
2026-09-15,SKT,no_data_for_date,,,,,,,,,
2026-09-15,SKYW,no_data_for_date,,,,,,,,,
2026-09-15,SKY,no_data_for_date,,,,,,,,,
2026-09-15,SLAB,no_data_for_date,,,,,,,,,
2026-09-15,SLGN,no_data_for_date,,,,,,,,,
2026-09-15,SLG,no_data_for_date,,,,,,,,,
2026-09-15,SLM,no_data_for_date,,,,,,,,,
2026-09-15,SLVM,no_data_for_date,,,,,,,,,
2026-09-15,SMG,no_data_for_date,,,,,,,,,
2026-09-15,SMPL,no_data_for_date,,,,,,,,,
2026-09-15,SMP,no_data_for_date,,,,,,,,,
2026-09-15,SMTC,no_data_for_date,,,,,,,,,
2026-09-15,SM,no_data_for_date,,,,,,,,,
2026-09-15,SNDR,no_data_for_date,,,,,,,,,
2026-09-15,SNEX,no_data_for_date,,,,,,,,,
2026-09-15,SNOW,no_50ma_touch,,,,,,,,,
2026-09-15,SNX,no_data_for_date,,,,,,,,,
2026-09-15,SN,no_data_for_date,,,,,,,,,
2026-09-15,SOLS,no_data_for_date,,,,,,,,,
2026-09-15,SONO,no_data_for_date,,,,,,,,,
2026-09-15,SON,no_data_for_date,,,,,,,,,
2026-09-15,SPHR,no_data_for_date,,,,,,,,,
2026-09-15,SPNT,no_data_for_date,,,,,,,,,
2026-09-15,SPSC,no_data_for_date,,,,,,,,,
2026-09-15,SPXC,no_data_for_date,,,,,,,,,
2026-09-15,SRPT,no_data_for_date,,,,,,,,,
2026-09-15,SR,no_data_for_date,,,,,,,,,
2026-09-15,SSB,no_data_for_date,,,,,,,,,
2026-09-15,SSD,no_data_for_date,,,,,,,,,
2026-09-15,STAA,no_data_for_date,,,,,,,,,
2026-09-15,STAG,no_data_for_date,,,,,,,,,
2026-09-15,STBA,no_data_for_date,,,,,,,,,
2026-09-15,STC,no_data_for_date,,,,,,,,,
2026-09-15,STEP,no_data_for_date,,,,,,,,,
2026-09-15,STIM,no_50ma_touch,,,,,,,,,
2026-09-15,STRA,no_data_for_date,,,,,,,,,
2026-09-15,STRL,no_data_for_date,,,,,,,,,
2026-09-15,STWD,no_data_for_date,,,,,,,,,
2026-09-15,ST,no_data_for_date,,,,,,,,,
2026-09-15,SUI,no_data_for_date,,,,,,,,,
2026-09-15,SUPN,no_data_for_date,,,,,,,,,
2026-09-15,SWX,no_data_for_date,,,,,,,,,
2026-09-15,SXI,no_data_for_date,,,,,,,,,
2026-09-15,SXT,no_data_for_date,,,,,,,,,
2026-09-15,SYNA,no_data_for_date,,,,,,,,,
2026-09-15,TALO,no_data_for_date,,,,,,,,,
2026-09-15,TBBK,no_data_for_date,,,,,,,,,
2026-09-15,TCBI,no_data_for_date,,,,,,,,,
2026-09-15,TDC,no_data_for_date,,,,,,,,,
2026-09-15,TDS,no_data_for_date,,,,,,,,,
2026-09-15,TDW,no_data_for_date,,,,,,,,,
2026-09-15,TEAM,no_50ma_touch,,,,,,,,,
2026-09-15,TEX,no_data_for_date,,,,,,,,,
2026-09-15,TFIN,no_data_for_date,,,,,,,,,
2026-09-15,TFX,no_data_for_date,,,,,,,,,
2026-09-15,TGTX,no_data_for_date,,,,,,,,,
2026-09-15,TGT,no_data_for_date,,,,,,,,,
2026-09-15,THC,no_data_for_date,,,,,,,,,
2026-09-15,THG,no_data_for_date,,,,,,,,,
2026-09-15,THO,no_data_for_date,,,,,,,,,
2026-09-15,THRM,no_data_for_date,,,,,,,,,
2026-09-15,TILE,no_data_for_date,,,,,,,,,
2026-09-15,TKR,no_data_for_date,,,,,,,,,
2026-09-15,TLN,no_data_for_date,,,,,,,,,
2026-09-15,TMDX,no_data_for_date,,,,,,,,,
2026-09-15,TMP,no_data_for_date,,,,,,,,,
2026-09-15,TNC,no_data_for_date,,,,,,,,,
2026-09-15,TNDM,no_data_for_date,,,,,,,,,
2026-09-15,TNL,no_data_for_date,,,,,,,,,
2026-09-15,TOL,no_data_for_date,,,,,,,,,
2026-09-15,TOST,no_data_for_date,,,,,,,,,
2026-09-15,TPC,no_data_for_date,,,,,,,,,
2026-09-15,TREX,no_data_for_date,,,,,,,,,
2026-09-15,TRIP,no_data_for_date,,,,,,,,,
2026-09-15,TRMK,no_data_for_date,,,,,,,,,
2026-09-15,TRNO,no_data_for_date,,,,,,,,,
2026-09-15,TRN,no_data_for_date,,,,,,,,,
2026-09-15,TRST,no_data_for_date,,,,,,,,,
2026-09-15,TRUP,no_data_for_date,,,,,,,,,
2026-09-15,TRU,no_data_for_date,,,,,,,,,
2026-09-15,TR,no_data_for_date,,,,,,,,,
2026-09-15,TTC,no_data_for_date,,,,,,,,,
2026-09-15,TTEK,no_data_for_date,,,,,,,,,
2026-09-15,TTMI,no_data_for_date,,,,,,,,,
2026-09-15,TVTX,no_50ma_touch,,,,,,,,,
2026-09-15,TWLO,no_data_for_date,,,,,,,,,
2026-09-15,TWST,no_50ma_touch,,,,,,,,,
2026-09-15,TXNM,no_data_for_date,,,,,,,,,
2026-09-15,TXRH,no_data_for_date,,,,,,,,,
2026-09-15,UAA,no_data_for_date,,,,,,,,,
2026-09-15,UA,no_data_for_date,,,,,,,,,
2026-09-15,UBSI,no_data_for_date,,,,,,,,,
2026-09-15,UCB,no_data_for_date,,,,,,,,,
2026-09-15,UCTT,no_data_for_date,,,,,,,,,
2026-09-15,UE,no_data_for_date,,,,,,,,,
2026-09-15,UFCS,no_data_for_date,,,,,,,,,
2026-09-15,UFPI,no_data_for_date,,,,,,,,,
2026-09-15,UFPT,no_data_for_date,,,,,,,,,
2026-09-15,UGI,no_data_for_date,,,,,,,,,
2026-09-15,ULS,no_data_for_date,,,,,,,,,
2026-09-15,UMBF,no_data_for_date,,,,,,,,,
2026-09-15,UNFI,no_data_for_date,,,,,,,,,
2026-09-15,UNF,no_data_for_date,,,,,,,,,
2026-09-15,UNIT,no_data_for_date,,,,,,,,,
2026-09-15,UNM,no_data_for_date,,,,,,,,,
2026-09-15,UPBD,no_data_for_date,,,,,,,,,
2026-09-15,UPWK,no_data_for_date,,,,,,,,,
2026-09-15,URBN,no_data_for_date,,,,,,,,,
2026-09-15,USFD,no_data_for_date,,,,,,,,,
2026-09-15,USLM,no_data_for_date,,,,,,,,,
2026-09-15,USPH,no_data_for_date,,,,,,,,,
2026-09-15,UTHR,no_data_for_date,,,,,,,,,
2026-09-15,UTI,no_data_for_date,,,,,,,,,
2026-09-15,UTL,no_data_for_date,,,,,,,,,
2026-09-15,UTZ,no_50ma_touch,,,,,,,,,
2026-09-15,UVV,no_data_for_date,,,,,,,,,
2026-09-15,U,no_50ma_touch,,,,,,,,,
2026-09-15,VAC,no_data_for_date,,,,,,,,,
2026-09-15,VAL,no_data_for_date,,,,,,,,,
2026-09-15,VCEL,no_data_for_date,,,,,,,,,
2026-09-15,VCTR,no_data_for_date,,,,,,,,,
2026-09-15,VCYT,no_data_for_date,,,,,,,,,
2026-09-15,VC,no_data_for_date,,,,,,,,,
2026-09-15,VECO,no_data_for_date,,,,,,,,,
2026-09-15,VFC,no_data_for_date,,,,,,,,,
2026-09-15,VGNT,no_data_for_date,,,,,,,,,
2026-09-15,VIAV,no_data_for_date,,,,,,,,,
2026-09-15,VICR,no_data_for_date,,,,,,,,,
2026-09-15,VIRT,no_data_for_date,,,,,,,,,
2026-09-15,VIR,no_data_for_date,,,,,,,,,
2026-09-15,VLO,no_50ma_touch,,,,,,,,,
2026-09-15,VLY,no_data_for_date,,,,,,,,,
2026-09-15,VMI,no_data_for_date,,,,,,,,,
2026-09-15,VNOM,no_data_for_date,,,,,,,,,
2026-09-15,VNO,no_data_for_date,,,,,,,,,
2026-09-15,VNT,no_data_for_date,,,,,,,,,
2026-09-15,VOYA,no_data_for_date,,,,,,,,,
2026-09-15,VRRM,no_data_for_date,,,,,,,,,
2026-09-15,VRTS,no_data_for_date,,,,,,,,,
2026-09-15,VSAT,no_data_for_date,,,,,,,,,
2026-09-15,VSEC,no_data_for_date,,,,,,,,,
2026-09-15,VSH,no_data_for_date,,,,,,,,,
2026-09-15,VSNT,no_data_for_date,,,,,,,,,
2026-09-15,VSTS,no_data_for_date,,,,,,,,,
2026-09-15,VSXY,no_data_for_date,,,,,,,,,
2026-09-15,VTOL,no_data_for_date,,,,,,,,,
2026-09-15,VVV,no_data_for_date,,,,,,,,,
2026-09-15,VVX,no_data_for_date,,,,,,,,,
2026-09-15,VYX,no_data_for_date,,,,,,,,,
2026-09-15,WABC,no_data_for_date,,,,,,,,,
2026-09-15,WAFD,no_data_for_date,,,,,,,,,
2026-09-15,WAL,no_data_for_date,,,,,,,,,
2026-09-15,WAY,no_data_for_date,,,,,,,,,
2026-09-15,WBS,no_data_for_date,,,,,,,,,
2026-09-15,WCC,no_data_for_date,,,,,,,,,
2026-09-15,WDFC,no_data_for_date,,,,,,,,,
2026-09-15,WD,no_data_for_date,,,,,,,,,
2026-09-15,WEN,no_data_for_date,,,,,,,,,
2026-09-15,WERN,no_data_for_date,,,,,,,,,
2026-09-15,WEX,no_data_for_date,,,,,,,,,
2026-09-15,WFRD,no_data_for_date,,,,,,,,,
2026-09-15,WGO,no_data_for_date,,,,,,,,,
2026-09-15,WHD,no_data_for_date,,,,,,,,,
2026-09-15,WHR,no_data_for_date,,,,,,,,,
2026-09-15,WH,no_data_for_date,,,,,,,,,
2026-09-15,WINA,no_data_for_date,,,,,,,,,
2026-09-15,WING,no_data_for_date,,,,,,,,,
2026-09-15,WKC,no_data_for_date,,,,,,,,,
2026-09-15,WLK,no_data_for_date,,,,,,,,,
2026-09-15,WLY,no_data_for_date,,,,,,,,,
2026-09-15,WMG,no_data_for_date,,,,,,,,,
2026-09-15,WMS,no_data_for_date,,,,,,,,,
2026-09-15,WOR,no_data_for_date,,,,,,,,,
2026-09-15,WPC,no_data_for_date,,,,,,,,,
2026-09-15,WRBY,no_data_for_date,,,,,,,,,
2026-09-15,WRLD,no_data_for_date,,,,,,,,,
2026-09-15,WSBC,no_data_for_date,,,,,,,,,
2026-09-15,WSC,no_data_for_date,,,,,,,,,
2026-09-15,WSFS,no_data_for_date,,,,,,,,,
2026-09-15,WSO,no_data_for_date,,,,,,,,,
2026-09-15,WS,no_data_for_date,,,,,,,,,
2026-09-15,WTFC,no_data_for_date,,,,,,,,,
2026-09-15,WTRG,no_data_for_date,,,,,,,,,
2026-09-15,WTS,no_data_for_date,,,,,,,,,
2026-09-15,WT,no_data_for_date,,,,,,,,,
2026-09-15,WU,no_data_for_date,,,,,,,,,
2026-09-15,WWD,no_data_for_date,,,,,,,,,
2026-09-15,WWW,no_data_for_date,,,,,,,,,
2026-09-15,XHR,no_data_for_date,,,,,,,,,
2026-09-15,XNCR,no_data_for_date,,,,,,,,,
2026-09-15,XPEL,no_data_for_date,,,,,,,,,
2026-09-15,XPO,no_data_for_date,,,,,,,,,
2026-09-15,XRAY,no_data_for_date,,,,,,,,,
2026-09-15,XRX,no_50ma_touch,,,,,,,,,
2026-09-15,YELP,no_data_for_date,,,,,,,,,
2026-09-15,YETI,no_data_for_date,,,,,,,,,
2026-09-15,YOU,no_data_for_date,,,,,,,,,
2026-09-15,ZD,no_data_for_date,,,,,,,,,
2026-09-15,ZION,no_data_for_date,,,,,,,,,
2026-09-15,ZWS,no_data_for_date,,,,,,,,,
2026-09-16,AAL,no_data_for_date,,,,,,,,,
2026-09-16,AAMI,no_data_for_date,,,,,,,,,
2026-09-16,AAON,no_data_for_date,,,,,,,,,
2026-09-16,AAP,no_data_for_date,,,,,,,,,
2026-09-16,AAT,no_data_for_date,,,,,,,,,
2026-09-16,AA,no_data_for_date,,,,,,,,,
2026-09-16,ABCB,no_data_for_date,,,,,,,,,
2026-09-16,ABCL,no_50ma_touch,,,,,,,,,
2026-09-16,ABG,no_data_for_date,,,,,,,,,
2026-09-16,ABM,no_data_for_date,,,,,,,,,
2026-09-16,ABR,no_data_for_date,,,,,,,,,
2026-09-16,ACAD,no_data_for_date,,,,,,,,,
2026-09-16,ACA,no_data_for_date,,,,,,,,,
2026-09-16,ACHC,no_data_for_date,,,,,,,,,
2026-09-16,ACIW,no_data_for_date,,,,,,,,,
2026-09-16,ACI,no_data_for_date,,,,,,,,,
2026-09-16,ACLS,no_data_for_date,,,,,,,,,
2026-09-16,ACMR,no_data_for_date,,,,,,,,,
2026-09-16,ACM,no_data_for_date,,,,,,,,,
2026-09-16,ACT,no_data_for_date,,,,,,,,,
2026-09-16,ADAM,no_data_for_date,,,,,,,,,
2026-09-16,ADC,no_data_for_date,,,,,,,,,
2026-09-16,ADEA,no_data_for_date,,,,,,,,,
2026-09-16,ADIG,no_data_for_date,,,,,,,,,
2026-09-16,ADMA,no_data_for_date,,,,,,,,,
2026-09-16,ADNT,no_data_for_date,,,,,,,,,
2026-09-16,ADP,no_data_for_date,,,,,,,,,
2026-09-16,ADT,no_data_for_date,,,,,,,,,
2026-09-16,ADUS,no_data_for_date,,,,,,,,,
2026-09-16,AEIS,no_data_for_date,,,,,,,,,
2026-09-16,AEO,no_data_for_date,,,,,,,,,
2026-09-16,AESI,no_data_for_date,,,,,,,,,
2026-09-16,AFG,no_data_for_date,,,,,,,,,
2026-09-16,AGCO,no_data_for_date,,,,,,,,,
2026-09-16,AGNT,no_data_for_date,,,,,,,,,
2026-09-16,AGO,no_data_for_date,,,,,,,,,
2026-09-16,AGX,no_data_for_date,,,,,,,,,
2026-09-16,AGYS,no_data_for_date,,,,,,,,,
2026-09-16,AHCO,no_data_for_date,,,,,,,,,
2026-09-16,AHR,no_data_for_date,,,,,,,,,
2026-09-16,AIN,no_data_for_date,,,,,,,,,
2026-09-16,AIR,no_data_for_date,,,,,,,,,
2026-09-16,AIT,no_data_for_date,,,,,,,,,
2026-09-16,AKR,no_data_for_date,,,,,,,,,
2026-09-16,ALGM,no_data_for_date,,,,,,,,,
2026-09-16,ALGT,no_data_for_date,,,,,,,,,
2026-09-16,ALG,no_data_for_date,,,,,,,,,
2026-09-16,ALHC,no_data_for_date,,,,,,,,,
2026-09-16,ALKS,no_data_for_date,,,,,,,,,
2026-09-16,ALK,no_data_for_date,,,,,,,,,
2026-09-16,ALLY,no_data_for_date,,,,,,,,,
2026-09-16,ALRM,no_data_for_date,,,,,,,,,
2026-09-16,ALSN,no_data_for_date,,,,,,,,,
2026-09-16,ALV,no_data_for_date,,,,,,,,,
2026-09-16,AMC,no_50ma_touch,,,,,,,,,
2026-09-16,AMG,no_data_for_date,,,,,,,,,
2026-09-16,AMH,no_data_for_date,,,,,,,,,
2026-09-16,AMKR,no_data_for_date,,,,,,,,,
2026-09-16,AMLX,no_50ma_touch,,,,,,,,,
2026-09-16,AMN,no_data_for_date,,,,,,,,,
2026-09-16,AMPH,no_data_for_date,,,,,,,,,
2026-09-16,AMRX,no_data_for_date,,,,,,,,,
2026-09-16,AMR,no_data_for_date,,,,,,,,,
2026-09-16,AMSF,no_data_for_date,,,,,,,,,
2026-09-16,AMTM,no_data_for_date,,,,,,,,,
2026-09-16,AM,no_data_for_date,,,,,,,,,
2026-09-16,ANDE,no_data_for_date,,,,,,,,,
2026-09-16,ANF,no_data_for_date,,,,,,,,,
2026-09-16,ANIP,no_data_for_date,,,,,,,,,
2026-09-16,AN,no_data_for_date,,,,,,,,,
2026-09-16,AORT,no_data_for_date,,,,,,,,,
2026-09-16,AOSL,no_data_for_date,,,,,,,,,
2026-09-16,APAM,no_data_for_date,,,,,,,,,
2026-09-16,APG,no_data_for_date,,,,,,,,,
2026-09-16,APLE,no_data_for_date,,,,,,,,,
2026-09-16,APOG,no_data_for_date,,,,,,,,,
2026-09-16,APPF,no_data_for_date,,,,,,,,,
2026-09-16,APPS,momentum_screen,,,,,,,,,
2026-09-16,ARCB,no_data_for_date,,,,,,,,,
2026-09-16,ARLO,no_data_for_date,,,,,,,,,
2026-09-16,ARMK,no_data_for_date,,,,,,,,,
2026-09-16,AROC,no_data_for_date,,,,,,,,,
2026-09-16,ARR,no_data_for_date,,,,,,,,,
2026-09-16,ARWR,no_data_for_date,,,,,,,,,
2026-09-16,ARW,no_data_for_date,,,,,,,,,
2026-09-16,AR,no_data_for_date,,,,,,,,,
2026-09-16,ASB,no_data_for_date,,,,,,,,,
2026-09-16,ASH,no_data_for_date,,,,,,,,,
2026-09-16,ASO,no_data_for_date,,,,,,,,,
2026-09-16,ASTE,no_data_for_date,,,,,,,,,
2026-09-16,ASTH,no_data_for_date,,,,,,,,,
2026-09-16,ATEN,no_data_for_date,,,,,,,,,
2026-09-16,ATI,no_data_for_date,,,,,,,,,
2026-09-16,ATMU,no_data_for_date,,,,,,,,,
2026-09-16,ATRC,no_50ma_touch,,,,,,,,,
2026-09-16,ATR,no_data_for_date,,,,,,,,,
2026-09-16,AUB,no_data_for_date,,,,,,,,,
2026-09-16,AVAH,no_50ma_touch,,,,,,,,,
2026-09-16,AVAV,no_data_for_date,,,,,,,,,
2026-09-16,AVA,no_data_for_date,,,,,,,,,
2026-09-16,AVNT,no_data_for_date,,,,,,,,,
2026-09-16,AVTR,no_data_for_date,,,,,,,,,
2026-09-16,AVT,no_data_for_date,,,,,,,,,
2026-09-16,AWI,no_data_for_date,,,,,,,,,
2026-09-16,AWR,no_data_for_date,,,,,,,,,
2026-09-16,AXTA,no_data_for_date,,,,,,,,,
2026-09-16,AX,no_data_for_date,,,,,,,,,
2026-09-16,AYI,no_data_for_date,,,,,,,,,
2026-09-16,AZTA,no_data_for_date,,,,,,,,,
2026-09-16,AZZ,no_data_for_date,,,,,,,,,
2026-09-16,BAH,no_data_for_date,,,,,,,,,
2026-09-16,BANC,no_data_for_date,,,,,,,,,
2026-09-16,BANF,no_data_for_date,,,,,,,,,
2026-09-16,BANR,no_data_for_date,,,,,,,,,
2026-09-16,BBT,no_data_for_date,,,,,,,,,
2026-09-16,BBWI,no_data_for_date,,,,,,,,,
2026-09-16,BCC,no_data_for_date,,,,,,,,,
2026-09-16,BCO,no_data_for_date,,,,,,,,,
2026-09-16,BCPC,no_data_for_date,,,,,,,,,
2026-09-16,BC,no_data_for_date,,,,,,,,,
2026-09-16,BDC,no_data_for_date,,,,,,,,,
2026-09-16,BFAM,no_data_for_date,,,,,,,,,
2026-09-16,BFH,no_data_for_date,,,,,,,,,
2026-09-16,BFS,no_data_for_date,,,,,,,,,
2026-09-16,BGC,no_data_for_date,,,,,,,,,
2026-09-16,BHE,no_data_for_date,,,,,,,,,
2026-09-16,BHF,no_data_for_date,,,,,,,,,
2026-09-16,BILL,no_data_for_date,,,,,,,,,
2026-09-16,BIO,no_data_for_date,,,,,,,,,
2026-09-16,BJRI,no_data_for_date,,,,,,,,,
2026-09-16,BJ,no_data_for_date,,,,,,,,,
2026-09-16,BKE,no_data_for_date,,,,,,,,,
2026-09-16,BKH,no_data_for_date,,,,,,,,,
2026-09-16,BKU,no_data_for_date,,,,,,,,,
2026-09-16,BLFS,no_data_for_date,,,,,,,,,
2026-09-16,BLKB,no_data_for_date,,,,,,,,,
2026-09-16,BL,no_data_for_date,,,,,,,,,
2026-09-16,BMI,no_data_for_date,,,,,,,,,
2026-09-16,BMRN,no_data_for_date,,,,,,,,,
2026-09-16,BNL,no_data_for_date,,,,,,,,,
2026-09-16,BOH,no_data_for_date,,,,,,,,,
2026-09-16,BOOT,no_data_for_date,,,,,,,,,
2026-09-16,BOX,no_data_for_date,,,,,,,,,
2026-09-16,BRC,no_data_for_date,,,,,,,,,
2026-09-16,BRKR,no_data_for_date,,,,,,,,,
2026-09-16,BROS,no_data_for_date,,,,,,,,,
2026-09-16,BRX,no_data_for_date,,,,,,,,,
2026-09-16,BSY,no_data_for_date,,,,,,,,,
2026-09-16,BTSG,no_data_for_date,,,,,,,,,
2026-09-16,BTU,no_data_for_date,,,,,,,,,
2026-09-16,BURL,no_data_for_date,,,,,,,,,
2026-09-16,BWA,no_data_for_date,,,,,,,,,
2026-09-16,BWXT,no_data_for_date,,,,,,,,,
2026-09-16,BXMT,no_data_for_date,,,,,,,,,
2026-09-16,BYD,no_data_for_date,,,,,,,,,
2026-09-16,CACC,no_data_for_date,,,,,,,,,
2026-09-16,CACI,no_data_for_date,,,,,,,,,
2026-09-16,CAG,no_data_for_date,,,,,,,,,
2026-09-16,CAKE,no_data_for_date,,,,,,,,,
2026-09-16,CALM,no_data_for_date,,,,,,,,,
2026-09-16,CALX,no_data_for_date,,,,,,,,,
2026-09-16,CALY,no_data_for_date,,,,,,,,,
2026-09-16,CARG,no_data_for_date,,,,,,,,,
2026-09-16,CART,no_data_for_date,,,,,,,,,
2026-09-16,CAR,no_data_for_date,,,,,,,,,
2026-09-16,CASH,no_data_for_date,,,,,,,,,
2026-09-16,CATY,no_data_for_date,,,,,,,,,
2026-09-16,CAVA,no_data_for_date,,,,,,,,,
2026-09-16,CBRL,no_data_for_date,,,,,,,,,
2026-09-16,CBSH,no_data_for_date,,,,,,,,,
2026-09-16,CBT,no_data_for_date,,,,,,,,,
2026-09-16,CBU,no_data_for_date,,,,,,,,,
2026-09-16,CBZ,no_50ma_touch,,,,,,,,,
2026-09-16,CCK,no_data_for_date,,,,,,,,,
2026-09-16,CCOI,no_data_for_date,,,,,,,,,
2026-09-16,CCS,no_data_for_date,,,,,,,,,
2026-09-16,CC,no_data_for_date,,,,,,,,,
2026-09-16,CDE,no_data_for_date,,,,,,,,,
2026-09-16,CDNA,no_data_for_date,,,,,,,,,
2026-09-16,CDP,no_data_for_date,,,,,,,,,
2026-09-16,CELH,no_data_for_date,,,,,,,,,
2026-09-16,CENTA,no_data_for_date,,,,,,,,,
2026-09-16,CENT,no_data_for_date,,,,,,,,,
2026-09-16,CENX,no_data_for_date,,,,,,,,,
2026-09-16,CERT,no_data_for_date,,,,,,,,,
2026-09-16,CE,no_data_for_date,,,,,,,,,
2026-09-16,CFFN,no_data_for_date,,,,,,,,,
2026-09-16,CFR,no_data_for_date,,,,,,,,,
2026-09-16,CGNX,no_data_for_date,,,,,,,,,
2026-09-16,CG,no_data_for_date,,,,,,,,,
2026-09-16,CHCO,no_data_for_date,,,,,,,,,
2026-09-16,CHDN,no_data_for_date,,,,,,,,,
2026-09-16,CHEF,no_data_for_date,,,,,,,,,
2026-09-16,CHE,no_data_for_date,,,,,,,,,
2026-09-16,CHH,no_data_for_date,,,,,,,,,
2026-09-16,CHRD,no_data_for_date,,,,,,,,,
2026-09-16,CHWY,no_data_for_date,,,,,,,,,
2026-09-16,CLBK,no_50ma_touch,,,,,,,,,
2026-09-16,CLF,no_data_for_date,,,,,,,,,
2026-09-16,CLH,no_data_for_date,,,,,,,,,
2026-09-16,CLMT,no_50ma_touch,,,,,,,,,
2026-09-16,CLOV,momentum_screen,,,,,,,,,
2026-09-16,CLSK,no_data_for_date,,,,,,,,,
2026-09-16,CMC,no_data_for_date,,,,,,,,,
2026-09-16,CNH,no_data_for_date,,,,,,,,,
2026-09-16,CNK,no_data_for_date,,,,,,,,,
2026-09-16,CNMD,no_data_for_date,,,,,,,,,
2026-09-16,CNM,no_data_for_date,,,,,,,,,
2026-09-16,CNO,no_50ma_touch,,,,,,,,,
2026-09-16,CNR,no_data_for_date,,,,,,,,,
2026-09-16,CNS,no_data_for_date,,,,,,,,,
2026-09-16,CNXC,no_data_for_date,,,,,,,,,
2026-09-16,CNXN,no_data_for_date,,,,,,,,,
2026-09-16,CNX,no_data_for_date,,,,,,,,,
2026-09-16,COCO,no_data_for_date,,,,,,,,,
2026-09-16,COHU,no_data_for_date,,,,,,,,,
2026-09-16,COKE,no_data_for_date,,,,,,,,,
2026-09-16,COLB,no_data_for_date,,,,,,,,,
2026-09-16,COLL,no_data_for_date,,,,,,,,,
2026-09-16,COLM,no_data_for_date,,,,,,,,,
2026-09-16,CON,no_data_for_date,,,,,,,,,
2026-09-16,CORT,no_data_for_date,,,,,,,,,
2026-09-16,COTY,no_data_for_date,,,,,,,,,
2026-09-16,CPB,no_data_for_date,,,,,,,,,
2026-09-16,CPF,no_data_for_date,,,,,,,,,
2026-09-16,CPK,no_data_for_date,,,,,,,,,
2026-09-16,CPRI,no_data_for_date,,,,,,,,,
2026-09-16,CRBG,no_data_for_date,,,,,,,,,
2026-09-16,CRC,no_data_for_date,,,,,,,,,
2026-09-16,CRGY,no_data_for_date,,,,,,,,,
2026-09-16,CRI,no_data_for_date,,,,,,,,,
2026-09-16,CRK,no_data_for_date,,,,,,,,,
2026-09-16,CROX,no_data_for_date,,,,,,,,,
2026-09-16,CRSR,no_data_for_date,,,,,,,,,
2026-09-16,CRS,no_data_for_date,,,,,,,,,
2026-09-16,CRUS,no_data_for_date,,,,,,,,,
2026-09-16,CRVL,no_data_for_date,,,,,,,,,
2026-09-16,CRWD,no_50ma_touch,,,,,,,,,
2026-09-16,CR,no_data_for_date,,,,,,,,,
2026-09-16,CSL,no_data_for_date,,,,,,,,,
2026-09-16,CSR,no_data_for_date,,,,,,,,,
2026-09-16,CSW,no_data_for_date,,,,,,,,,
2026-09-16,CTRE,no_data_for_date,,,,,,,,,
2026-09-16,CTS,no_data_for_date,,,,,,,,,
2026-09-16,CUBE,no_data_for_date,,,,,,,,,
2026-09-16,CUBI,no_data_for_date,,,,,,,,,
2026-09-16,CURB,no_data_for_date,,,,,,,,,
2026-09-16,CUZ,no_data_for_date,,,,,,,,,
2026-09-16,CVBF,no_data_for_date,,,,,,,,,
2026-09-16,CVCO,no_data_for_date,,,,,,,,,
2026-09-16,CVI,no_data_for_date,,,,,,,,,
2026-09-16,CVLT,no_data_for_date,,,,,,,,,
2026-09-16,CVSA,no_data_for_date,,,,,,,,,
2026-09-16,CWEN,no_data_for_date,,,,,,,,,
2026-09-16,CWK,no_data_for_date,,,,,,,,,
2026-09-16,CWST,no_data_for_date,,,,,,,,,
2026-09-16,CWT,no_data_for_date,,,,,,,,,
2026-09-16,CW,no_data_for_date,,,,,,,,,
2026-09-16,CXM,no_data_for_date,,,,,,,,,
2026-09-16,CXT,no_data_for_date,,,,,,,,,
2026-09-16,CXW,no_50ma_touch,,,,,,,,,
2026-09-16,CYTK,no_data_for_date,,,,,,,,,
2026-09-16,CZR,no_data_for_date,,,,,,,,,
2026-09-16,DAN,no_data_for_date,,,,,,,,,
2026-09-16,DAR,no_data_for_date,,,,,,,,,
2026-09-16,DAVE,no_data_for_date,,,,,,,,,
2026-09-16,DBD,no_data_for_date,,,,,,,,,
2026-09-16,DBX,no_data_for_date,,,,,,,,,
2026-09-16,DCH,no_data_for_date,,,,,,,,,
2026-09-16,DCI,no_data_for_date,,,,,,,,,
2026-09-16,DCOM,no_data_for_date,,,,,,,,,
2026-09-16,DEA,no_data_for_date,,,,,,,,,
2026-09-16,DEI,no_data_for_date,,,,,,,,,
2026-09-16,DELL,no_50ma_touch,,,,,,,,,
2026-09-16,DFH,no_data_for_date,,,,,,,,,
2026-09-16,DFIN,no_data_for_date,,,,,,,,,
2026-09-16,DGII,no_data_for_date,,,,,,,,,
2026-09-16,DINO,no_50ma_touch,,,,,,,,,
2026-09-16,DIOD,no_data_for_date,,,,,,,,,
2026-09-16,DKS,no_data_for_date,,,,,,,,,
2026-09-16,DK,no_50ma_touch,,,,,,,,,
2026-09-16,DLB,no_data_for_date,,,,,,,,,
2026-09-16,DLX,no_data_for_date,,,,,,,,,
2026-09-16,DMC,no_data_for_date,,,,,,,,,
2026-09-16,DNOW,no_data_for_date,,,,,,,,,
2026-09-16,DOCN,no_data_for_date,,,,,,,,,
2026-09-16,DOCS,no_data_for_date,,,,,,,,,
2026-09-16,DOCU,no_data_for_date,,,,,,,,,
2026-09-16,DORM,no_data_for_date,,,,,,,,,
2026-09-16,DRH,no_data_for_date,,,,,,,,,
2026-09-16,DTM,no_data_for_date,,,,,,,,,
2026-09-16,DT,no_data_for_date,,,,,,,,,
2026-09-16,DUOL,no_data_for_date,,,,,,,,,
2026-09-16,DV,no_data_for_date,,,,,,,,,
2026-09-16,DXC,no_data_for_date,,,,,,,,,
2026-09-16,DXPE,no_data_for_date,,,,,,,,,
2026-09-16,DY,no_data_for_date,,,,,,,,,
2026-09-16,EAT,no_data_for_date,,,,,,,,,
2026-09-16,EBC,no_data_for_date,,,,,,,,,
2026-09-16,ECG,no_data_for_date,,,,,,,,,
2026-09-16,ECPG,no_data_for_date,,,,,,,,,
2026-09-16,EEFT,no_data_for_date,,,,,,,,,
2026-09-16,EFC,no_data_for_date,,,,,,,,,
2026-09-16,EFOR,no_data_for_date,,,,,,,,,
2026-09-16,EGBN,no_data_for_date,,,,,,,,,
2026-09-16,EGP,no_data_for_date,,,,,,,,,
2026-09-16,EHC,no_data_for_date,,,,,,,,,
2026-09-16,EIG,no_data_for_date,,,,,,,,,
2026-09-16,ELAN,no_data_for_date,,,,,,,,,
2026-09-16,ELF,no_data_for_date,,,,,,,,,
2026-09-16,ELS,no_data_for_date,,,,,,,,,
2026-09-16,EMN,no_data_for_date,,,,,,,,,
2026-09-16,ENOV,no_data_for_date,,,,,,,,,
2026-09-16,ENPH,no_data_for_date,,,,,,,,,
2026-09-16,ENR,no_data_for_date,,,,,,,,,
2026-09-16,ENSG,no_data_for_date,,,,,,,,,
2026-09-16,ENS,no_data_for_date,,,,,,,,,
2026-09-16,ENTG,no_data_for_date,,,,,,,,,
2026-09-16,ENVA,no_data_for_date,,,,,,,,,
2026-09-16,EPAC,no_data_for_date,,,,,,,,,
2026-09-16,EPAM,no_data_for_date,,,,,,,,,
2026-09-16,EPC,no_data_for_date,,,,,,,,,
2026-09-16,EPRT,no_data_for_date,,,,,,,,,
2026-09-16,EPR,no_data_for_date,,,,,,,,,
2026-09-16,EQH,no_data_for_date,,,,,,,,,
2026-09-16,ESAB,no_data_for_date,,,,,,,,,
2026-09-16,ESE,no_data_for_date,,,,,,,,,
2026-09-16,ESI,no_data_for_date,,,,,,,,,
2026-09-16,ESNT,no_data_for_date,,,,,,,,,
2026-09-16,ETSY,no_data_for_date,,,,,,,,,
2026-09-16,EVR,no_data_for_date,,,,,,,,,
2026-09-16,EVTC,no_data_for_date,,,,,,,,,
2026-09-16,EWBC,no_data_for_date,,,,,,,,,
2026-09-16,EXEL,no_data_for_date,,,,,,,,,
2026-09-16,EXLS,no_data_for_date,,,,,,,,,
2026-09-16,EXPO,no_data_for_date,,,,,,,,,
2026-09-16,EXP,no_data_for_date,,,,,,,,,
2026-09-16,EXTR,no_data_for_date,,,,,,,,,
2026-09-16,EYE,no_data_for_date,,,,,,,,,
2026-09-16,EZPW,no_data_for_date,,,,,,,,,
2026-09-16,FAF,no_data_for_date,,,,,,,,,
2026-09-16,FA,no_50ma_touch,,,,,,,,,
2026-09-16,FBIN,no_data_for_date,,,,,,,,,
2026-09-16,FBK,no_data_for_date,,,,,,,,,
2026-09-16,FBNC,no_data_for_date,,,,,,,,,
2026-09-16,FBP,no_data_for_date,,,,,,,,,
2026-09-16,FBRT,no_data_for_date,,,,,,,,,
2026-09-16,FCFS,no_data_for_date,,,,,,,,,
2026-09-16,FCF,no_data_for_date,,,,,,,,,
2026-09-16,FCN,no_data_for_date,,,,,,,,,
2026-09-16,FCPT,no_data_for_date,,,,,,,,,
2026-09-16,FELE,no_data_for_date,,,,,,,,,
2026-09-16,FFBC,no_data_for_date,,,,,,,,,
2026-09-16,FFIN,no_data_for_date,,,,,,,,,
2026-09-16,FG,no_data_for_date,,,,,,,,,
2026-09-16,FHB,no_data_for_date,,,,,,,,,
2026-09-16,FHI,no_data_for_date,,,,,,,,,
2026-09-16,FHN,no_data_for_date,,,,,,,,,
2026-09-16,FIBK,no_data_for_date,,,,,,,,,
2026-09-16,FIVE,no_data_for_date,,,,,,,,,
2026-09-16,FIVN,no_data_for_date,,,,,,,,,
2026-09-16,FIZZ,no_data_for_date,,,,,,,,,
2026-09-16,FLG,no_data_for_date,,,,,,,,,
2026-09-16,FLO,no_data_for_date,,,,,,,,,
2026-09-16,FLR,no_data_for_date,,,,,,,,,
2026-09-16,FLS,no_data_for_date,,,,,,,,,
2026-09-16,FMC,no_data_for_date,,,,,,,,,
2026-09-16,FNB,no_data_for_date,,,,,,,,,
2026-09-16,FND,no_data_for_date,,,,,,,,,
2026-09-16,FNF,no_data_for_date,,,,,,,,,
2026-09-16,FN,no_data_for_date,,,,,,,,,
2026-09-16,FORM,no_data_for_date,,,,,,,,,
2026-09-16,FOUR,no_data_for_date,,,,,,,,,
2026-09-16,FOXF,no_data_for_date,,,,,,,,,
2026-09-16,FROG,momentum_screen,,,,,,,,,
2026-09-16,FRPT,no_data_for_date,,,,,,,,,
2026-09-16,FR,no_data_for_date,,,,,,,,,
2026-09-16,FSS,no_data_for_date,,,,,,,,,
2026-09-16,FTDR,no_data_for_date,,,,,,,,,
2026-09-16,FTI,no_data_for_date,,,,,,,,,
2026-09-16,FTNT,no_50ma_touch,,,,,,,,,
2026-09-16,FTRE,no_data_for_date,,,,,,,,,
2026-09-16,FULT,no_data_for_date,,,,,,,,,
2026-09-16,FUL,no_data_for_date,,,,,,,,,
2026-09-16,FUN,no_data_for_date,,,,,,,,,
2026-09-16,GAP,no_data_for_date,,,,,,,,,
2026-09-16,GATX,no_data_for_date,,,,,,,,,
2026-09-16,GBCI,no_data_for_date,,,,,,,,,
2026-09-16,GBTG,no_50ma_touch,,,,,,,,,
2026-09-16,GBX,no_data_for_date,,,,,,,,,
2026-09-16,GEF,no_data_for_date,,,,,,,,,
2026-09-16,GEO,no_spy_data,,31.0508,1.1426,3.6798,,,,,
2026-09-16,GFF,no_data_for_date,,,,,,,,,
2026-09-16,GGG,no_data_for_date,,,,,,,,,
2026-09-16,GHC,no_data_for_date,,,,,,,,,
2026-09-16,GH,no_50ma_touch,,,,,,,,,
2026-09-16,GIII,no_data_for_date,,,,,,,,,
2026-09-16,GKOS,no_data_for_date,,,,,,,,,
2026-09-16,GLPI,no_data_for_date,,,,,,,,,
2026-09-16,GMED,no_data_for_date,,,,,,,,,
2026-09-16,GME,no_data_for_date,,,,,,,,,
2026-09-16,GNL,no_data_for_date,,,,,,,,,
2026-09-16,GNTX,no_data_for_date,,,,,,,,,
2026-09-16,GNW,no_data_for_date,,,,,,,,,
2026-09-16,GOLF,no_data_for_date,,,,,,,,,
2026-09-16,GO,no_data_for_date,,,,,,,,,
2026-09-16,GPI,no_data_for_date,,,,,,,,,
2026-09-16,GPK,no_data_for_date,,,,,,,,,
2026-09-16,GPOR,no_data_for_date,,,,,,,,,
2026-09-16,GRBK,no_data_for_date,,,,,,,,,
2026-09-16,GSHD,no_data_for_date,,,,,,,,,
2026-09-16,GTES,no_data_for_date,,,,,,,,,
2026-09-16,GTM,no_data_for_date,,,,,,,,,
2026-09-16,GTY,no_data_for_date,,,,,,,,,
2026-09-16,GT,no_data_for_date,,,,,,,,,
2026-09-16,GVA,no_data_for_date,,,,,,,,,
2026-09-16,GWRE,no_data_for_date,,,,,,,,,
2026-09-16,GXO,no_data_for_date,,,,,,,,,
2026-09-16,G,no_data_for_date,,,,,,,,,
2026-09-16,HAE,no_data_for_date,,,,,,,,,
2026-09-16,HAFC,no_data_for_date,,,,,,,,,
2026-09-16,HALO,no_50ma_touch,,,,,,,,,
2026-09-16,HASI,no_data_for_date,,,,,,,,,
2026-09-16,HAYW,no_data_for_date,,,,,,,,,
2026-09-16,HCC,no_data_for_date,,,,,,,,,
2026-09-16,HCI,no_data_for_date,,,,,,,,,
2026-09-16,HCSG,no_data_for_date,,,,,,,,,
2026-09-16,HE,no_data_for_date,,,,,,,,,
2026-09-16,HFWA,no_data_for_date,,,,,,,,,
2026-09-16,HGV,no_data_for_date,,,,,,,,,
2026-09-16,HIMS,no_data_for_date,,,,,,,,,
2026-09-16,HIW,no_data_for_date,,,,,,,,,
2026-09-16,HLIT,no_data_for_date,,,,,,,,,
2026-09-16,HLI,no_data_for_date,,,,,,,,,
2026-09-16,HLNE,no_data_for_date,,,,,,,,,
2026-09-16,HLX,no_data_for_date,,,,,,,,,
2026-09-16,HL,no_data_for_date,,,,,,,,,
2026-09-16,HMN,no_data_for_date,,,,,,,,,
2026-09-16,HNGE,no_50ma_touch,,,,,,,,,
2026-09-16,HNI,no_data_for_date,,,,,,,,,
2026-09-16,HOG,no_data_for_date,,,,,,,,,
2026-09-16,HOMB,no_data_for_date,,,,,,,,,
2026-09-16,HOPE,no_data_for_date,,,,,,,,,
2026-09-16,HPE,no_data_for_date,,,,,,,,,
2026-09-16,HPQ,no_50ma_touch,,,,,,,,,
2026-09-16,HP,no_data_for_date,,,,,,,,,
2026-09-16,HQY,no_data_for_date,,,,,,,,,
2026-09-16,HRB,no_data_for_date,,,,,,,,,
2026-09-16,HRMY,no_data_for_date,,,,,,,,,
2026-09-16,HR,no_data_for_date,,,,,,,,,
2026-09-16,HSTM,no_data_for_date,,,,,,,,,
2026-09-16,HTH,no_data_for_date,,,,,,,,,
2026-09-16,HTLD,no_data_for_date,,,,,,,,,
2026-09-16,HTO,no_data_for_date,,,,,,,,,
2026-09-16,HUBG,no_data_for_date,,,,,,,,,
2026-09-16,HWC,no_data_for_date,,,,,,,,,
2026-09-16,HWKN,no_data_for_date,,,,,,,,,
2026-09-16,HXL,no_data_for_date,,,,,,,,,
2026-09-16,HZO,no_data_for_date,,,,,,,,,
2026-09-16,H,no_data_for_date,,,,,,,,,
2026-09-16,IART,no_data_for_date,,,,,,,,,
2026-09-16,IBOC,no_data_for_date,,,,,,,,,
2026-09-16,IBP,no_data_for_date,,,,,,,,,
2026-09-16,ICHR,no_data_for_date,,,,,,,,,
2026-09-16,ICUI,no_data_for_date,,,,,,,,,
2026-09-16,IDA,no_data_for_date,,,,,,,,,
2026-09-16,IDCC,no_data_for_date,,,,,,,,,
2026-09-16,IESC,no_data_for_date,,,,,,,,,
2026-09-16,IIPR,no_data_for_date,,,,,,,,,
2026-09-16,ILMN,no_data_for_date,,,,,,,,,
2026-09-16,INDB,no_data_for_date,,,,,,,,,
2026-09-16,INDV,no_data_for_date,,,,,,,,,
2026-09-16,INGR,no_data_for_date,,,,,,,,,
2026-09-16,INSP,no_data_for_date,,,,,,,,,
2026-09-16,INSW,no_data_for_date,,,,,,,,,
2026-09-16,INVA,no_data_for_date,,,,,,,,,
2026-09-16,INVX,no_data_for_date,,,,,,,,,
2026-09-16,IOSP,no_data_for_date,,,,,,,,,
2026-09-16,IOVA,no_50ma_touch,,,,,,,,,
2026-09-16,IPAR,no_data_for_date,,,,,,,,,
2026-09-16,IPGP,no_data_for_date,,,,,,,,,
2026-09-16,IRDM,no_data_for_date,,,,,,,,,
2026-09-16,IRT,no_data_for_date,,,,,,,,,
2026-09-16,ITGR,no_data_for_date,,,,,,,,,
2026-09-16,ITRI,no_data_for_date,,,,,,,,,
2026-09-16,ITT,no_data_for_date,,,,,,,,,
2026-09-16,IVT,no_data_for_date,,,,,,,,,
2026-09-16,JAZZ,no_data_for_date,,,,,,,,,
2026-09-16,JBGS,no_data_for_date,,,,,,,,,
2026-09-16,JBLU,no_data_for_date,,,,,,,,,
2026-09-16,JBSS,no_data_for_date,,,,,,,,,
2026-09-16,JBTM,no_data_for_date,,,,,,,,,
2026-09-16,JEF,no_data_for_date,,,,,,,,,
2026-09-16,JJSF,no_data_for_date,,,,,,,,,
2026-09-16,JLL,no_data_for_date,,,,,,,,,
2026-09-16,JOE,no_data_for_date,,,,,,,,,
2026-09-16,JXN,no_data_for_date,,,,,,,,,
2026-09-16,KAI,no_data_for_date,,,,,,,,,
2026-09-16,KALU,no_data_for_date,,,,,,,,,
2026-09-16,KBH,no_data_for_date,,,,,,,,,
2026-09-16,KBR,no_data_for_date,,,,,,,,,
2026-09-16,KD,no_data_for_date,,,,,,,,,
2026-09-16,KEX,no_data_for_date,,,,,,,,,
2026-09-16,KFY,no_data_for_date,,,,,,,,,
2026-09-16,KGS,no_data_for_date,,,,,,,,,
2026-09-16,KLIC,no_data_for_date,,,,,,,,,
2026-09-16,KMPR,no_data_for_date,,,,,,,,,
2026-09-16,KMT,no_data_for_date,,,,,,,,,
2026-09-16,KMX,no_data_for_date,,,,,,,,,
2026-09-16,KNF,no_data_for_date,,,,,,,,,
2026-09-16,KNSL,no_data_for_date,,,,,,,,,
2026-09-16,KNTK,no_data_for_date,,,,,,,,,
2026-09-16,KNX,no_data_for_date,,,,,,,,,
2026-09-16,KN,no_data_for_date,,,,,,,,,
2026-09-16,KOP,no_data_for_date,,,,,,,,,
2026-09-16,KRC,no_data_for_date,,,,,,,,,
2026-09-16,KRG,no_data_for_date,,,,,,,,,
2026-09-16,KRMN,no_data_for_date,,,,,,,,,
2026-09-16,KRYS,no_data_for_date,,,,,,,,,
2026-09-16,KSS,no_data_for_date,,,,,,,,,
2026-09-16,KTB,no_data_for_date,,,,,,,,,
2026-09-16,KTOS,no_data_for_date,,,,,,,,,
2026-09-16,KWR,no_data_for_date,,,,,,,,,
2026-09-16,LAD,no_data_for_date,,,,,,,,,
2026-09-16,LAMR,no_data_for_date,,,,,,,,,
2026-09-16,LAUR,no_data_for_date,,,,,,,,,
2026-09-16,LAZ,no_data_for_date,,,,,,,,,
2026-09-16,LBRT,no_data_for_date,,,,,,,,,
2026-09-16,LCII,no_data_for_date,,,,,,,,,
2026-09-16,LEA,no_data_for_date,,,,,,,,,
2026-09-16,LECO,no_data_for_date,,,,,,,,,
2026-09-16,LEG,no_data_for_date,,,,,,,,,
2026-09-16,LEU,no_data_for_date,,,,,,,,,
2026-09-16,LFST,no_50ma_touch,,,,,,,,,
2026-09-16,LFUS,no_data_for_date,,,,,,,,,
2026-09-16,LGIH,no_data_for_date,,,,,,,,,
2026-09-16,LGND,no_data_for_date,,,,,,,,,
2026-09-16,LIF,no_data_for_date,,,,,,,,,
2026-09-16,LIVN,no_data_for_date,,,,,,,,,
2026-09-16,LKFN,no_data_for_date,,,,,,,,,
2026-09-16,LKQ,no_data_for_date,,,,,,,,,
2026-09-16,LMAT,no_data_for_date,,,,,,,,,
2026-09-16,LNC,no_data_for_date,,,,,,,,,
2026-09-16,LNN,no_data_for_date,,,,,,,,,
2026-09-16,LNTH,no_data_for_date,,,,,,,,,
2026-09-16,LOPE,no_data_for_date,,,,,,,,,
2026-09-16,LPG,no_data_for_date,,,,,,,,,
2026-09-16,LPX,no_data_for_date,,,,,,,,,
2026-09-16,LQDA,no_data_for_date,,,,,,,,,
2026-09-16,LQDT,no_data_for_date,,,,,,,,,
2026-09-16,LRN,no_data_for_date,,,,,,,,,
2026-09-16,LSCC,no_data_for_date,,,,,,,,,
2026-09-16,LSTR,no_data_for_date,,,,,,,,,
2026-09-16,LTC,no_data_for_date,,,,,,,,,
2026-09-16,LTH,no_data_for_date,,,,,,,,,
2026-09-16,LUMN,no_data_for_date,,,,,,,,,
2026-09-16,LW,no_data_for_date,,,,,,,,,
2026-09-16,LXP,no_data_for_date,,,,,,,,,
2026-09-16,LYFT,no_data_for_date,,,,,,,,,
2026-09-16,LZB,no_data_for_date,,,,,,,,,
2026-09-16,LZ,no_data_for_date,,,,,,,,,
2026-09-16,MAC,no_data_for_date,,,,,,,,,
2026-09-16,MANH,no_data_for_date,,,,,,,,,
2026-09-16,MAN,no_data_for_date,,,,,,,,,
2026-09-16,MARA,no_data_for_date,,,,,,,,,
2026-09-16,MATW,no_data_for_date,,,,,,,,,
2026-09-16,MATX,no_data_for_date,,,,,,,,,
2026-09-16,MAT,no_data_for_date,,,,,,,,,
2026-09-16,MBC,no_data_for_date,,,,,,,,,
2026-09-16,MBGL,no_data_for_date,,,,,,,,,
2026-09-16,MBIN,no_data_for_date,,,,,,,,,
2026-09-16,MCRI,no_data_for_date,,,,,,,,,
2026-09-16,MCY,no_data_for_date,,,,,,,,,
2026-09-16,MC,no_data_for_date,,,,,,,,,
2026-09-16,MDU,no_data_for_date,,,,,,,,,
2026-09-16,MD,no_data_for_date,,,,,,,,,
2026-09-16,MEDP,no_data_for_date,,,,,,,,,
2026-09-16,MFP,no_data_for_date,,,,,,,,,
2026-09-16,MGEE,no_data_for_date,,,,,,,,,
2026-09-16,MGNI,no_50ma_touch,,,,,,,,,
2026-09-16,MGY,no_data_for_date,,,,,,,,,
2026-09-16,MHK,no_data_for_date,,,,,,,,,
2026-09-16,MHO,no_data_for_date,,,,,,,,,
2026-09-16,MIDD,no_data_for_date,,,,,,,,,
2026-09-16,MIR,no_data_for_date,,,,,,,,,
2026-09-16,MKSI,no_data_for_date,,,,,,,,,
2026-09-16,MKTX,no_data_for_date,,,,,,,,,
2026-09-16,MLI,no_data_for_date,,,,,,,,,
2026-09-16,MLKN,no_data_for_date,,,,,,,,,
2026-09-16,MMI,no_data_for_date,,,,,,,,,
2026-09-16,MMSI,no_data_for_date,,,,,,,,,
2026-09-16,MMS,no_data_for_date,,,,,,,,,
2026-09-16,MOG-A,no_data_for_date,,,,,,,,,
2026-09-16,MOH,no_data_for_date,,,,,,,,,
2026-09-16,MORN,no_data_for_date,,,,,,,,,
2026-09-16,MPC,no_50ma_touch,,,,,,,,,
2026-09-16,MPT,no_data_for_date,,,,,,,,,
2026-09-16,MP,no_data_for_date,,,,,,,,,
2026-09-16,MRCY,no_data_for_date,,,,,,,,,
2026-09-16,MRP,no_data_for_date,,,,,,,,,
2026-09-16,MRTN,no_data_for_date,,,,,,,,,
2026-09-16,MSA,no_data_for_date,,,,,,,,,
2026-09-16,MSEX,no_data_for_date,,,,,,,,,
2026-09-16,MSGS,no_data_for_date,,,,,,,,,
2026-09-16,MSM,no_data_for_date,,,,,,,,,
2026-09-16,MTCH,no_data_for_date,,,,,,,,,
2026-09-16,MTDR,no_data_for_date,,,,,,,,,
2026-09-16,MTG,no_data_for_date,,,,,,,,,
2026-09-16,MTH,no_data_for_date,,,,,,,,,
2026-09-16,MTN,no_data_for_date,,,,,,,,,
2026-09-16,MTRN,no_data_for_date,,,,,,,,,
2026-09-16,MTSI,no_data_for_date,,,,,,,,,
2026-09-16,MTUS,no_data_for_date,,,,,,,,,
2026-09-16,MTX,no_data_for_date,,,,,,,,,
2026-09-16,MTZ,no_data_for_date,,,,,,,,,
2026-09-16,MUR,no_data_for_date,,,,,,,,,
2026-09-16,MUSA,no_data_for_date,,,,,,,,,
2026-09-16,MWA,no_data_for_date,,,,,,,,,
2026-09-16,MXL,no_data_for_date,,,,,,,,,
2026-09-16,MYRG,no_data_for_date,,,,,,,,,
2026-09-16,MZTI,no_data_for_date,,,,,,,,,
2026-09-16,M,no_data_for_date,,,,,,,,,
2026-09-16,NABL,no_data_for_date,,,,,,,,,
2026-09-16,NATL,no_data_for_date,,,,,,,,,
2026-09-16,NAT,no_50ma_touch,,,,,,,,,
2026-09-16,NAVI,no_data_for_date,,,,,,,,,
2026-09-16,NBHC,no_data_for_date,,,,,,,,,
2026-09-16,NBIX,no_data_for_date,,,,,,,,,
2026-09-16,NBTB,no_data_for_date,,,,,,,,,
2026-09-16,NEOG,no_data_for_date,,,,,,,,,
2026-09-16,NEO,no_50ma_touch,,,,,,,,,
2026-09-16,NEU,no_data_for_date,,,,,,,,,
2026-09-16,NE,no_data_for_date,,,,,,,,,
2026-09-16,NFG,no_data_for_date,,,,,,,,,
2026-09-16,NGVT,no_data_for_date,,,,,,,,,
2026-09-16,NHC,no_data_for_date,,,,,,,,,
2026-09-16,NHI,no_data_for_date,,,,,,,,,
2026-09-16,NIC,no_data_for_date,,,,,,,,,
2026-09-16,NJR,no_data_for_date,,,,,,,,,
2026-09-16,NLY,no_data_for_date,,,,,,,,,
2026-09-16,NMIH,no_data_for_date,,,,,,,,,
2026-09-16,NNN,no_data_for_date,,,,,,,,,
2026-09-16,NOG,no_data_for_date,,,,,,,,,
2026-09-16,NOVT,no_data_for_date,,,,,,,,,
2026-09-16,NOV,no_data_for_date,,,,,,,,,
2026-09-16,NPK,no_data_for_date,,,,,,,,,
2026-09-16,NPO,no_data_for_date,,,,,,,,,
2026-09-16,NSIT,no_data_for_date,,,,,,,,,
2026-09-16,NSP,no_data_for_date,,,,,,,,,
2026-09-16,NSSC,no_data_for_date,,,,,,,,,
2026-09-16,NTAP,no_50ma_touch,,,,,,,,,
2026-09-16,NTCT,no_data_for_date,,,,,,,,,
2026-09-16,NTNX,no_50ma_touch,,,,,,,,,
2026-09-16,NTST,no_data_for_date,,,,,,,,,
2026-09-16,NVST,no_data_for_date,,,,,,,,,
2026-09-16,NVT,no_data_for_date,,,,,,,,,
2026-09-16,NWBI,no_data_for_date,,,,,,,,,
2026-09-16,NWE,no_data_for_date,,,,,,,,,
2026-09-16,NWL,no_data_for_date,,,,,,,,,
2026-09-16,NWN,no_data_for_date,,,,,,,,,
2026-09-16,NXDR,no_50ma_touch,,,,,,,,,
2026-09-16,NXRT,no_data_for_date,,,,,,,,,
2026-09-16,NXST,no_data_for_date,,,,,,,,,
2026-09-16,NXT,no_data_for_date,,,,,,,,,
2026-09-16,NX,no_data_for_date,,,,,,,,,
2026-09-16,NYT,no_data_for_date,,,,,,,,,
2026-09-16,OABI,no_50ma_touch,,,,,,,,,
2026-09-16,OC,no_data_for_date,,,,,,,,,
2026-09-16,OFG,no_data_for_date,,,,,,,,,
2026-09-16,OGE,no_data_for_date,,,,,,,,,
2026-09-16,OGN,no_data_for_date,,,,,,,,,
2026-09-16,OGS,no_data_for_date,,,,,,,,,
2026-09-16,OHI,no_data_for_date,,,,,,,,,
2026-09-16,OII,no_data_for_date,,,,,,,,,
2026-09-16,OI,no_data_for_date,,,,,,,,,
2026-09-16,OKTA,no_50ma_touch,,,,,,,,,
2026-09-16,OLED,no_data_for_date,,,,,,,,,
2026-09-16,OLLI,no_data_for_date,,,,,,,,,
2026-09-16,OLN,no_data_for_date,,,,,,,,,
2026-09-16,OMCL,no_data_for_date,,,,,,,,,
2026-09-16,ONB,no_data_for_date,,,,,,,,,
2026-09-16,ONTO,no_data_for_date,,,,,,,,,
2026-09-16,OPCH,no_data_for_date,,,,,,,,,
2026-09-16,OPLN,no_data_for_date,,,,,,,,,
2026-09-16,ORA,no_data_for_date,,,,,,,,,
2026-09-16,ORI,no_data_for_date,,,,,,,,,
2026-09-16,OSCR,no_50ma_touch,,,,,,,,,
2026-09-16,OSIS,no_data_for_date,,,,,,,,,
2026-09-16,OSK,no_data_for_date,,,,,,,,,
2026-09-16,OSW,no_data_for_date,,,,,,,,,
2026-09-16,OTTR,no_data_for_date,,,,,,,,,
2026-09-16,OUT,no_data_for_date,,,,,,,,,
2026-09-16,OVV,no_data_for_date,,,,,,,,,
2026-09-16,OZK,no_data_for_date,,,,,,,,,
2026-09-16,PAG,no_data_for_date,,,,,,,,,
2026-09-16,PAHC,no_data_for_date,,,,,,,,,
2026-09-16,PANW,no_50ma_touch,,,,,,,,,
2026-09-16,PARR,no_data_for_date,,,,,,,,,
2026-09-16,PATH,no_data_for_date,,,,,,,,,
2026-09-16,PATK,no_data_for_date,,,,,,,,,
2026-09-16,PAYC,no_data_for_date,,,,,,,,,
2026-09-16,PAYO,no_data_for_date,,,,,,,,,
2026-09-16,PAY,no_data_for_date,,,,,,,,,
2026-09-16,PBF,no_50ma_touch,,,,,,,,,
2026-09-16,PBH,no_data_for_date,,,,,,,,,
2026-09-16,PBI,no_data_for_date,,,,,,,,,
2026-09-16,PB,no_data_for_date,,,,,,,,,
2026-09-16,PCRX,no_data_for_date,,,,,,,,,
2026-09-16,PCTY,no_data_for_date,,,,,,,,,
2026-09-16,PDFS,no_data_for_date,,,,,,,,,
2026-09-16,PD,no_50ma_touch,,,,,,,,,
2026-09-16,PEB,no_data_for_date,,,,,,,,,
2026-09-16,PECO,no_data_for_date,,,,,,,,,
2026-09-16,PEGA,no_data_for_date,,,,,,,,,
2026-09-16,PENG,no_data_for_date,,,,,,,,,
2026-09-16,PENN,no_data_for_date,,,,,,,,,
2026-09-16,PEN,no_data_for_date,,,,,,,,,
2026-09-16,PFBC,no_data_for_date,,,,,,,,,
2026-09-16,PFGC,no_data_for_date,,,,,,,,,
2026-09-16,PFS,no_data_for_date,,,,,,,,,
2026-09-16,PGNY,no_data_for_date,,,,,,,,,
2026-09-16,PHIN,no_data_for_date,,,,,,,,,
2026-09-16,PII,no_data_for_date,,,,,,,,,
2026-09-16,PINS,no_data_for_date,,,,,,,,,
2026-09-16,PIPR,no_data_for_date,,,,,,,,,
2026-09-16,PI,no_data_for_date,,,,,,,,,
2026-09-16,PJT,no_data_for_date,,,,,,,,,
2026-09-16,PK,no_data_for_date,,,,,,,,,
2026-09-16,PLAB,no_data_for_date,,,,,,,,,
2026-09-16,PLMR,no_data_for_date,,,,,,,,,
2026-09-16,PLNT,no_data_for_date,,,,,,,,,
2026-09-16,PLUS,no_data_for_date,,,,,,,,,
2026-09-16,PLXS,no_data_for_date,,,,,,,,,
2026-09-16,PMT,no_data_for_date,,,,,,,,,
2026-09-16,PNFP,no_data_for_date,,,,,,,,,
2026-09-16,POOL,no_data_for_date,,,,,,,,,
2026-09-16,POR,no_data_for_date,,,,,,,,,
2026-09-16,POST,no_data_for_date,,,,,,,,,
2026-09-16,POWI,no_data_for_date,,,,,,,,,
2026-09-16,POWL,no_data_for_date,,,,,,,,,
2026-09-16,PPC,no_data_for_date,,,,,,,,,
2026-09-16,PPLI,no_data_for_date,,,,,,,,,
2026-09-16,PRCH,no_50ma_touch,,,,,,,,,
2026-09-16,PRDO,no_data_for_date,,,,,,,,,
2026-09-16,PRGO,no_data_for_date,,,,,,,,,
2026-09-16,PRGS,no_data_for_date,,,,,,,,,
2026-09-16,PRG,no_data_for_date,,,,,,,,,
2026-09-16,PRIM,no_data_for_date,,,,,,,,,
2026-09-16,PRI,no_data_for_date,,,,,,,,,
2026-09-16,PRKS,no_data_for_date,,,,,,,,,
2026-09-16,PRK,no_data_for_date,,,,,,,,,
2026-09-16,PRLB,no_data_for_date,,,,,,,,,
2026-09-16,PRSU,no_data_for_date,,,,,,,,,
2026-09-16,PRVA,no_data_for_date,,,,,,,,,
2026-09-16,PR,no_data_for_date,,,,,,,,,
2026-09-16,PSMT,no_data_for_date,,,,,,,,,
2026-09-16,PSN,no_data_for_date,,,,,,,,,
2026-09-16,PSX,no_50ma_touch,,,,,,,,,
2026-09-16,PTCT,no_data_for_date,,,,,,,,,
2026-09-16,PTEN,no_data_for_date,,,,,,,,,
2026-09-16,PTGX,no_data_for_date,,,,,,,,,
2026-09-16,PTON,no_data_for_date,,,,,,,,,
2026-09-16,PVH,no_data_for_date,,,,,,,,,
2026-09-16,PZZA,no_data_for_date,,,,,,,,,
2026-09-16,P,no_data_for_date,,,,,,,,,
2026-09-16,QDEL,no_data_for_date,,,,,,,,,
2026-09-16,QLYS,no_data_for_date,,,,,,,,,
2026-09-16,QNST,no_data_for_date,,,,,,,,,
2026-09-16,QRVO,no_data_for_date,,,,,,,,,
2026-09-16,QTWO,no_data_for_date,,,,,,,,,
2026-09-16,RAL,no_data_for_date,,,,,,,,,
2026-09-16,RAMP,no_data_for_date,,,,,,,,,
2026-09-16,RBA,no_data_for_date,,,,,,,,,
2026-09-16,RBC,no_data_for_date,,,,,,,,,
2026-09-16,RCUS,no_data_for_date,,,,,,,,,
2026-09-16,RDNT,no_data_for_date,,,,,,,,,
2026-09-16,RDN,no_data_for_date,,,,,,,,,
2026-09-16,RELY,no_data_for_date,,,,,,,,,
2026-09-16,RES,no_data_for_date,,,,,,,,,
2026-09-16,REXR,no_data_for_date,,,,,,,,,
2026-09-16,REX,no_data_for_date,,,,,,,,,
2026-09-16,REYN,no_data_for_date,,,,,,,,,
2026-09-16,REZI,no_data_for_date,,,,,,,,,
2026-09-16,RGA,no_data_for_date,,,,,,,,,
2026-09-16,RGEN,no_data_for_date,,,,,,,,,
2026-09-16,RGLD,no_data_for_date,,,,,,,,,
2026-09-16,RHI,no_data_for_date,,,,,,,,,
2026-09-16,RHP,no_data_for_date,,,,,,,,,
2026-09-16,RH,no_data_for_date,,,,,,,,,
2026-09-16,RITM,no_data_for_date,,,,,,,,,
2026-09-16,RLI,no_data_for_date,,,,,,,,,
2026-09-16,RMBS,no_data_for_date,,,,,,,,,
2026-09-16,RNG,no_data_for_date,,,,,,,,,
2026-09-16,RNR,no_data_for_date,,,,,,,,,
2026-09-16,RNST,no_data_for_date,,,,,,,,,
2026-09-16,ROAD,no_data_for_date,,,,,,,,,
2026-09-16,ROCK,no_data_for_date,,,,,,,,,
2026-09-16,ROG,no_data_for_date,,,,,,,,,
2026-09-16,ROIV,no_data_for_date,,,,,,,,,
2026-09-16,ROKU,no_50ma_touch,,,,,,,,,
2026-09-16,RPM,no_data_for_date,,,,,,,,,
2026-09-16,RRC,no_data_for_date,,,,,,,,,
2026-09-16,RRR,no_data_for_date,,,,,,,,,
2026-09-16,RRX,no_data_for_date,,,,,,,,,
2026-09-16,RSI,no_data_for_date,,,,,,,,,
2026-09-16,RS,no_data_for_date,,,,,,,,,
2026-09-16,RUM,no_50ma_touch,,,,,,,,,
2026-09-16,RUN,no_data_for_date,,,,,,,,,
2026-09-16,RUSHA,no_data_for_date,,,,,,,,,
2026-09-16,RXO,no_data_for_date,,,,,,,,,
2026-09-16,RYAN,no_data_for_date,,,,,,,,,
2026-09-16,RYN,no_data_for_date,,,,,,,,,
2026-09-16,R,no_data_for_date,,,,,,,,,
2026-09-16,SABR,no_data_for_date,,,,,,,,,
2026-09-16,SAFE,no_data_for_date,,,,,,,,,
2026-09-16,SAFT,no_data_for_date,,,,,,,,,
2026-09-16,SAH,no_data_for_date,,,,,,,,,
2026-09-16,SAIA,no_data_for_date,,,,,,,,,
2026-09-16,SAIC,no_data_for_date,,,,,,,,,
2026-09-16,SAM,no_data_for_date,,,,,,,,,
2026-09-16,SANM,no_data_for_date,,,,,,,,,
2026-09-16,SARO,no_data_for_date,,,,,,,,,
2026-09-16,SBCF,no_data_for_date,,,,,,,,,
2026-09-16,SBH,no_data_for_date,,,,,,,,,
2026-09-16,SBRA,no_data_for_date,,,,,,,,,
2026-09-16,SBSI,no_data_for_date,,,,,,,,,
2026-09-16,SCHL,no_data_for_date,,,,,,,,,
2026-09-16,SCI,no_data_for_date,,,,,,,,,
2026-09-16,SCL,no_data_for_date,,,,,,,,,
2026-09-16,SCSC,no_data_for_date,,,,,,,,,
2026-09-16,SDGR,no_50ma_touch,,,,,,,,,
2026-09-16,SEDG,no_data_for_date,,,,,,,,,
2026-09-16,SEIC,no_data_for_date,,,,,,,,,
2026-09-16,SEI,no_data_for_date,,,,,,,,,
2026-09-16,SEZL,no_data_for_date,,,,,,,,,
2026-09-16,SFBS,no_data_for_date,,,,,,,,,
2026-09-16,SFM,no_data_for_date,,,,,,,,,
2026-09-16,SFNC,no_data_for_date,,,,,,,,,
2026-09-16,SF,no_data_for_date,,,,,,,,,
2026-09-16,SGI,no_data_for_date,,,,,,,,,
2026-09-16,SHAK,no_data_for_date,,,,,,,,,
2026-09-16,SHC,no_data_for_date,,,,,,,,,
2026-09-16,SHEN,no_data_for_date,,,,,,,,,
2026-09-16,SHOO,no_data_for_date,,,,,,,,,
2026-09-16,SHO,no_data_for_date,,,,,,,,,
2026-09-16,SIGI,no_data_for_date,,,,,,,,,
2026-09-16,SIG,no_data_for_date,,,,,,,,,
2026-09-16,SIRI,no_data_for_date,,,,,,,,,
2026-09-16,SITM,no_data_for_date,,,,,,,,,
2026-09-16,SKT,no_data_for_date,,,,,,,,,
2026-09-16,SKYW,no_data_for_date,,,,,,,,,
2026-09-16,SKY,no_data_for_date,,,,,,,,,
2026-09-16,SLAB,no_data_for_date,,,,,,,,,
2026-09-16,SLGN,no_data_for_date,,,,,,,,,
2026-09-16,SLG,no_data_for_date,,,,,,,,,
2026-09-16,SLM,no_data_for_date,,,,,,,,,
2026-09-16,SLVM,no_data_for_date,,,,,,,,,
2026-09-16,SMG,no_data_for_date,,,,,,,,,
2026-09-16,SMPL,no_data_for_date,,,,,,,,,
2026-09-16,SMP,no_data_for_date,,,,,,,,,
2026-09-16,SMTC,no_data_for_date,,,,,,,,,
2026-09-16,SM,no_data_for_date,,,,,,,,,
2026-09-16,SNDR,no_data_for_date,,,,,,,,,
2026-09-16,SNEX,no_data_for_date,,,,,,,,,
2026-09-16,SNOW,no_50ma_touch,,,,,,,,,
2026-09-16,SNX,no_data_for_date,,,,,,,,,
2026-09-16,SN,no_data_for_date,,,,,,,,,
2026-09-16,SOLS,no_data_for_date,,,,,,,,,
2026-09-16,SONO,no_data_for_date,,,,,,,,,
2026-09-16,SON,no_data_for_date,,,,,,,,,
2026-09-16,SPHR,no_data_for_date,,,,,,,,,
2026-09-16,SPNT,no_data_for_date,,,,,,,,,
2026-09-16,SPSC,no_data_for_date,,,,,,,,,
2026-09-16,SPXC,no_data_for_date,,,,,,,,,
2026-09-16,SRPT,no_data_for_date,,,,,,,,,
2026-09-16,SR,no_data_for_date,,,,,,,,,
2026-09-16,SSB,no_data_for_date,,,,,,,,,
2026-09-16,SSD,no_data_for_date,,,,,,,,,
2026-09-16,STAA,no_data_for_date,,,,,,,,,
2026-09-16,STAG,no_data_for_date,,,,,,,,,
2026-09-16,STBA,no_data_for_date,,,,,,,,,
2026-09-16,STC,no_data_for_date,,,,,,,,,
2026-09-16,STEP,no_data_for_date,,,,,,,,,
2026-09-16,STIM,no_50ma_touch,,,,,,,,,
2026-09-16,STLN,no_50ma_touch,,,,,,,,,
2026-09-16,STRA,no_data_for_date,,,,,,,,,
2026-09-16,STRL,no_data_for_date,,,,,,,,,
2026-09-16,STWD,no_data_for_date,,,,,,,,,
2026-09-16,ST,no_data_for_date,,,,,,,,,
2026-09-16,SUI,no_data_for_date,,,,,,,,,
2026-09-16,SUPN,no_data_for_date,,,,,,,,,
2026-09-16,SWX,no_data_for_date,,,,,,,,,
2026-09-16,SXI,no_data_for_date,,,,,,,,,
2026-09-16,SXT,no_data_for_date,,,,,,,,,
2026-09-16,SYNA,no_data_for_date,,,,,,,,,
2026-09-16,TALO,no_data_for_date,,,,,,,,,
2026-09-16,TBBK,no_data_for_date,,,,,,,,,
2026-09-16,TCBI,no_data_for_date,,,,,,,,,
2026-09-16,TDC,no_data_for_date,,,,,,,,,
2026-09-16,TDS,no_data_for_date,,,,,,,,,
2026-09-16,TDW,no_data_for_date,,,,,,,,,
2026-09-16,TEAM,no_50ma_touch,,,,,,,,,
2026-09-16,TEX,no_data_for_date,,,,,,,,,
2026-09-16,TFIN,no_data_for_date,,,,,,,,,
2026-09-16,TFX,no_data_for_date,,,,,,,,,
2026-09-16,TGTX,momentum_screen,,,,,,,,,
2026-09-16,TGT,no_data_for_date,,,,,,,,,
2026-09-16,THC,no_data_for_date,,,,,,,,,
2026-09-16,THG,no_data_for_date,,,,,,,,,
2026-09-16,THO,no_data_for_date,,,,,,,,,
2026-09-16,THRM,no_data_for_date,,,,,,,,,
2026-09-16,TILE,no_data_for_date,,,,,,,,,
2026-09-16,TKR,no_data_for_date,,,,,,,,,
2026-09-16,TLN,no_data_for_date,,,,,,,,,
2026-09-16,TMDX,no_data_for_date,,,,,,,,,
2026-09-16,TMP,no_data_for_date,,,,,,,,,
2026-09-16,TNC,no_data_for_date,,,,,,,,,
2026-09-16,TNDM,no_data_for_date,,,,,,,,,
2026-09-16,TNL,no_data_for_date,,,,,,,,,
2026-09-16,TOL,no_data_for_date,,,,,,,,,
2026-09-16,TOST,no_data_for_date,,,,,,,,,
2026-09-16,TPC,no_data_for_date,,,,,,,,,
2026-09-16,TREX,no_data_for_date,,,,,,,,,
2026-09-16,TRIP,no_data_for_date,,,,,,,,,
2026-09-16,TRMK,no_data_for_date,,,,,,,,,
2026-09-16,TRNO,no_data_for_date,,,,,,,,,
2026-09-16,TRN,no_data_for_date,,,,,,,,,
2026-09-16,TRST,no_data_for_date,,,,,,,,,
2026-09-16,TRUP,no_data_for_date,,,,,,,,,
2026-09-16,TRU,no_data_for_date,,,,,,,,,
2026-09-16,TR,no_data_for_date,,,,,,,,,
2026-09-16,TTC,no_data_for_date,,,,,,,,,
2026-09-16,TTEK,no_data_for_date,,,,,,,,,
2026-09-16,TTMI,no_data_for_date,,,,,,,,,
2026-09-16,TVTX,no_50ma_touch,,,,,,,,,
2026-09-16,TWLO,no_data_for_date,,,,,,,,,
2026-09-16,TWST,no_50ma_touch,,,,,,,,,
2026-09-16,TXNM,no_data_for_date,,,,,,,,,
2026-09-16,TXRH,no_data_for_date,,,,,,,,,
2026-09-16,UAA,no_data_for_date,,,,,,,,,
2026-09-16,UA,no_data_for_date,,,,,,,,,
2026-09-16,UBSI,no_data_for_date,,,,,,,,,
2026-09-16,UCB,no_data_for_date,,,,,,,,,
2026-09-16,UCTT,no_data_for_date,,,,,,,,,
2026-09-16,UE,no_data_for_date,,,,,,,,,
2026-09-16,UFCS,no_data_for_date,,,,,,,,,
2026-09-16,UFPI,no_data_for_date,,,,,,,,,
2026-09-16,UFPT,no_data_for_date,,,,,,,,,
2026-09-16,UGI,no_data_for_date,,,,,,,,,
2026-09-16,ULS,no_data_for_date,,,,,,,,,
2026-09-16,UMBF,no_data_for_date,,,,,,,,,
2026-09-16,UNFI,no_data_for_date,,,,,,,,,
2026-09-16,UNF,no_data_for_date,,,,,,,,,
2026-09-16,UNIT,no_data_for_date,,,,,,,,,
2026-09-16,UNM,no_data_for_date,,,,,,,,,
2026-09-16,UPBD,no_data_for_date,,,,,,,,,
2026-09-16,UPWK,no_data_for_date,,,,,,,,,
2026-09-16,URBN,no_data_for_date,,,,,,,,,
2026-09-16,USFD,no_data_for_date,,,,,,,,,
2026-09-16,USLM,no_data_for_date,,,,,,,,,
2026-09-16,USPH,no_data_for_date,,,,,,,,,
2026-09-16,UTHR,no_data_for_date,,,,,,,,,
2026-09-16,UTI,no_data_for_date,,,,,,,,,
2026-09-16,UTL,no_data_for_date,,,,,,,,,
2026-09-16,UTZ,no_50ma_touch,,,,,,,,,
2026-09-16,UVV,no_data_for_date,,,,,,,,,
2026-09-16,U,no_50ma_touch,,,,,,,,,
2026-09-16,VAC,no_data_for_date,,,,,,,,,
2026-09-16,VAL,no_data_for_date,,,,,,,,,
2026-09-16,VCEL,no_data_for_date,,,,,,,,,
2026-09-16,VCTR,no_data_for_date,,,,,,,,,
2026-09-16,VCYT,no_data_for_date,,,,,,,,,
2026-09-16,VC,no_data_for_date,,,,,,,,,
2026-09-16,VECO,no_data_for_date,,,,,,,,,
2026-09-16,VEEV,no_50ma_touch,,,,,,,,,
2026-09-16,VFC,no_data_for_date,,,,,,,,,
2026-09-16,VGNT,no_data_for_date,,,,,,,,,
2026-09-16,VIAV,no_data_for_date,,,,,,,,,
2026-09-16,VICR,no_data_for_date,,,,,,,,,
2026-09-16,VIRT,no_data_for_date,,,,,,,,,
2026-09-16,VIR,no_data_for_date,,,,,,,,,
2026-09-16,VLO,no_50ma_touch,,,,,,,,,
2026-09-16,VLY,no_data_for_date,,,,,,,,,
2026-09-16,VMI,no_data_for_date,,,,,,,,,
2026-09-16,VNOM,no_data_for_date,,,,,,,,,
2026-09-16,VNO,no_data_for_date,,,,,,,,,
2026-09-16,VNT,no_data_for_date,,,,,,,,,
2026-09-16,VOYA,no_data_for_date,,,,,,,,,
2026-09-16,VRRM,no_data_for_date,,,,,,,,,
2026-09-16,VRTS,no_data_for_date,,,,,,,,,
2026-09-16,VSAT,no_data_for_date,,,,,,,,,
2026-09-16,VSEC,no_data_for_date,,,,,,,,,
2026-09-16,VSH,no_data_for_date,,,,,,,,,
2026-09-16,VSNT,no_data_for_date,,,,,,,,,
2026-09-16,VSTS,no_data_for_date,,,,,,,,,
2026-09-16,VSXY,no_data_for_date,,,,,,,,,
2026-09-16,VTOL,no_data_for_date,,,,,,,,,
2026-09-16,VVV,no_data_for_date,,,,,,,,,
2026-09-16,VVX,no_data_for_date,,,,,,,,,
2026-09-16,VYX,no_data_for_date,,,,,,,,,
2026-09-16,WABC,no_data_for_date,,,,,,,,,
2026-09-16,WAFD,no_data_for_date,,,,,,,,,
2026-09-16,WAL,no_data_for_date,,,,,,,,,
2026-09-16,WAY,no_data_for_date,,,,,,,,,
2026-09-16,WBS,no_data_for_date,,,,,,,,,
2026-09-16,WCC,no_data_for_date,,,,,,,,,
2026-09-16,WDFC,no_data_for_date,,,,,,,,,
2026-09-16,WD,no_data_for_date,,,,,,,,,
2026-09-16,WEN,no_data_for_date,,,,,,,,,
2026-09-16,WERN,no_data_for_date,,,,,,,,,
2026-09-16,WEX,no_data_for_date,,,,,,,,,
2026-09-16,WFRD,no_data_for_date,,,,,,,,,
2026-09-16,WGO,no_data_for_date,,,,,,,,,
2026-09-16,WHD,no_data_for_date,,,,,,,,,
2026-09-16,WHR,no_data_for_date,,,,,,,,,
2026-09-16,WH,no_data_for_date,,,,,,,,,
2026-09-16,WINA,no_data_for_date,,,,,,,,,
2026-09-16,WING,no_data_for_date,,,,,,,,,
2026-09-16,WKC,no_data_for_date,,,,,,,,,
2026-09-16,WLK,no_data_for_date,,,,,,,,,
2026-09-16,WLY,no_data_for_date,,,,,,,,,
2026-09-16,WMG,no_data_for_date,,,,,,,,,
2026-09-16,WMS,no_data_for_date,,,,,,,,,
2026-09-16,WOR,no_data_for_date,,,,,,,,,
2026-09-16,WPC,no_data_for_date,,,,,,,,,
2026-09-16,WRBY,no_data_for_date,,,,,,,,,
2026-09-16,WRLD,no_data_for_date,,,,,,,,,
2026-09-16,WSBC,no_data_for_date,,,,,,,,,
2026-09-16,WSC,no_data_for_date,,,,,,,,,
2026-09-16,WSFS,no_data_for_date,,,,,,,,,
2026-09-16,WSO,no_data_for_date,,,,,,,,,
2026-09-16,WS,no_data_for_date,,,,,,,,,
2026-09-16,WTFC,no_data_for_date,,,,,,,,,
2026-09-16,WTRG,no_data_for_date,,,,,,,,,
2026-09-16,WTS,no_data_for_date,,,,,,,,,
2026-09-16,WT,no_data_for_date,,,,,,,,,
2026-09-16,WU,no_data_for_date,,,,,,,,,
2026-09-16,WWD,no_data_for_date,,,,,,,,,
2026-09-16,WWW,no_data_for_date,,,,,,,,,
2026-09-16,XHR,no_data_for_date,,,,,,,,,
2026-09-16,XNCR,no_data_for_date,,,,,,,,,
2026-09-16,XPEL,no_data_for_date,,,,,,,,,
2026-09-16,XPO,no_data_for_date,,,,,,,,,
2026-09-16,XRAY,no_data_for_date,,,,,,,,,
2026-09-16,XRX,no_50ma_touch,,,,,,,,,
2026-09-16,YELP,no_data_for_date,,,,,,,,,
2026-09-16,YETI,no_data_for_date,,,,,,,,,
2026-09-16,YOU,no_data_for_date,,,,,,,,,
2026-09-16,ZD,no_data_for_date,,,,,,,,,
2026-09-16,ZION,no_data_for_date,,,,,,,,,
2026-09-16,ZWS,no_data_for_date,,,,,,,,,
2026-09-17,AAL,no_data_for_date,,,,,,,,,
2026-09-17,AAMI,no_data_for_date,,,,,,,,,
2026-09-17,AAON,no_data_for_date,,,,,,,,,
2026-09-17,AAP,no_data_for_date,,,,,,,,,
2026-09-17,AAT,no_data_for_date,,,,,,,,,
2026-09-17,AA,no_data_for_date,,,,,,,,,
2026-09-17,ABCB,no_data_for_date,,,,,,,,,
2026-09-17,ABCL,no_50ma_touch,,,,,,,,,
2026-09-17,ABG,no_data_for_date,,,,,,,,,
2026-09-17,ABM,no_data_for_date,,,,,,,,,
2026-09-17,ABR,no_data_for_date,,,,,,,,,
2026-09-17,ACAD,no_data_for_date,,,,,,,,,
2026-09-17,ACA,no_data_for_date,,,,,,,,,
2026-09-17,ACHC,no_data_for_date,,,,,,,,,
2026-09-17,ACIW,no_data_for_date,,,,,,,,,
2026-09-17,ACI,no_data_for_date,,,,,,,,,
2026-09-17,ACLS,no_data_for_date,,,,,,,,,
2026-09-17,ACMR,no_data_for_date,,,,,,,,,
2026-09-17,ACM,no_data_for_date,,,,,,,,,
2026-09-17,ACT,no_data_for_date,,,,,,,,,
2026-09-17,ADAM,no_data_for_date,,,,,,,,,
2026-09-17,ADC,no_data_for_date,,,,,,,,,
2026-09-17,ADEA,no_data_for_date,,,,,,,,,
2026-09-17,ADIG,no_data_for_date,,,,,,,,,
2026-09-17,ADMA,no_data_for_date,,,,,,,,,
2026-09-17,ADNT,no_data_for_date,,,,,,,,,
2026-09-17,ADP,no_data_for_date,,,,,,,,,
2026-09-17,ADT,no_data_for_date,,,,,,,,,
2026-09-17,ADUS,no_data_for_date,,,,,,,,,
2026-09-17,AEIS,no_data_for_date,,,,,,,,,
2026-09-17,AEO,no_data_for_date,,,,,,,,,
2026-09-17,AESI,no_data_for_date,,,,,,,,,
2026-09-17,AFG,no_data_for_date,,,,,,,,,
2026-09-17,AGCO,no_data_for_date,,,,,,,,,
2026-09-17,AGNT,no_data_for_date,,,,,,,,,
2026-09-17,AGO,no_data_for_date,,,,,,,,,
2026-09-17,AGX,no_data_for_date,,,,,,,,,
2026-09-17,AGYS,no_data_for_date,,,,,,,,,
2026-09-17,AHCO,no_data_for_date,,,,,,,,,
2026-09-17,AHR,no_data_for_date,,,,,,,,,
2026-09-17,AIN,no_data_for_date,,,,,,,,,
2026-09-17,AIR,no_data_for_date,,,,,,,,,
2026-09-17,AIT,no_data_for_date,,,,,,,,,
2026-09-17,AKR,no_data_for_date,,,,,,,,,
2026-09-17,ALGM,no_data_for_date,,,,,,,,,
2026-09-17,ALGT,no_data_for_date,,,,,,,,,
2026-09-17,ALG,no_data_for_date,,,,,,,,,
2026-09-17,ALHC,no_data_for_date,,,,,,,,,
2026-09-17,ALKS,no_data_for_date,,,,,,,,,
2026-09-17,ALK,no_data_for_date,,,,,,,,,
2026-09-17,ALLY,no_data_for_date,,,,,,,,,
2026-09-17,ALRM,no_data_for_date,,,,,,,,,
2026-09-17,ALSN,no_data_for_date,,,,,,,,,
2026-09-17,ALV,no_data_for_date,,,,,,,,,
2026-09-17,AMC,no_50ma_touch,,,,,,,,,
2026-09-17,AMG,no_data_for_date,,,,,,,,,
2026-09-17,AMH,no_data_for_date,,,,,,,,,
2026-09-17,AMKR,no_data_for_date,,,,,,,,,
2026-09-17,AMLX,no_50ma_touch,,,,,,,,,
2026-09-17,AMN,no_data_for_date,,,,,,,,,
2026-09-17,AMPH,no_data_for_date,,,,,,,,,
2026-09-17,AMRX,no_data_for_date,,,,,,,,,
2026-09-17,AMR,no_data_for_date,,,,,,,,,
2026-09-17,AMSF,no_data_for_date,,,,,,,,,
2026-09-17,AMTM,no_data_for_date,,,,,,,,,
2026-09-17,AM,no_data_for_date,,,,,,,,,
2026-09-17,ANDE,no_data_for_date,,,,,,,,,
2026-09-17,ANF,no_data_for_date,,,,,,,,,
2026-09-17,ANIP,no_data_for_date,,,,,,,,,
2026-09-17,AN,no_data_for_date,,,,,,,,,
2026-09-17,AORT,no_data_for_date,,,,,,,,,
2026-09-17,AOSL,no_data_for_date,,,,,,,,,
2026-09-17,APAM,no_data_for_date,,,,,,,,,
2026-09-17,APG,no_data_for_date,,,,,,,,,
2026-09-17,APLE,no_data_for_date,,,,,,,,,
2026-09-17,APOG,no_data_for_date,,,,,,,,,
2026-09-17,APPF,no_data_for_date,,,,,,,,,
2026-09-17,APPS,momentum_screen,,,,,,,,,
2026-09-17,ARCB,no_data_for_date,,,,,,,,,
2026-09-17,ARLO,no_data_for_date,,,,,,,,,
2026-09-17,ARMK,no_data_for_date,,,,,,,,,
2026-09-17,AROC,no_data_for_date,,,,,,,,,
2026-09-17,ARR,no_data_for_date,,,,,,,,,
2026-09-17,ARWR,no_data_for_date,,,,,,,,,
2026-09-17,ARW,no_data_for_date,,,,,,,,,
2026-09-17,AR,no_data_for_date,,,,,,,,,
2026-09-17,ASB,no_data_for_date,,,,,,,,,
2026-09-17,ASH,no_data_for_date,,,,,,,,,
2026-09-17,ASO,no_data_for_date,,,,,,,,,
2026-09-17,ASTE,no_data_for_date,,,,,,,,,
2026-09-17,ASTH,no_data_for_date,,,,,,,,,
2026-09-17,ATEN,no_data_for_date,,,,,,,,,
2026-09-17,ATI,no_data_for_date,,,,,,,,,
2026-09-17,ATMU,no_data_for_date,,,,,,,,,
2026-09-17,ATRC,no_50ma_touch,,,,,,,,,
2026-09-17,ATR,no_data_for_date,,,,,,,,,
2026-09-17,AUB,no_data_for_date,,,,,,,,,
2026-09-17,AVAH,no_50ma_touch,,,,,,,,,
2026-09-17,AVAV,no_data_for_date,,,,,,,,,
2026-09-17,AVA,no_data_for_date,,,,,,,,,
2026-09-17,AVNT,no_data_for_date,,,,,,,,,
2026-09-17,AVTR,no_data_for_date,,,,,,,,,
2026-09-17,AVT,no_data_for_date,,,,,,,,,
2026-09-17,AWI,no_data_for_date,,,,,,,,,
2026-09-17,AWR,no_data_for_date,,,,,,,,,
2026-09-17,AXTA,no_data_for_date,,,,,,,,,
2026-09-17,AX,no_data_for_date,,,,,,,,,
2026-09-17,AYI,no_data_for_date,,,,,,,,,
2026-09-17,AZTA,no_data_for_date,,,,,,,,,
2026-09-17,AZZ,no_data_for_date,,,,,,,,,
2026-09-17,BAH,no_data_for_date,,,,,,,,,
2026-09-17,BANC,no_data_for_date,,,,,,,,,
2026-09-17,BANF,no_data_for_date,,,,,,,,,
2026-09-17,BANR,no_data_for_date,,,,,,,,,
2026-09-17,BBT,no_data_for_date,,,,,,,,,
2026-09-17,BBWI,no_data_for_date,,,,,,,,,
2026-09-17,BCC,no_data_for_date,,,,,,,,,
2026-09-17,BCO,no_data_for_date,,,,,,,,,
2026-09-17,BCPC,no_data_for_date,,,,,,,,,
2026-09-17,BC,no_data_for_date,,,,,,,,,
2026-09-17,BDC,no_data_for_date,,,,,,,,,
2026-09-17,BFAM,no_data_for_date,,,,,,,,,
2026-09-17,BFH,no_data_for_date,,,,,,,,,
2026-09-17,BFS,no_data_for_date,,,,,,,,,
2026-09-17,BGC,no_data_for_date,,,,,,,,,
2026-09-17,BHE,no_data_for_date,,,,,,,,,
2026-09-17,BHF,no_data_for_date,,,,,,,,,
2026-09-17,BILL,no_data_for_date,,,,,,,,,
2026-09-17,BIO,no_data_for_date,,,,,,,,,
2026-09-17,BJRI,no_data_for_date,,,,,,,,,
2026-09-17,BJ,no_data_for_date,,,,,,,,,
2026-09-17,BKE,no_data_for_date,,,,,,,,,
2026-09-17,BKH,no_data_for_date,,,,,,,,,
2026-09-17,BKU,no_data_for_date,,,,,,,,,
2026-09-17,BLFS,no_data_for_date,,,,,,,,,
2026-09-17,BLKB,no_data_for_date,,,,,,,,,
2026-09-17,BL,no_data_for_date,,,,,,,,,
2026-09-17,BMI,no_data_for_date,,,,,,,,,
2026-09-17,BMRN,no_data_for_date,,,,,,,,,
2026-09-17,BNL,no_data_for_date,,,,,,,,,
2026-09-17,BOH,no_data_for_date,,,,,,,,,
2026-09-17,BOOT,no_data_for_date,,,,,,,,,
2026-09-17,BOX,no_data_for_date,,,,,,,,,
2026-09-17,BRC,no_data_for_date,,,,,,,,,
2026-09-17,BRKR,no_data_for_date,,,,,,,,,
2026-09-17,BROS,no_data_for_date,,,,,,,,,
2026-09-17,BRX,no_data_for_date,,,,,,,,,
2026-09-17,BSY,no_data_for_date,,,,,,,,,
2026-09-17,BTSG,no_data_for_date,,,,,,,,,
2026-09-17,BTU,no_data_for_date,,,,,,,,,
2026-09-17,BURL,no_data_for_date,,,,,,,,,
2026-09-17,BWA,no_data_for_date,,,,,,,,,
2026-09-17,BWXT,no_data_for_date,,,,,,,,,
2026-09-17,BXMT,no_data_for_date,,,,,,,,,
2026-09-17,BYD,no_data_for_date,,,,,,,,,
2026-09-17,CACC,no_data_for_date,,,,,,,,,
2026-09-17,CACI,no_data_for_date,,,,,,,,,
2026-09-17,CAG,no_data_for_date,,,,,,,,,
2026-09-17,CAKE,no_data_for_date,,,,,,,,,
2026-09-17,CALM,no_data_for_date,,,,,,,,,
2026-09-17,CALX,no_data_for_date,,,,,,,,,
2026-09-17,CALY,no_data_for_date,,,,,,,,,
2026-09-17,CARG,no_data_for_date,,,,,,,,,
2026-09-17,CART,no_data_for_date,,,,,,,,,
2026-09-17,CAR,no_data_for_date,,,,,,,,,
2026-09-17,CASH,no_data_for_date,,,,,,,,,
2026-09-17,CATY,no_data_for_date,,,,,,,,,
2026-09-17,CAVA,no_data_for_date,,,,,,,,,
2026-09-17,CBRL,no_data_for_date,,,,,,,,,
2026-09-17,CBSH,no_data_for_date,,,,,,,,,
2026-09-17,CBT,no_data_for_date,,,,,,,,,
2026-09-17,CBU,no_data_for_date,,,,,,,,,
2026-09-17,CBZ,no_50ma_touch,,,,,,,,,
2026-09-17,CCK,no_data_for_date,,,,,,,,,
2026-09-17,CCOI,no_data_for_date,,,,,,,,,
2026-09-17,CCS,no_data_for_date,,,,,,,,,
2026-09-17,CC,no_data_for_date,,,,,,,,,
2026-09-17,CDE,no_data_for_date,,,,,,,,,
2026-09-17,CDNA,no_data_for_date,,,,,,,,,
2026-09-17,CDP,no_data_for_date,,,,,,,,,
2026-09-17,CELH,no_data_for_date,,,,,,,,,
2026-09-17,CENTA,no_data_for_date,,,,,,,,,
2026-09-17,CENT,no_data_for_date,,,,,,,,,
2026-09-17,CENX,no_data_for_date,,,,,,,,,
2026-09-17,CERT,no_data_for_date,,,,,,,,,
2026-09-17,CE,no_data_for_date,,,,,,,,,
2026-09-17,CFFN,no_data_for_date,,,,,,,,,
2026-09-17,CFR,no_data_for_date,,,,,,,,,
2026-09-17,CGNX,no_data_for_date,,,,,,,,,
2026-09-17,CG,no_data_for_date,,,,,,,,,
2026-09-17,CHCO,no_data_for_date,,,,,,,,,
2026-09-17,CHDN,no_data_for_date,,,,,,,,,
2026-09-17,CHEF,no_data_for_date,,,,,,,,,
2026-09-17,CHE,no_data_for_date,,,,,,,,,
2026-09-17,CHH,no_data_for_date,,,,,,,,,
2026-09-17,CHRD,no_data_for_date,,,,,,,,,
2026-09-17,CHWY,no_data_for_date,,,,,,,,,
2026-09-17,CLBK,no_50ma_touch,,,,,,,,,
2026-09-17,CLF,no_data_for_date,,,,,,,,,
2026-09-17,CLH,no_data_for_date,,,,,,,,,
2026-09-17,CLMT,no_50ma_touch,,,,,,,,,
2026-09-17,CLOV,momentum_screen,,,,,,,,,
2026-09-17,CLSK,no_data_for_date,,,,,,,,,
2026-09-17,CMC,no_data_for_date,,,,,,,,,
2026-09-17,CNH,no_data_for_date,,,,,,,,,
2026-09-17,CNK,no_data_for_date,,,,,,,,,
2026-09-17,CNMD,no_data_for_date,,,,,,,,,
2026-09-17,CNM,no_data_for_date,,,,,,,,,
2026-09-17,CNO,no_50ma_touch,,,,,,,,,
2026-09-17,CNR,no_data_for_date,,,,,,,,,
2026-09-17,CNS,no_data_for_date,,,,,,,,,
2026-09-17,CNXC,no_data_for_date,,,,,,,,,
2026-09-17,CNXN,no_data_for_date,,,,,,,,,
2026-09-17,CNX,no_data_for_date,,,,,,,,,
2026-09-17,COCO,no_data_for_date,,,,,,,,,
2026-09-17,COHU,no_data_for_date,,,,,,,,,
2026-09-17,COKE,no_data_for_date,,,,,,,,,
2026-09-17,COLB,no_data_for_date,,,,,,,,,
2026-09-17,COLL,no_data_for_date,,,,,,,,,
2026-09-17,COLM,no_data_for_date,,,,,,,,,
2026-09-17,CON,no_data_for_date,,,,,,,,,
2026-09-17,CORT,no_data_for_date,,,,,,,,,
2026-09-17,COTY,no_data_for_date,,,,,,,,,
2026-09-17,CPB,no_data_for_date,,,,,,,,,
2026-09-17,CPF,no_data_for_date,,,,,,,,,
2026-09-17,CPK,no_data_for_date,,,,,,,,,
2026-09-17,CPRI,no_data_for_date,,,,,,,,,
2026-09-17,CRBG,no_data_for_date,,,,,,,,,
2026-09-17,CRC,no_data_for_date,,,,,,,,,
2026-09-17,CRGY,no_data_for_date,,,,,,,,,
2026-09-17,CRI,no_data_for_date,,,,,,,,,
2026-09-17,CRK,no_data_for_date,,,,,,,,,
2026-09-17,CROX,no_data_for_date,,,,,,,,,
2026-09-17,CRSR,no_data_for_date,,,,,,,,,
2026-09-17,CRS,no_data_for_date,,,,,,,,,
2026-09-17,CRUS,no_data_for_date,,,,,,,,,
2026-09-17,CRVL,no_data_for_date,,,,,,,,,
2026-09-17,CRWD,no_50ma_touch,,,,,,,,,
2026-09-17,CR,no_data_for_date,,,,,,,,,
2026-09-17,CSL,no_data_for_date,,,,,,,,,
2026-09-17,CSR,no_data_for_date,,,,,,,,,
2026-09-17,CSW,no_data_for_date,,,,,,,,,
2026-09-17,CTRE,no_data_for_date,,,,,,,,,
2026-09-17,CTS,no_data_for_date,,,,,,,,,
2026-09-17,CUBE,no_data_for_date,,,,,,,,,
2026-09-17,CUBI,no_data_for_date,,,,,,,,,
2026-09-17,CURB,no_data_for_date,,,,,,,,,
2026-09-17,CUZ,no_data_for_date,,,,,,,,,
2026-09-17,CVBF,no_data_for_date,,,,,,,,,
2026-09-17,CVCO,no_data_for_date,,,,,,,,,
2026-09-17,CVI,no_data_for_date,,,,,,,,,
2026-09-17,CVLT,no_data_for_date,,,,,,,,,
2026-09-17,CVSA,no_data_for_date,,,,,,,,,
2026-09-17,CWEN,no_data_for_date,,,,,,,,,
2026-09-17,CWK,no_data_for_date,,,,,,,,,
2026-09-17,CWST,no_data_for_date,,,,,,,,,
2026-09-17,CWT,no_data_for_date,,,,,,,,,
2026-09-17,CW,no_data_for_date,,,,,,,,,
2026-09-17,CXM,no_data_for_date,,,,,,,,,
2026-09-17,CXT,no_data_for_date,,,,,,,,,
2026-09-17,CXW,no_50ma_touch,,,,,,,,,
2026-09-17,CYTK,no_data_for_date,,,,,,,,,
2026-09-17,CZR,no_data_for_date,,,,,,,,,
2026-09-17,DAN,no_data_for_date,,,,,,,,,
2026-09-17,DAR,no_data_for_date,,,,,,,,,
2026-09-17,DAVE,no_data_for_date,,,,,,,,,
2026-09-17,DBD,no_data_for_date,,,,,,,,,
2026-09-17,DBX,no_data_for_date,,,,,,,,,
2026-09-17,DCH,no_data_for_date,,,,,,,,,
2026-09-17,DCI,no_data_for_date,,,,,,,,,
2026-09-17,DCOM,no_data_for_date,,,,,,,,,
2026-09-17,DEA,no_data_for_date,,,,,,,,,
2026-09-17,DEI,no_data_for_date,,,,,,,,,
2026-09-17,DELL,no_50ma_touch,,,,,,,,,
2026-09-17,DFH,no_data_for_date,,,,,,,,,
2026-09-17,DFIN,no_data_for_date,,,,,,,,,
2026-09-17,DGII,no_data_for_date,,,,,,,,,
2026-09-17,DINO,no_50ma_touch,,,,,,,,,
2026-09-17,DIOD,no_data_for_date,,,,,,,,,
2026-09-17,DKS,no_data_for_date,,,,,,,,,
2026-09-17,DK,no_50ma_touch,,,,,,,,,
2026-09-17,DLB,no_data_for_date,,,,,,,,,
2026-09-17,DLX,no_data_for_date,,,,,,,,,
2026-09-17,DMC,no_data_for_date,,,,,,,,,
2026-09-17,DNOW,no_data_for_date,,,,,,,,,
2026-09-17,DOCN,no_data_for_date,,,,,,,,,
2026-09-17,DOCS,no_data_for_date,,,,,,,,,
2026-09-17,DOCU,no_data_for_date,,,,,,,,,
2026-09-17,DORM,no_data_for_date,,,,,,,,,
2026-09-17,DRH,no_data_for_date,,,,,,,,,
2026-09-17,DTM,no_data_for_date,,,,,,,,,
2026-09-17,DT,no_data_for_date,,,,,,,,,
2026-09-17,DUOL,no_data_for_date,,,,,,,,,
2026-09-17,DV,no_data_for_date,,,,,,,,,
2026-09-17,DXC,no_data_for_date,,,,,,,,,
2026-09-17,DXPE,no_data_for_date,,,,,,,,,
2026-09-17,DY,no_data_for_date,,,,,,,,,
2026-09-17,EAT,no_data_for_date,,,,,,,,,
2026-09-17,EBC,no_data_for_date,,,,,,,,,
2026-09-17,ECG,no_data_for_date,,,,,,,,,
2026-09-17,ECPG,no_data_for_date,,,,,,,,,
2026-09-17,EEFT,no_data_for_date,,,,,,,,,
2026-09-17,EFC,no_data_for_date,,,,,,,,,
2026-09-17,EFOR,no_data_for_date,,,,,,,,,
2026-09-17,EGBN,no_data_for_date,,,,,,,,,
2026-09-17,EGP,no_data_for_date,,,,,,,,,
2026-09-17,EHC,no_data_for_date,,,,,,,,,
2026-09-17,EIG,no_data_for_date,,,,,,,,,
2026-09-17,ELAN,no_data_for_date,,,,,,,,,
2026-09-17,ELF,no_data_for_date,,,,,,,,,
2026-09-17,ELS,no_data_for_date,,,,,,,,,
2026-09-17,EMN,no_data_for_date,,,,,,,,,
2026-09-17,ENOV,no_data_for_date,,,,,,,,,
2026-09-17,ENPH,no_data_for_date,,,,,,,,,
2026-09-17,ENR,no_data_for_date,,,,,,,,,
2026-09-17,ENSG,no_data_for_date,,,,,,,,,
2026-09-17,ENS,no_data_for_date,,,,,,,,,
2026-09-17,ENTG,no_data_for_date,,,,,,,,,
2026-09-17,ENVA,no_data_for_date,,,,,,,,,
2026-09-17,EPAC,no_data_for_date,,,,,,,,,
2026-09-17,EPAM,no_data_for_date,,,,,,,,,
2026-09-17,EPC,no_data_for_date,,,,,,,,,
2026-09-17,EPRT,no_data_for_date,,,,,,,,,
2026-09-17,EPR,no_data_for_date,,,,,,,,,
2026-09-17,EQH,no_data_for_date,,,,,,,,,
2026-09-17,ESAB,no_data_for_date,,,,,,,,,
2026-09-17,ESE,no_data_for_date,,,,,,,,,
2026-09-17,ESI,no_data_for_date,,,,,,,,,
2026-09-17,ESNT,no_data_for_date,,,,,,,,,
2026-09-17,ETSY,no_data_for_date,,,,,,,,,
2026-09-17,EVR,no_data_for_date,,,,,,,,,
2026-09-17,EVTC,no_data_for_date,,,,,,,,,
2026-09-17,EWBC,no_data_for_date,,,,,,,,,
2026-09-17,EXEL,no_data_for_date,,,,,,,,,
2026-09-17,EXLS,no_data_for_date,,,,,,,,,
2026-09-17,EXPO,no_data_for_date,,,,,,,,,
2026-09-17,EXP,no_data_for_date,,,,,,,,,
2026-09-17,EXTR,no_data_for_date,,,,,,,,,
2026-09-17,EYE,no_data_for_date,,,,,,,,,
2026-09-17,EZPW,no_data_for_date,,,,,,,,,
2026-09-17,FAF,no_data_for_date,,,,,,,,,
2026-09-17,FA,no_spy_data,,21.0258,0.7385,3.5122,,,,,
2026-09-17,FBIN,no_data_for_date,,,,,,,,,
2026-09-17,FBK,no_data_for_date,,,,,,,,,
2026-09-17,FBNC,no_data_for_date,,,,,,,,,
2026-09-17,FBP,no_data_for_date,,,,,,,,,
2026-09-17,FBRT,no_data_for_date,,,,,,,,,
2026-09-17,FCFS,no_data_for_date,,,,,,,,,
2026-09-17,FCF,no_data_for_date,,,,,,,,,
2026-09-17,FCN,no_data_for_date,,,,,,,,,
2026-09-17,FCPT,no_data_for_date,,,,,,,,,
2026-09-17,FELE,no_data_for_date,,,,,,,,,
2026-09-17,FFBC,no_data_for_date,,,,,,,,,
2026-09-17,FFIN,no_data_for_date,,,,,,,,,
2026-09-17,FG,no_data_for_date,,,,,,,,,
2026-09-17,FHB,no_data_for_date,,,,,,,,,
2026-09-17,FHI,no_data_for_date,,,,,,,,,
2026-09-17,FHN,no_data_for_date,,,,,,,,,
2026-09-17,FIBK,no_data_for_date,,,,,,,,,
2026-09-17,FIVE,no_data_for_date,,,,,,,,,
2026-09-17,FIVN,no_data_for_date,,,,,,,,,
2026-09-17,FIZZ,no_data_for_date,,,,,,,,,
2026-09-17,FLG,no_data_for_date,,,,,,,,,
2026-09-17,FLO,no_data_for_date,,,,,,,,,
2026-09-17,FLR,no_data_for_date,,,,,,,,,
2026-09-17,FLS,no_data_for_date,,,,,,,,,
2026-09-17,FMC,no_data_for_date,,,,,,,,,
2026-09-17,FNB,no_data_for_date,,,,,,,,,
2026-09-17,FND,no_data_for_date,,,,,,,,,
2026-09-17,FNF,no_data_for_date,,,,,,,,,
2026-09-17,FN,no_data_for_date,,,,,,,,,
2026-09-17,FORM,no_data_for_date,,,,,,,,,
2026-09-17,FOUR,no_data_for_date,,,,,,,,,
2026-09-17,FOXF,no_data_for_date,,,,,,,,,
2026-09-17,FROG,momentum_screen,,,,,,,,,
2026-09-17,FRPT,no_data_for_date,,,,,,,,,
2026-09-17,FR,no_data_for_date,,,,,,,,,
2026-09-17,FSS,no_data_for_date,,,,,,,,,
2026-09-17,FTDR,no_data_for_date,,,,,,,,,
2026-09-17,FTI,no_data_for_date,,,,,,,,,
2026-09-17,FTNT,no_50ma_touch,,,,,,,,,
2026-09-17,FTRE,no_data_for_date,,,,,,,,,
2026-09-17,FULT,no_data_for_date,,,,,,,,,
2026-09-17,FUL,no_data_for_date,,,,,,,,,
2026-09-17,FUN,no_data_for_date,,,,,,,,,
2026-09-17,GAP,no_data_for_date,,,,,,,,,
2026-09-17,GATX,no_data_for_date,,,,,,,,,
2026-09-17,GBCI,no_data_for_date,,,,,,,,,
2026-09-17,GBTG,no_50ma_touch,,,,,,,,,
2026-09-17,GBX,no_data_for_date,,,,,,,,,
2026-09-17,GEF,no_data_for_date,,,,,,,,,
2026-09-17,GEO,no_50ma_touch,,,,,,,,,
2026-09-17,GFF,no_data_for_date,,,,,,,,,
2026-09-17,GGG,no_data_for_date,,,,,,,,,
2026-09-17,GHC,no_data_for_date,,,,,,,,,
2026-09-17,GH,no_50ma_touch,,,,,,,,,
2026-09-17,GIII,no_data_for_date,,,,,,,,,
2026-09-17,GKOS,no_data_for_date,,,,,,,,,
2026-09-17,GLPI,no_data_for_date,,,,,,,,,
2026-09-17,GMED,no_data_for_date,,,,,,,,,
2026-09-17,GME,no_data_for_date,,,,,,,,,
2026-09-17,GNL,no_data_for_date,,,,,,,,,
2026-09-17,GNTX,no_data_for_date,,,,,,,,,
2026-09-17,GNW,no_data_for_date,,,,,,,,,
2026-09-17,GOLF,no_data_for_date,,,,,,,,,
2026-09-17,GO,no_data_for_date,,,,,,,,,
2026-09-17,GPI,no_data_for_date,,,,,,,,,
2026-09-17,GPK,no_data_for_date,,,,,,,,,
2026-09-17,GPOR,no_data_for_date,,,,,,,,,
2026-09-17,GRBK,no_data_for_date,,,,,,,,,
2026-09-17,GSHD,no_data_for_date,,,,,,,,,
2026-09-17,GTES,no_data_for_date,,,,,,,,,
2026-09-17,GTM,no_data_for_date,,,,,,,,,
2026-09-17,GTY,no_data_for_date,,,,,,,,,
2026-09-17,GT,no_data_for_date,,,,,,,,,
2026-09-17,GVA,no_data_for_date,,,,,,,,,
2026-09-17,GWRE,no_data_for_date,,,,,,,,,
2026-09-17,GXO,no_data_for_date,,,,,,,,,
2026-09-17,G,no_data_for_date,,,,,,,,,
2026-09-17,HAE,no_data_for_date,,,,,,,,,
2026-09-17,HAFC,no_data_for_date,,,,,,,,,
2026-09-17,HALO,no_50ma_touch,,,,,,,,,
2026-09-17,HASI,no_data_for_date,,,,,,,,,
2026-09-17,HAYW,no_data_for_date,,,,,,,,,
2026-09-17,HCC,no_data_for_date,,,,,,,,,
2026-09-17,HCI,no_data_for_date,,,,,,,,,
2026-09-17,HCSG,no_data_for_date,,,,,,,,,
2026-09-17,HE,no_data_for_date,,,,,,,,,
2026-09-17,HFWA,no_data_for_date,,,,,,,,,
2026-09-17,HGV,no_data_for_date,,,,,,,,,
2026-09-17,HIMS,no_data_for_date,,,,,,,,,
2026-09-17,HIW,no_data_for_date,,,,,,,,,
2026-09-17,HLIT,no_data_for_date,,,,,,,,,
2026-09-17,HLI,no_data_for_date,,,,,,,,,
2026-09-17,HLNE,no_data_for_date,,,,,,,,,
2026-09-17,HLX,no_data_for_date,,,,,,,,,
2026-09-17,HL,no_data_for_date,,,,,,,,,
2026-09-17,HMN,no_data_for_date,,,,,,,,,
2026-09-17,HNGE,no_50ma_touch,,,,,,,,,
2026-09-17,HNI,no_data_for_date,,,,,,,,,
2026-09-17,HOG,no_data_for_date,,,,,,,,,
2026-09-17,HOMB,no_data_for_date,,,,,,,,,
2026-09-17,HOPE,no_data_for_date,,,,,,,,,
2026-09-17,HPE,no_data_for_date,,,,,,,,,
2026-09-17,HPQ,no_50ma_touch,,,,,,,,,
2026-09-17,HP,no_data_for_date,,,,,,,,,
2026-09-17,HQY,no_data_for_date,,,,,,,,,
2026-09-17,HRB,no_data_for_date,,,,,,,,,
2026-09-17,HRMY,no_data_for_date,,,,,,,,,
2026-09-17,HR,no_data_for_date,,,,,,,,,
2026-09-17,HSTM,no_data_for_date,,,,,,,,,
2026-09-17,HTH,no_data_for_date,,,,,,,,,
2026-09-17,HTLD,no_data_for_date,,,,,,,,,
2026-09-17,HTO,no_data_for_date,,,,,,,,,
2026-09-17,HUBG,no_data_for_date,,,,,,,,,
2026-09-17,HWC,no_data_for_date,,,,,,,,,
2026-09-17,HWKN,no_data_for_date,,,,,,,,,
2026-09-17,HXL,no_data_for_date,,,,,,,,,
2026-09-17,HZO,no_data_for_date,,,,,,,,,
2026-09-17,H,no_data_for_date,,,,,,,,,
2026-09-17,IART,no_data_for_date,,,,,,,,,
2026-09-17,IBOC,no_data_for_date,,,,,,,,,
2026-09-17,IBP,no_data_for_date,,,,,,,,,
2026-09-17,ICHR,no_data_for_date,,,,,,,,,
2026-09-17,ICUI,no_data_for_date,,,,,,,,,
2026-09-17,IDA,no_data_for_date,,,,,,,,,
2026-09-17,IDCC,no_data_for_date,,,,,,,,,
2026-09-17,IESC,no_data_for_date,,,,,,,,,
2026-09-17,IIPR,no_data_for_date,,,,,,,,,
2026-09-17,ILMN,no_data_for_date,,,,,,,,,
2026-09-17,INDB,no_data_for_date,,,,,,,,,
2026-09-17,INDV,no_data_for_date,,,,,,,,,
2026-09-17,INGR,no_data_for_date,,,,,,,,,
2026-09-17,INSP,no_data_for_date,,,,,,,,,
2026-09-17,INSW,no_data_for_date,,,,,,,,,
2026-09-17,INVA,no_data_for_date,,,,,,,,,
2026-09-17,INVX,no_data_for_date,,,,,,,,,
2026-09-17,IOSP,no_data_for_date,,,,,,,,,
2026-09-17,IOVA,no_50ma_touch,,,,,,,,,
2026-09-17,IPAR,no_data_for_date,,,,,,,,,
2026-09-17,IPGP,no_data_for_date,,,,,,,,,
2026-09-17,IRDM,no_data_for_date,,,,,,,,,
2026-09-17,IRT,no_data_for_date,,,,,,,,,
2026-09-17,ITGR,no_data_for_date,,,,,,,,,
2026-09-17,ITRI,no_data_for_date,,,,,,,,,
2026-09-17,ITT,no_data_for_date,,,,,,,,,
2026-09-17,IVT,no_data_for_date,,,,,,,,,
2026-09-17,JAZZ,no_data_for_date,,,,,,,,,
2026-09-17,JBGS,no_data_for_date,,,,,,,,,
2026-09-17,JBLU,no_data_for_date,,,,,,,,,
2026-09-17,JBSS,no_data_for_date,,,,,,,,,
2026-09-17,JBTM,no_data_for_date,,,,,,,,,
2026-09-17,JEF,no_data_for_date,,,,,,,,,
2026-09-17,JJSF,no_data_for_date,,,,,,,,,
2026-09-17,JLL,no_data_for_date,,,,,,,,,
2026-09-17,JOE,no_data_for_date,,,,,,,,,
2026-09-17,JXN,no_data_for_date,,,,,,,,,
2026-09-17,KAI,no_data_for_date,,,,,,,,,
2026-09-17,KALU,no_data_for_date,,,,,,,,,
2026-09-17,KBH,no_data_for_date,,,,,,,,,
2026-09-17,KBR,no_data_for_date,,,,,,,,,
2026-09-17,KD,no_data_for_date,,,,,,,,,
2026-09-17,KEX,no_data_for_date,,,,,,,,,
2026-09-17,KFY,no_data_for_date,,,,,,,,,
2026-09-17,KGS,no_data_for_date,,,,,,,,,
2026-09-17,KLIC,no_data_for_date,,,,,,,,,
2026-09-17,KMPR,no_data_for_date,,,,,,,,,
2026-09-17,KMT,no_data_for_date,,,,,,,,,
2026-09-17,KMX,no_data_for_date,,,,,,,,,
2026-09-17,KNF,no_data_for_date,,,,,,,,,
2026-09-17,KNSL,no_data_for_date,,,,,,,,,
2026-09-17,KNTK,no_data_for_date,,,,,,,,,
2026-09-17,KNX,no_data_for_date,,,,,,,,,
2026-09-17,KN,no_data_for_date,,,,,,,,,
2026-09-17,KOP,no_data_for_date,,,,,,,,,
2026-09-17,KRC,no_data_for_date,,,,,,,,,
2026-09-17,KRG,no_data_for_date,,,,,,,,,
2026-09-17,KRMN,no_data_for_date,,,,,,,,,
2026-09-17,KRYS,no_data_for_date,,,,,,,,,
2026-09-17,KSS,no_data_for_date,,,,,,,,,
2026-09-17,KTB,no_data_for_date,,,,,,,,,
2026-09-17,KTOS,no_data_for_date,,,,,,,,,
2026-09-17,KWR,no_data_for_date,,,,,,,,,
2026-09-17,LAD,no_data_for_date,,,,,,,,,
2026-09-17,LAMR,no_data_for_date,,,,,,,,,
2026-09-17,LAUR,no_data_for_date,,,,,,,,,
2026-09-17,LAZ,no_data_for_date,,,,,,,,,
2026-09-17,LBRT,no_data_for_date,,,,,,,,,
2026-09-17,LCII,no_data_for_date,,,,,,,,,
2026-09-17,LEA,no_data_for_date,,,,,,,,,
2026-09-17,LECO,no_data_for_date,,,,,,,,,
2026-09-17,LEG,no_data_for_date,,,,,,,,,
2026-09-17,LEU,no_data_for_date,,,,,,,,,
2026-09-17,LFST,no_50ma_touch,,,,,,,,,
2026-09-17,LFUS,no_data_for_date,,,,,,,,,
2026-09-17,LGIH,no_data_for_date,,,,,,,,,
2026-09-17,LGND,no_data_for_date,,,,,,,,,
2026-09-17,LIF,no_data_for_date,,,,,,,,,
2026-09-17,LIVN,no_data_for_date,,,,,,,,,
2026-09-17,LKFN,no_data_for_date,,,,,,,,,
2026-09-17,LKQ,no_data_for_date,,,,,,,,,
2026-09-17,LMAT,no_data_for_date,,,,,,,,,
2026-09-17,LNC,no_data_for_date,,,,,,,,,
2026-09-17,LNN,no_data_for_date,,,,,,,,,
2026-09-17,LNTH,no_data_for_date,,,,,,,,,
2026-09-17,LOPE,no_data_for_date,,,,,,,,,
2026-09-17,LPG,no_data_for_date,,,,,,,,,
2026-09-17,LPX,no_data_for_date,,,,,,,,,
2026-09-17,LQDA,no_data_for_date,,,,,,,,,
2026-09-17,LQDT,no_data_for_date,,,,,,,,,
2026-09-17,LRN,no_data_for_date,,,,,,,,,
2026-09-17,LSCC,no_data_for_date,,,,,,,,,
2026-09-17,LSTR,no_data_for_date,,,,,,,,,
2026-09-17,LTC,no_data_for_date,,,,,,,,,
2026-09-17,LTH,no_data_for_date,,,,,,,,,
2026-09-17,LUMN,no_data_for_date,,,,,,,,,
2026-09-17,LW,no_data_for_date,,,,,,,,,
2026-09-17,LXP,no_data_for_date,,,,,,,,,
2026-09-17,LYFT,no_data_for_date,,,,,,,,,
2026-09-17,LZB,no_data_for_date,,,,,,,,,
2026-09-17,LZ,no_data_for_date,,,,,,,,,
2026-09-17,MAC,no_data_for_date,,,,,,,,,
2026-09-17,MANH,no_data_for_date,,,,,,,,,
2026-09-17,MAN,no_data_for_date,,,,,,,,,
2026-09-17,MARA,no_data_for_date,,,,,,,,,
2026-09-17,MATW,no_data_for_date,,,,,,,,,
2026-09-17,MATX,no_data_for_date,,,,,,,,,
2026-09-17,MAT,no_data_for_date,,,,,,,,,
2026-09-17,MBC,no_data_for_date,,,,,,,,,
2026-09-17,MBGL,no_data_for_date,,,,,,,,,
2026-09-17,MBIN,no_data_for_date,,,,,,,,,
2026-09-17,MCRI,no_data_for_date,,,,,,,,,
2026-09-17,MCY,no_data_for_date,,,,,,,,,
2026-09-17,MC,no_data_for_date,,,,,,,,,
2026-09-17,MDU,no_data_for_date,,,,,,,,,
2026-09-17,MD,no_data_for_date,,,,,,,,,
2026-09-17,MEDP,no_data_for_date,,,,,,,,,
2026-09-17,MFP,no_data_for_date,,,,,,,,,
2026-09-17,MGEE,no_data_for_date,,,,,,,,,
2026-09-17,MGNI,no_50ma_touch,,,,,,,,,
2026-09-17,MGY,no_data_for_date,,,,,,,,,
2026-09-17,MHK,no_data_for_date,,,,,,,,,
2026-09-17,MHO,no_data_for_date,,,,,,,,,
2026-09-17,MIDD,no_data_for_date,,,,,,,,,
2026-09-17,MIR,no_data_for_date,,,,,,,,,
2026-09-17,MKSI,no_data_for_date,,,,,,,,,
2026-09-17,MKTX,no_data_for_date,,,,,,,,,
2026-09-17,MLI,no_data_for_date,,,,,,,,,
2026-09-17,MLKN,no_data_for_date,,,,,,,,,
2026-09-17,MMI,no_data_for_date,,,,,,,,,
2026-09-17,MMSI,no_data_for_date,,,,,,,,,
2026-09-17,MMS,no_data_for_date,,,,,,,,,
2026-09-17,MOG-A,no_data_for_date,,,,,,,,,
2026-09-17,MOH,no_data_for_date,,,,,,,,,
2026-09-17,MORN,no_data_for_date,,,,,,,,,
2026-09-17,MPC,no_50ma_touch,,,,,,,,,
2026-09-17,MPT,no_data_for_date,,,,,,,,,
2026-09-17,MP,no_data_for_date,,,,,,,,,
2026-09-17,MRCY,no_data_for_date,,,,,,,,,
2026-09-17,MRP,no_data_for_date,,,,,,,,,
2026-09-17,MRTN,no_data_for_date,,,,,,,,,
2026-09-17,MSA,no_data_for_date,,,,,,,,,
2026-09-17,MSEX,no_data_for_date,,,,,,,,,
2026-09-17,MSGS,no_data_for_date,,,,,,,,,
2026-09-17,MSM,no_data_for_date,,,,,,,,,
2026-09-17,MTCH,no_data_for_date,,,,,,,,,
2026-09-17,MTDR,no_data_for_date,,,,,,,,,
2026-09-17,MTG,no_data_for_date,,,,,,,,,
2026-09-17,MTH,no_data_for_date,,,,,,,,,
2026-09-17,MTN,no_data_for_date,,,,,,,,,
2026-09-17,MTRN,no_data_for_date,,,,,,,,,
2026-09-17,MTSI,no_data_for_date,,,,,,,,,
2026-09-17,MTUS,no_data_for_date,,,,,,,,,
2026-09-17,MTX,no_data_for_date,,,,,,,,,
2026-09-17,MTZ,no_data_for_date,,,,,,,,,
2026-09-17,MUR,no_data_for_date,,,,,,,,,
2026-09-17,MUSA,no_data_for_date,,,,,,,,,
2026-09-17,MWA,no_data_for_date,,,,,,,,,
2026-09-17,MXL,no_data_for_date,,,,,,,,,
2026-09-17,MYRG,no_data_for_date,,,,,,,,,
2026-09-17,MZTI,no_data_for_date,,,,,,,,,
2026-09-17,M,no_data_for_date,,,,,,,,,
2026-09-17,NABL,no_data_for_date,,,,,,,,,
2026-09-17,NATL,no_data_for_date,,,,,,,,,
2026-09-17,NAT,no_50ma_touch,,,,,,,,,
2026-09-17,NAVI,no_data_for_date,,,,,,,,,
2026-09-17,NBHC,no_data_for_date,,,,,,,,,
2026-09-17,NBIX,no_data_for_date,,,,,,,,,
2026-09-17,NBTB,no_data_for_date,,,,,,,,,
2026-09-17,NEOG,no_data_for_date,,,,,,,,,
2026-09-17,NEO,no_50ma_touch,,,,,,,,,
2026-09-17,NEU,no_data_for_date,,,,,,,,,
2026-09-17,NE,no_data_for_date,,,,,,,,,
2026-09-17,NFG,no_data_for_date,,,,,,,,,
2026-09-17,NGVT,no_data_for_date,,,,,,,,,
2026-09-17,NHC,no_data_for_date,,,,,,,,,
2026-09-17,NHI,no_data_for_date,,,,,,,,,
2026-09-17,NIC,no_data_for_date,,,,,,,,,
2026-09-17,NJR,no_data_for_date,,,,,,,,,
2026-09-17,NLY,no_data_for_date,,,,,,,,,
2026-09-17,NMIH,no_data_for_date,,,,,,,,,
2026-09-17,NNN,no_data_for_date,,,,,,,,,
2026-09-17,NOG,no_data_for_date,,,,,,,,,
2026-09-17,NOVT,no_data_for_date,,,,,,,,,
2026-09-17,NOV,no_data_for_date,,,,,,,,,
2026-09-17,NPK,no_data_for_date,,,,,,,,,
2026-09-17,NPO,no_data_for_date,,,,,,,,,
2026-09-17,NSIT,no_data_for_date,,,,,,,,,
2026-09-17,NSP,no_data_for_date,,,,,,,,,
2026-09-17,NSSC,no_data_for_date,,,,,,,,,
2026-09-17,NTAP,no_50ma_touch,,,,,,,,,
2026-09-17,NTCT,no_data_for_date,,,,,,,,,
2026-09-17,NTNX,no_50ma_touch,,,,,,,,,
2026-09-17,NTST,no_data_for_date,,,,,,,,,
2026-09-17,NVST,no_data_for_date,,,,,,,,,
2026-09-17,NVT,no_data_for_date,,,,,,,,,
2026-09-17,NWBI,no_data_for_date,,,,,,,,,
2026-09-17,NWE,no_data_for_date,,,,,,,,,
2026-09-17,NWL,no_data_for_date,,,,,,,,,
2026-09-17,NWN,no_data_for_date,,,,,,,,,
2026-09-17,NXDR,no_50ma_touch,,,,,,,,,
2026-09-17,NXRT,no_data_for_date,,,,,,,,,
2026-09-17,NXST,no_data_for_date,,,,,,,,,
2026-09-17,NXT,no_data_for_date,,,,,,,,,
2026-09-17,NX,no_data_for_date,,,,,,,,,
2026-09-17,NYT,no_data_for_date,,,,,,,,,
2026-09-17,OABI,no_50ma_touch,,,,,,,,,
2026-09-17,OC,no_data_for_date,,,,,,,,,
2026-09-17,OFG,no_data_for_date,,,,,,,,,
2026-09-17,OGE,no_data_for_date,,,,,,,,,
2026-09-17,OGN,no_data_for_date,,,,,,,,,
2026-09-17,OGS,no_data_for_date,,,,,,,,,
2026-09-17,OHI,no_data_for_date,,,,,,,,,
2026-09-17,OII,no_data_for_date,,,,,,,,,
2026-09-17,OI,no_data_for_date,,,,,,,,,
2026-09-17,OKTA,no_50ma_touch,,,,,,,,,
2026-09-17,OLED,no_data_for_date,,,,,,,,,
2026-09-17,OLLI,no_data_for_date,,,,,,,,,
2026-09-17,OLN,no_data_for_date,,,,,,,,,
2026-09-17,OMCL,no_data_for_date,,,,,,,,,
2026-09-17,ONB,no_data_for_date,,,,,,,,,
2026-09-17,ONTO,no_data_for_date,,,,,,,,,
2026-09-17,OPCH,no_data_for_date,,,,,,,,,
2026-09-17,OPLN,no_data_for_date,,,,,,,,,
2026-09-17,ORA,no_data_for_date,,,,,,,,,
2026-09-17,ORI,no_data_for_date,,,,,,,,,
2026-09-17,OSCR,no_50ma_touch,,,,,,,,,
2026-09-17,OSIS,no_data_for_date,,,,,,,,,
2026-09-17,OSK,no_data_for_date,,,,,,,,,
2026-09-17,OSW,no_data_for_date,,,,,,,,,
2026-09-17,OTTR,no_data_for_date,,,,,,,,,
2026-09-17,OUT,no_data_for_date,,,,,,,,,
2026-09-17,OVV,no_data_for_date,,,,,,,,,
2026-09-17,OZK,no_data_for_date,,,,,,,,,
2026-09-17,PAG,no_data_for_date,,,,,,,,,
2026-09-17,PAHC,no_data_for_date,,,,,,,,,
2026-09-17,PANW,no_50ma_touch,,,,,,,,,
2026-09-17,PARR,no_data_for_date,,,,,,,,,
2026-09-17,PATH,no_data_for_date,,,,,,,,,
2026-09-17,PATK,no_data_for_date,,,,,,,,,
2026-09-17,PAYC,no_data_for_date,,,,,,,,,
2026-09-17,PAYO,no_data_for_date,,,,,,,,,
2026-09-17,PAY,no_data_for_date,,,,,,,,,
2026-09-17,PBF,no_50ma_touch,,,,,,,,,
2026-09-17,PBH,no_data_for_date,,,,,,,,,
2026-09-17,PBI,no_data_for_date,,,,,,,,,
2026-09-17,PB,no_data_for_date,,,,,,,,,
2026-09-17,PCRX,no_data_for_date,,,,,,,,,
2026-09-17,PCTY,no_data_for_date,,,,,,,,,
2026-09-17,PDFS,no_data_for_date,,,,,,,,,
2026-09-17,PD,no_50ma_touch,,,,,,,,,
2026-09-17,PEB,no_data_for_date,,,,,,,,,
2026-09-17,PECO,no_data_for_date,,,,,,,,,
2026-09-17,PEGA,no_data_for_date,,,,,,,,,
2026-09-17,PENG,no_data_for_date,,,,,,,,,
2026-09-17,PENN,no_data_for_date,,,,,,,,,
2026-09-17,PEN,no_data_for_date,,,,,,,,,
2026-09-17,PFBC,no_data_for_date,,,,,,,,,
2026-09-17,PFGC,no_data_for_date,,,,,,,,,
2026-09-17,PFS,no_data_for_date,,,,,,,,,
2026-09-17,PGNY,no_data_for_date,,,,,,,,,
2026-09-17,PHIN,no_data_for_date,,,,,,,,,
2026-09-17,PII,no_data_for_date,,,,,,,,,
2026-09-17,PINS,no_data_for_date,,,,,,,,,
2026-09-17,PIPR,no_data_for_date,,,,,,,,,
2026-09-17,PI,no_data_for_date,,,,,,,,,
2026-09-17,PJT,no_data_for_date,,,,,,,,,
2026-09-17,PK,no_data_for_date,,,,,,,,,
2026-09-17,PLAB,no_data_for_date,,,,,,,,,
2026-09-17,PLMR,no_data_for_date,,,,,,,,,
2026-09-17,PLNT,no_data_for_date,,,,,,,,,
2026-09-17,PLUS,no_data_for_date,,,,,,,,,
2026-09-17,PLXS,no_data_for_date,,,,,,,,,
2026-09-17,PMT,no_data_for_date,,,,,,,,,
2026-09-17,PNFP,no_data_for_date,,,,,,,,,
2026-09-17,POOL,no_data_for_date,,,,,,,,,
2026-09-17,POR,no_data_for_date,,,,,,,,,
2026-09-17,POST,no_data_for_date,,,,,,,,,
2026-09-17,POWI,no_data_for_date,,,,,,,,,
2026-09-17,POWL,no_data_for_date,,,,,,,,,
2026-09-17,PPC,no_data_for_date,,,,,,,,,
2026-09-17,PPLI,no_data_for_date,,,,,,,,,
2026-09-17,PRCH,no_50ma_touch,,,,,,,,,
2026-09-17,PRDO,no_data_for_date,,,,,,,,,
2026-09-17,PRGO,no_data_for_date,,,,,,,,,
2026-09-17,PRGS,no_data_for_date,,,,,,,,,
2026-09-17,PRG,no_data_for_date,,,,,,,,,
2026-09-17,PRIM,no_data_for_date,,,,,,,,,
2026-09-17,PRI,no_data_for_date,,,,,,,,,
2026-09-17,PRKS,no_data_for_date,,,,,,,,,
2026-09-17,PRK,no_data_for_date,,,,,,,,,
2026-09-17,PRLB,no_data_for_date,,,,,,,,,
2026-09-17,PRSU,no_data_for_date,,,,,,,,,
2026-09-17,PRVA,no_data_for_date,,,,,,,,,
2026-09-17,PR,no_data_for_date,,,,,,,,,
2026-09-17,PSMT,no_data_for_date,,,,,,,,,
2026-09-17,PSN,no_data_for_date,,,,,,,,,
2026-09-17,PSX,no_50ma_touch,,,,,,,,,
2026-09-17,PTCT,no_data_for_date,,,,,,,,,
2026-09-17,PTEN,no_data_for_date,,,,,,,,,
2026-09-17,PTGX,no_data_for_date,,,,,,,,,
2026-09-17,PTON,no_data_for_date,,,,,,,,,
2026-09-17,PVH,no_data_for_date,,,,,,,,,
2026-09-17,PZZA,no_data_for_date,,,,,,,,,
2026-09-17,P,no_data_for_date,,,,,,,,,
2026-09-17,QDEL,no_data_for_date,,,,,,,,,
2026-09-17,QLYS,no_data_for_date,,,,,,,,,
2026-09-17,QNST,no_data_for_date,,,,,,,,,
2026-09-17,QRVO,no_data_for_date,,,,,,,,,
2026-09-17,QTWO,no_data_for_date,,,,,,,,,
2026-09-17,RAL,no_data_for_date,,,,,,,,,
2026-09-17,RAMP,no_data_for_date,,,,,,,,,
2026-09-17,RBA,no_data_for_date,,,,,,,,,
2026-09-17,RBC,no_data_for_date,,,,,,,,,
2026-09-17,RCUS,no_data_for_date,,,,,,,,,
2026-09-17,RDNT,no_data_for_date,,,,,,,,,
2026-09-17,RDN,no_data_for_date,,,,,,,,,
2026-09-17,RELY,no_data_for_date,,,,,,,,,
2026-09-17,RES,no_data_for_date,,,,,,,,,
2026-09-17,REXR,no_data_for_date,,,,,,,,,
2026-09-17,REX,no_data_for_date,,,,,,,,,
2026-09-17,REYN,no_data_for_date,,,,,,,,,
2026-09-17,REZI,no_data_for_date,,,,,,,,,
2026-09-17,RGA,no_data_for_date,,,,,,,,,
2026-09-17,RGEN,no_data_for_date,,,,,,,,,
2026-09-17,RGLD,no_data_for_date,,,,,,,,,
2026-09-17,RHI,no_data_for_date,,,,,,,,,
2026-09-17,RHP,no_data_for_date,,,,,,,,,
2026-09-17,RH,no_data_for_date,,,,,,,,,
2026-09-17,RITM,no_data_for_date,,,,,,,,,
2026-09-17,RLI,no_data_for_date,,,,,,,,,
2026-09-17,RMBS,no_data_for_date,,,,,,,,,
2026-09-17,RNG,no_data_for_date,,,,,,,,,
2026-09-17,RNR,no_data_for_date,,,,,,,,,
2026-09-17,RNST,no_data_for_date,,,,,,,,,
2026-09-17,ROAD,no_data_for_date,,,,,,,,,
2026-09-17,ROCK,no_data_for_date,,,,,,,,,
2026-09-17,ROG,no_data_for_date,,,,,,,,,
2026-09-17,ROIV,no_data_for_date,,,,,,,,,
2026-09-17,ROKU,no_50ma_touch,,,,,,,,,
2026-09-17,RPM,no_data_for_date,,,,,,,,,
2026-09-17,RRC,no_data_for_date,,,,,,,,,
2026-09-17,RRR,no_data_for_date,,,,,,,,,
2026-09-17,RRX,no_data_for_date,,,,,,,,,
2026-09-17,RSI,no_data_for_date,,,,,,,,,
2026-09-17,RS,no_data_for_date,,,,,,,,,
2026-09-17,RUM,no_50ma_touch,,,,,,,,,
2026-09-17,RUN,no_data_for_date,,,,,,,,,
2026-09-17,RUSHA,no_data_for_date,,,,,,,,,
2026-09-17,RXO,no_data_for_date,,,,,,,,,
2026-09-17,RXT,momentum_screen,,,,,,,,,
2026-09-17,RYAN,no_data_for_date,,,,,,,,,
2026-09-17,RYN,no_data_for_date,,,,,,,,,
2026-09-17,R,no_data_for_date,,,,,,,,,
2026-09-17,SABR,no_data_for_date,,,,,,,,,
2026-09-17,SAFE,no_data_for_date,,,,,,,,,
2026-09-17,SAFT,no_data_for_date,,,,,,,,,
2026-09-17,SAH,no_data_for_date,,,,,,,,,
2026-09-17,SAIA,no_data_for_date,,,,,,,,,
2026-09-17,SAIC,no_data_for_date,,,,,,,,,
2026-09-17,SAM,no_data_for_date,,,,,,,,,
2026-09-17,SANM,no_data_for_date,,,,,,,,,
2026-09-17,SARO,no_data_for_date,,,,,,,,,
2026-09-17,SBCF,no_data_for_date,,,,,,,,,
2026-09-17,SBH,no_data_for_date,,,,,,,,,
2026-09-17,SBRA,no_data_for_date,,,,,,,,,
2026-09-17,SBSI,no_data_for_date,,,,,,,,,
2026-09-17,SCHL,no_data_for_date,,,,,,,,,
2026-09-17,SCI,no_data_for_date,,,,,,,,,
2026-09-17,SCL,no_data_for_date,,,,,,,,,
2026-09-17,SCSC,no_data_for_date,,,,,,,,,
2026-09-17,SDGR,no_50ma_touch,,,,,,,,,
2026-09-17,SEDG,no_data_for_date,,,,,,,,,
2026-09-17,SEIC,no_data_for_date,,,,,,,,,
2026-09-17,SEI,no_data_for_date,,,,,,,,,
2026-09-17,SEZL,no_data_for_date,,,,,,,,,
2026-09-17,SFBS,no_data_for_date,,,,,,,,,
2026-09-17,SFM,no_data_for_date,,,,,,,,,
2026-09-17,SFNC,no_data_for_date,,,,,,,,,
2026-09-17,SF,no_data_for_date,,,,,,,,,
2026-09-17,SGI,no_data_for_date,,,,,,,,,
2026-09-17,SHAK,no_data_for_date,,,,,,,,,
2026-09-17,SHC,no_data_for_date,,,,,,,,,
2026-09-17,SHEN,no_data_for_date,,,,,,,,,
2026-09-17,SHOO,no_data_for_date,,,,,,,,,
2026-09-17,SHO,no_data_for_date,,,,,,,,,
2026-09-17,SIGI,no_data_for_date,,,,,,,,,
2026-09-17,SIG,no_data_for_date,,,,,,,,,
2026-09-17,SIRI,no_data_for_date,,,,,,,,,
2026-09-17,SITM,no_data_for_date,,,,,,,,,
2026-09-17,SKT,no_data_for_date,,,,,,,,,
2026-09-17,SKYW,no_data_for_date,,,,,,,,,
2026-09-17,SKY,no_data_for_date,,,,,,,,,
2026-09-17,SLAB,no_data_for_date,,,,,,,,,
2026-09-17,SLGN,no_data_for_date,,,,,,,,,
2026-09-17,SLG,no_data_for_date,,,,,,,,,
2026-09-17,SLM,no_data_for_date,,,,,,,,,
2026-09-17,SLVM,no_data_for_date,,,,,,,,,
2026-09-17,SMG,no_data_for_date,,,,,,,,,
2026-09-17,SMPL,no_data_for_date,,,,,,,,,
2026-09-17,SMP,no_data_for_date,,,,,,,,,
2026-09-17,SMTC,no_data_for_date,,,,,,,,,
2026-09-17,SM,no_data_for_date,,,,,,,,,
2026-09-17,SNDR,no_data_for_date,,,,,,,,,
2026-09-17,SNEX,no_data_for_date,,,,,,,,,
2026-09-17,SNOW,no_50ma_touch,,,,,,,,,
2026-09-17,SNX,no_data_for_date,,,,,,,,,
2026-09-17,SN,no_data_for_date,,,,,,,,,
2026-09-17,SOLS,no_data_for_date,,,,,,,,,
2026-09-17,SONO,no_data_for_date,,,,,,,,,
2026-09-17,SON,no_data_for_date,,,,,,,,,
2026-09-17,SPHR,no_data_for_date,,,,,,,,,
2026-09-17,SPNT,no_data_for_date,,,,,,,,,
2026-09-17,SPSC,no_data_for_date,,,,,,,,,
2026-09-17,SPXC,no_data_for_date,,,,,,,,,
2026-09-17,SRPT,no_data_for_date,,,,,,,,,
2026-09-17,SR,no_data_for_date,,,,,,,,,
2026-09-17,SSB,no_data_for_date,,,,,,,,,
2026-09-17,SSD,no_data_for_date,,,,,,,,,
2026-09-17,STAA,no_data_for_date,,,,,,,,,
2026-09-17,STAG,no_data_for_date,,,,,,,,,
2026-09-17,STBA,no_data_for_date,,,,,,,,,
2026-09-17,STC,no_data_for_date,,,,,,,,,
2026-09-17,STEP,no_data_for_date,,,,,,,,,
2026-09-17,STIM,no_50ma_touch,,,,,,,,,
2026-09-17,STLN,no_50ma_touch,,,,,,,,,
2026-09-17,STRA,no_data_for_date,,,,,,,,,
2026-09-17,STRL,no_data_for_date,,,,,,,,,
2026-09-17,STWD,no_data_for_date,,,,,,,,,
2026-09-17,ST,no_data_for_date,,,,,,,,,
2026-09-17,SUI,no_data_for_date,,,,,,,,,
2026-09-17,SUPN,no_data_for_date,,,,,,,,,
2026-09-17,SWX,no_data_for_date,,,,,,,,,
2026-09-17,SXI,no_data_for_date,,,,,,,,,
2026-09-17,SXT,no_data_for_date,,,,,,,,,
2026-09-17,SYNA,no_data_for_date,,,,,,,,,
2026-09-17,TALO,no_data_for_date,,,,,,,,,
2026-09-17,TBBK,no_data_for_date,,,,,,,,,
2026-09-17,TCBI,no_data_for_date,,,,,,,,,
2026-09-17,TDC,no_data_for_date,,,,,,,,,
2026-09-17,TDS,no_data_for_date,,,,,,,,,
2026-09-17,TDW,no_data_for_date,,,,,,,,,
2026-09-17,TEAM,no_50ma_touch,,,,,,,,,
2026-09-17,TEX,no_data_for_date,,,,,,,,,
2026-09-17,TFIN,no_data_for_date,,,,,,,,,
2026-09-17,TFX,no_data_for_date,,,,,,,,,
2026-09-17,TGTX,momentum_screen,,,,,,,,,
2026-09-17,TGT,no_data_for_date,,,,,,,,,
2026-09-17,THC,no_data_for_date,,,,,,,,,
2026-09-17,THG,no_data_for_date,,,,,,,,,
2026-09-17,THO,no_data_for_date,,,,,,,,,
2026-09-17,THRM,no_data_for_date,,,,,,,,,
2026-09-17,TILE,no_data_for_date,,,,,,,,,
2026-09-17,TKR,no_data_for_date,,,,,,,,,
2026-09-17,TLN,no_data_for_date,,,,,,,,,
2026-09-17,TMDX,no_data_for_date,,,,,,,,,
2026-09-17,TMP,no_data_for_date,,,,,,,,,
2026-09-17,TNC,no_data_for_date,,,,,,,,,
2026-09-17,TNDM,no_data_for_date,,,,,,,,,
2026-09-17,TNL,no_data_for_date,,,,,,,,,
2026-09-17,TOL,no_data_for_date,,,,,,,,,
2026-09-17,TOST,no_data_for_date,,,,,,,,,
2026-09-17,TPC,no_data_for_date,,,,,,,,,
2026-09-17,TREX,no_data_for_date,,,,,,,,,
2026-09-17,TRIP,no_data_for_date,,,,,,,,,
2026-09-17,TRMK,no_data_for_date,,,,,,,,,
2026-09-17,TRNO,no_data_for_date,,,,,,,,,
2026-09-17,TRN,no_data_for_date,,,,,,,,,
2026-09-17,TRST,no_data_for_date,,,,,,,,,
2026-09-17,TRUP,no_data_for_date,,,,,,,,,
2026-09-17,TRU,no_data_for_date,,,,,,,,,
2026-09-17,TR,no_data_for_date,,,,,,,,,
2026-09-17,TTC,no_data_for_date,,,,,,,,,
2026-09-17,TTEK,no_data_for_date,,,,,,,,,
2026-09-17,TTMI,no_data_for_date,,,,,,,,,
2026-09-17,TVTX,no_50ma_touch,,,,,,,,,
2026-09-17,TWLO,no_data_for_date,,,,,,,,,
2026-09-17,TWST,no_50ma_touch,,,,,,,,,
2026-09-17,TXNM,no_data_for_date,,,,,,,,,
2026-09-17,TXRH,no_data_for_date,,,,,,,,,
2026-09-17,UAA,no_data_for_date,,,,,,,,,
2026-09-17,UA,no_data_for_date,,,,,,,,,
2026-09-17,UBSI,no_data_for_date,,,,,,,,,
2026-09-17,UCB,no_data_for_date,,,,,,,,,
2026-09-17,UCTT,no_data_for_date,,,,,,,,,
2026-09-17,UE,no_data_for_date,,,,,,,,,
2026-09-17,UFCS,no_data_for_date,,,,,,,,,
2026-09-17,UFPI,no_data_for_date,,,,,,,,,
2026-09-17,UFPT,no_data_for_date,,,,,,,,,
2026-09-17,UGI,no_data_for_date,,,,,,,,,
2026-09-17,ULS,no_data_for_date,,,,,,,,,
2026-09-17,UMBF,no_data_for_date,,,,,,,,,
2026-09-17,UNFI,no_data_for_date,,,,,,,,,
2026-09-17,UNF,no_data_for_date,,,,,,,,,
2026-09-17,UNIT,no_data_for_date,,,,,,,,,
2026-09-17,UNM,no_data_for_date,,,,,,,,,
2026-09-17,UPBD,no_data_for_date,,,,,,,,,
2026-09-17,UPWK,no_data_for_date,,,,,,,,,
2026-09-17,URBN,no_data_for_date,,,,,,,,,
2026-09-17,USFD,no_data_for_date,,,,,,,,,
2026-09-17,USLM,no_data_for_date,,,,,,,,,
2026-09-17,USPH,no_data_for_date,,,,,,,,,
2026-09-17,UTHR,no_data_for_date,,,,,,,,,
2026-09-17,UTI,no_data_for_date,,,,,,,,,
2026-09-17,UTL,no_data_for_date,,,,,,,,,
2026-09-17,UTZ,no_50ma_touch,,,,,,,,,
2026-09-17,UVV,no_data_for_date,,,,,,,,,
2026-09-17,U,no_50ma_touch,,,,,,,,,
2026-09-17,VAC,no_data_for_date,,,,,,,,,
2026-09-17,VAL,no_data_for_date,,,,,,,,,
2026-09-17,VCEL,no_data_for_date,,,,,,,,,
2026-09-17,VCTR,no_data_for_date,,,,,,,,,
2026-09-17,VCYT,no_data_for_date,,,,,,,,,
2026-09-17,VC,no_data_for_date,,,,,,,,,
2026-09-17,VECO,no_data_for_date,,,,,,,,,
2026-09-17,VEEV,no_50ma_touch,,,,,,,,,
2026-09-17,VFC,no_data_for_date,,,,,,,,,
2026-09-17,VGNT,no_data_for_date,,,,,,,,,
2026-09-17,VIAV,no_data_for_date,,,,,,,,,
2026-09-17,VICR,no_data_for_date,,,,,,,,,
2026-09-17,VIRT,no_data_for_date,,,,,,,,,
2026-09-17,VIR,no_data_for_date,,,,,,,,,
2026-09-17,VLO,no_50ma_touch,,,,,,,,,
2026-09-17,VLY,no_data_for_date,,,,,,,,,
2026-09-17,VMI,no_data_for_date,,,,,,,,,
2026-09-17,VNOM,no_data_for_date,,,,,,,,,
2026-09-17,VNO,no_data_for_date,,,,,,,,,
2026-09-17,VNT,no_data_for_date,,,,,,,,,
2026-09-17,VOYA,no_data_for_date,,,,,,,,,
2026-09-17,VRRM,no_data_for_date,,,,,,,,,
2026-09-17,VRTS,no_data_for_date,,,,,,,,,
2026-09-17,VSAT,no_data_for_date,,,,,,,,,
2026-09-17,VSEC,no_data_for_date,,,,,,,,,
2026-09-17,VSH,no_data_for_date,,,,,,,,,
2026-09-17,VSNT,no_data_for_date,,,,,,,,,
2026-09-17,VSTS,no_data_for_date,,,,,,,,,
2026-09-17,VSXY,no_data_for_date,,,,,,,,,
2026-09-17,VTOL,no_data_for_date,,,,,,,,,
2026-09-17,VVV,no_data_for_date,,,,,,,,,
2026-09-17,VVX,no_data_for_date,,,,,,,,,
2026-09-17,VYX,no_data_for_date,,,,,,,,,
2026-09-17,WABC,no_data_for_date,,,,,,,,,
2026-09-17,WAFD,no_data_for_date,,,,,,,,,
2026-09-17,WAL,no_data_for_date,,,,,,,,,
2026-09-17,WAY,no_data_for_date,,,,,,,,,
2026-09-17,WBS,no_data_for_date,,,,,,,,,
2026-09-17,WCC,no_data_for_date,,,,,,,,,
2026-09-17,WDFC,no_data_for_date,,,,,,,,,
2026-09-17,WD,no_data_for_date,,,,,,,,,
2026-09-17,WEN,no_data_for_date,,,,,,,,,
2026-09-17,WERN,no_data_for_date,,,,,,,,,
2026-09-17,WEX,no_data_for_date,,,,,,,,,
2026-09-17,WFRD,no_data_for_date,,,,,,,,,
2026-09-17,WGO,no_data_for_date,,,,,,,,,
2026-09-17,WHD,no_data_for_date,,,,,,,,,
2026-09-17,WHR,no_data_for_date,,,,,,,,,
2026-09-17,WH,no_data_for_date,,,,,,,,,
2026-09-17,WINA,no_data_for_date,,,,,,,,,
2026-09-17,WING,no_data_for_date,,,,,,,,,
2026-09-17,WKC,no_data_for_date,,,,,,,,,
2026-09-17,WLK,no_data_for_date,,,,,,,,,
2026-09-17,WLY,no_data_for_date,,,,,,,,,
2026-09-17,WMG,no_data_for_date,,,,,,,,,
2026-09-17,WMS,no_data_for_date,,,,,,,,,
2026-09-17,WOR,no_data_for_date,,,,,,,,,
2026-09-17,WPC,no_data_for_date,,,,,,,,,
2026-09-17,WRBY,no_data_for_date,,,,,,,,,
2026-09-17,WRLD,no_data_for_date,,,,,,,,,
2026-09-17,WSBC,no_data_for_date,,,,,,,,,
2026-09-17,WSC,no_data_for_date,,,,,,,,,
2026-09-17,WSFS,no_data_for_date,,,,,,,,,
2026-09-17,WSO,no_data_for_date,,,,,,,,,
2026-09-17,WS,no_data_for_date,,,,,,,,,
2026-09-17,WTFC,no_data_for_date,,,,,,,,,
2026-09-17,WTRG,no_data_for_date,,,,,,,,,
2026-09-17,WTS,no_data_for_date,,,,,,,,,
2026-09-17,WT,no_data_for_date,,,,,,,,,
2026-09-17,WU,no_data_for_date,,,,,,,,,
2026-09-17,WWD,no_data_for_date,,,,,,,,,
2026-09-17,WWW,no_data_for_date,,,,,,,,,
2026-09-17,XHR,no_data_for_date,,,,,,,,,
2026-09-17,XNCR,no_data_for_date,,,,,,,,,
2026-09-17,XPEL,no_data_for_date,,,,,,,,,
2026-09-17,XPO,no_data_for_date,,,,,,,,,
2026-09-17,XRAY,no_data_for_date,,,,,,,,,
2026-09-17,XRX,no_50ma_touch,,,,,,,,,
2026-09-17,YELP,no_data_for_date,,,,,,,,,
2026-09-17,YETI,no_data_for_date,,,,,,,,,
2026-09-17,YOU,no_data_for_date,,,,,,,,,
2026-09-17,ZD,no_data_for_date,,,,,,,,,
2026-09-17,ZION,no_data_for_date,,,,,,,,,
2026-09-17,ZWS,no_data_for_date,,,,,,,,,
2026-09-18,AAL,no_data_for_date,,,,,,,,,
2026-09-18,AAMI,no_data_for_date,,,,,,,,,
2026-09-18,AAON,no_data_for_date,,,,,,,,,
2026-09-18,AAP,no_data_for_date,,,,,,,,,
2026-09-18,AAT,no_data_for_date,,,,,,,,,
2026-09-18,AA,no_data_for_date,,,,,,,,,
2026-09-18,ABCB,no_data_for_date,,,,,,,,,
2026-09-18,ABCL,no_50ma_touch,,,,,,,,,
2026-09-18,ABG,no_data_for_date,,,,,,,,,
2026-09-18,ABM,no_data_for_date,,,,,,,,,
2026-09-18,ABR,no_data_for_date,,,,,,,,,
2026-09-18,ACAD,no_data_for_date,,,,,,,,,
2026-09-18,ACA,no_data_for_date,,,,,,,,,
2026-09-18,ACHC,no_data_for_date,,,,,,,,,
2026-09-18,ACIW,no_data_for_date,,,,,,,,,
2026-09-18,ACI,no_data_for_date,,,,,,,,,
2026-09-18,ACLS,no_data_for_date,,,,,,,,,
2026-09-18,ACMR,no_data_for_date,,,,,,,,,
2026-09-18,ACM,no_data_for_date,,,,,,,,,
2026-09-18,ACT,no_data_for_date,,,,,,,,,
2026-09-18,ADAM,no_data_for_date,,,,,,,,,
2026-09-18,ADC,no_data_for_date,,,,,,,,,
2026-09-18,ADEA,no_data_for_date,,,,,,,,,
2026-09-18,ADIG,no_data_for_date,,,,,,,,,
2026-09-18,ADMA,no_data_for_date,,,,,,,,,
2026-09-18,ADNT,no_data_for_date,,,,,,,,,
2026-09-18,ADP,no_data_for_date,,,,,,,,,
2026-09-18,ADT,no_data_for_date,,,,,,,,,
2026-09-18,ADUS,no_data_for_date,,,,,,,,,
2026-09-18,AEIS,no_data_for_date,,,,,,,,,
2026-09-18,AEO,no_data_for_date,,,,,,,,,
2026-09-18,AESI,no_data_for_date,,,,,,,,,
2026-09-18,AFG,no_data_for_date,,,,,,,,,
2026-09-18,AGCO,no_data_for_date,,,,,,,,,
2026-09-18,AGEN,no_50ma_touch,,,,,,,,,
2026-09-18,AGNT,no_data_for_date,,,,,,,,,
2026-09-18,AGO,no_data_for_date,,,,,,,,,
2026-09-18,AGX,no_data_for_date,,,,,,,,,
2026-09-18,AGYS,no_data_for_date,,,,,,,,,
2026-09-18,AHCO,no_data_for_date,,,,,,,,,
2026-09-18,AHR,no_data_for_date,,,,,,,,,
2026-09-18,AIN,no_data_for_date,,,,,,,,,
2026-09-18,AIR,no_data_for_date,,,,,,,,,
2026-09-18,AIT,no_data_for_date,,,,,,,,,
2026-09-18,AKR,no_data_for_date,,,,,,,,,
2026-09-18,ALGM,no_data_for_date,,,,,,,,,
2026-09-18,ALGT,no_data_for_date,,,,,,,,,
2026-09-18,ALG,no_data_for_date,,,,,,,,,
2026-09-18,ALHC,no_data_for_date,,,,,,,,,
2026-09-18,ALKS,no_data_for_date,,,,,,,,,
2026-09-18,ALK,no_data_for_date,,,,,,,,,
2026-09-18,ALLY,no_data_for_date,,,,,,,,,
2026-09-18,ALRM,no_data_for_date,,,,,,,,,
2026-09-18,ALSN,no_data_for_date,,,,,,,,,
2026-09-18,ALV,no_data_for_date,,,,,,,,,
2026-09-18,AMC,no_50ma_touch,,,,,,,,,
2026-09-18,AMG,no_data_for_date,,,,,,,,,
2026-09-18,AMH,no_data_for_date,,,,,,,,,
2026-09-18,AMKR,no_data_for_date,,,,,,,,,
2026-09-18,AMLX,no_50ma_touch,,,,,,,,,
2026-09-18,AMN,no_data_for_date,,,,,,,,,
2026-09-18,AMPH,no_data_for_date,,,,,,,,,
2026-09-18,AMRX,no_data_for_date,,,,,,,,,
2026-09-18,AMR,no_data_for_date,,,,,,,,,
2026-09-18,AMSF,no_data_for_date,,,,,,,,,
2026-09-18,AMTM,no_data_for_date,,,,,,,,,
2026-09-18,AM,no_data_for_date,,,,,,,,,
2026-09-18,ANDE,no_data_for_date,,,,,,,,,
2026-09-18,ANF,no_data_for_date,,,,,,,,,
2026-09-18,ANIP,no_data_for_date,,,,,,,,,
2026-09-18,AN,no_data_for_date,,,,,,,,,
2026-09-18,AORT,no_data_for_date,,,,,,,,,
2026-09-18,AOSL,no_data_for_date,,,,,,,,,
2026-09-18,APAM,no_data_for_date,,,,,,,,,
2026-09-18,APG,no_data_for_date,,,,,,,,,
2026-09-18,APLE,no_data_for_date,,,,,,,,,
2026-09-18,APOG,no_data_for_date,,,,,,,,,
2026-09-18,APPF,no_data_for_date,,,,,,,,,
2026-09-18,APPS,momentum_screen,,,,,,,,,
2026-09-18,ARCB,no_data_for_date,,,,,,,,,
2026-09-18,ARLO,no_data_for_date,,,,,,,,,
2026-09-18,ARMK,no_data_for_date,,,,,,,,,
2026-09-18,AROC,no_data_for_date,,,,,,,,,
2026-09-18,ARR,no_data_for_date,,,,,,,,,
2026-09-18,ARWR,no_data_for_date,,,,,,,,,
2026-09-18,ARW,no_data_for_date,,,,,,,,,
2026-09-18,AR,no_data_for_date,,,,,,,,,
2026-09-18,ASB,no_data_for_date,,,,,,,,,
2026-09-18,ASH,no_data_for_date,,,,,,,,,
2026-09-18,ASO,no_data_for_date,,,,,,,,,
2026-09-18,ASTE,no_data_for_date,,,,,,,,,
2026-09-18,ASTH,no_data_for_date,,,,,,,,,
2026-09-18,ATEN,no_data_for_date,,,,,,,,,
2026-09-18,ATI,no_data_for_date,,,,,,,,,
2026-09-18,ATMU,no_data_for_date,,,,,,,,,
2026-09-18,ATRC,no_50ma_touch,,,,,,,,,
2026-09-18,ATR,no_data_for_date,,,,,,,,,
2026-09-18,AUB,no_data_for_date,,,,,,,,,
2026-09-18,AVAH,no_50ma_touch,,,,,,,,,
2026-09-18,AVAV,no_data_for_date,,,,,,,,,
2026-09-18,AVA,no_data_for_date,,,,,,,,,
2026-09-18,AVNT,no_data_for_date,,,,,,,,,
2026-09-18,AVTR,no_data_for_date,,,,,,,,,
2026-09-18,AVT,no_data_for_date,,,,,,,,,
2026-09-18,AWI,no_data_for_date,,,,,,,,,
2026-09-18,AWR,no_data_for_date,,,,,,,,,
2026-09-18,AXTA,no_data_for_date,,,,,,,,,
2026-09-18,AX,no_data_for_date,,,,,,,,,
2026-09-18,AYI,no_data_for_date,,,,,,,,,
2026-09-18,AZTA,no_data_for_date,,,,,,,,,
2026-09-18,AZZ,no_data_for_date,,,,,,,,,
2026-09-18,BAH,no_data_for_date,,,,,,,,,
2026-09-18,BANC,no_data_for_date,,,,,,,,,
2026-09-18,BANF,no_data_for_date,,,,,,,,,
2026-09-18,BANR,no_data_for_date,,,,,,,,,
2026-09-18,BBT,no_data_for_date,,,,,,,,,
2026-09-18,BBWI,no_data_for_date,,,,,,,,,
2026-09-18,BCC,no_data_for_date,,,,,,,,,
2026-09-18,BCO,no_data_for_date,,,,,,,,,
2026-09-18,BCPC,no_data_for_date,,,,,,,,,
2026-09-18,BC,no_data_for_date,,,,,,,,,
2026-09-18,BDC,no_data_for_date,,,,,,,,,
2026-09-18,BFAM,no_data_for_date,,,,,,,,,
2026-09-18,BFH,no_data_for_date,,,,,,,,,
2026-09-18,BFS,no_data_for_date,,,,,,,,,
2026-09-18,BGC,no_data_for_date,,,,,,,,,
2026-09-18,BHE,no_data_for_date,,,,,,,,,
2026-09-18,BHF,no_data_for_date,,,,,,,,,
2026-09-18,BILL,no_data_for_date,,,,,,,,,
2026-09-18,BIO,no_data_for_date,,,,,,,,,
2026-09-18,BJRI,no_data_for_date,,,,,,,,,
2026-09-18,BJ,no_data_for_date,,,,,,,,,
2026-09-18,BKE,no_data_for_date,,,,,,,,,
2026-09-18,BKH,no_data_for_date,,,,,,,,,
2026-09-18,BKU,no_data_for_date,,,,,,,,,
2026-09-18,BLFS,no_data_for_date,,,,,,,,,
2026-09-18,BLKB,no_data_for_date,,,,,,,,,
2026-09-18,BL,no_data_for_date,,,,,,,,,
2026-09-18,BMI,no_data_for_date,,,,,,,,,
2026-09-18,BMRN,no_data_for_date,,,,,,,,,
2026-09-18,BNL,no_data_for_date,,,,,,,,,
2026-09-18,BOH,no_data_for_date,,,,,,,,,
2026-09-18,BOOT,no_data_for_date,,,,,,,,,
2026-09-18,BOX,no_data_for_date,,,,,,,,,
2026-09-18,BRC,no_data_for_date,,,,,,,,,
2026-09-18,BRKR,no_data_for_date,,,,,,,,,
2026-09-18,BROS,no_data_for_date,,,,,,,,,
2026-09-18,BRX,no_data_for_date,,,,,,,,,
2026-09-18,BSY,no_data_for_date,,,,,,,,,
2026-09-18,BTSG,no_data_for_date,,,,,,,,,
2026-09-18,BTU,no_data_for_date,,,,,,,,,
2026-09-18,BURL,no_data_for_date,,,,,,,,,
2026-09-18,BWA,no_data_for_date,,,,,,,,,
2026-09-18,BWXT,no_data_for_date,,,,,,,,,
2026-09-18,BXMT,no_data_for_date,,,,,,,,,
2026-09-18,BYD,no_data_for_date,,,,,,,,,
2026-09-18,CACC,no_data_for_date,,,,,,,,,
2026-09-18,CACI,no_data_for_date,,,,,,,,,
2026-09-18,CAG,no_data_for_date,,,,,,,,,
2026-09-18,CAKE,no_data_for_date,,,,,,,,,
2026-09-18,CALM,no_data_for_date,,,,,,,,,
2026-09-18,CALX,no_data_for_date,,,,,,,,,
2026-09-18,CALY,no_data_for_date,,,,,,,,,
2026-09-18,CARG,no_data_for_date,,,,,,,,,
2026-09-18,CART,no_data_for_date,,,,,,,,,
2026-09-18,CAR,no_data_for_date,,,,,,,,,
2026-09-18,CASH,no_data_for_date,,,,,,,,,
2026-09-18,CATY,no_data_for_date,,,,,,,,,
2026-09-18,CAVA,no_data_for_date,,,,,,,,,
2026-09-18,CBRL,no_data_for_date,,,,,,,,,
2026-09-18,CBSH,no_data_for_date,,,,,,,,,
2026-09-18,CBT,no_data_for_date,,,,,,,,,
2026-09-18,CBU,no_data_for_date,,,,,,,,,
2026-09-18,CBZ,no_50ma_touch,,,,,,,,,
2026-09-18,CCK,no_data_for_date,,,,,,,,,
2026-09-18,CCOI,no_data_for_date,,,,,,,,,
2026-09-18,CCS,no_data_for_date,,,,,,,,,
2026-09-18,CC,no_data_for_date,,,,,,,,,
2026-09-18,CDE,no_data_for_date,,,,,,,,,
2026-09-18,CDNA,no_50ma_touch,,,,,,,,,
2026-09-18,CDP,no_data_for_date,,,,,,,,,
2026-09-18,CELH,no_data_for_date,,,,,,,,,
2026-09-18,CENTA,no_data_for_date,,,,,,,,,
2026-09-18,CENT,no_data_for_date,,,,,,,,,
2026-09-18,CENX,no_data_for_date,,,,,,,,,
2026-09-18,CERT,no_data_for_date,,,,,,,,,
2026-09-18,CE,no_data_for_date,,,,,,,,,
2026-09-18,CFFN,no_data_for_date,,,,,,,,,
2026-09-18,CFR,no_data_for_date,,,,,,,,,
2026-09-18,CGNX,no_data_for_date,,,,,,,,,
2026-09-18,CG,no_data_for_date,,,,,,,,,
2026-09-18,CHCO,no_data_for_date,,,,,,,,,
2026-09-18,CHDN,no_data_for_date,,,,,,,,,
2026-09-18,CHEF,no_data_for_date,,,,,,,,,
2026-09-18,CHE,no_data_for_date,,,,,,,,,
2026-09-18,CHH,no_data_for_date,,,,,,,,,
2026-09-18,CHRD,no_data_for_date,,,,,,,,,
2026-09-18,CHWY,no_data_for_date,,,,,,,,,
2026-09-18,CLBK,no_50ma_touch,,,,,,,,,
2026-09-18,CLF,no_data_for_date,,,,,,,,,
2026-09-18,CLH,no_data_for_date,,,,,,,,,
2026-09-18,CLMT,no_50ma_touch,,,,,,,,,
2026-09-18,CLOV,momentum_screen,,,,,,,,,
2026-09-18,CLSK,no_data_for_date,,,,,,,,,
2026-09-18,CMC,no_data_for_date,,,,,,,,,
2026-09-18,CNH,no_data_for_date,,,,,,,,,
2026-09-18,CNK,no_data_for_date,,,,,,,,,
2026-09-18,CNMD,no_data_for_date,,,,,,,,,
2026-09-18,CNM,no_data_for_date,,,,,,,,,
2026-09-18,CNO,no_50ma_touch,,,,,,,,,
2026-09-18,CNR,no_data_for_date,,,,,,,,,
2026-09-18,CNS,no_data_for_date,,,,,,,,,
2026-09-18,CNXC,no_data_for_date,,,,,,,,,
2026-09-18,CNXN,no_data_for_date,,,,,,,,,
2026-09-18,CNX,no_data_for_date,,,,,,,,,
2026-09-18,COCO,no_data_for_date,,,,,,,,,
2026-09-18,COHU,no_data_for_date,,,,,,,,,
2026-09-18,COKE,no_data_for_date,,,,,,,,,
2026-09-18,COLB,no_data_for_date,,,,,,,,,
2026-09-18,COLL,no_data_for_date,,,,,,,,,
2026-09-18,COLM,no_data_for_date,,,,,,,,,
2026-09-18,CON,no_50ma_touch,,,,,,,,,
2026-09-18,CORT,no_50ma_touch,,,,,,,,,
2026-09-18,COTY,no_data_for_date,,,,,,,,,
2026-09-18,CPB,no_data_for_date,,,,,,,,,
2026-09-18,CPF,no_data_for_date,,,,,,,,,
2026-09-18,CPK,no_data_for_date,,,,,,,,,
2026-09-18,CPRI,no_data_for_date,,,,,,,,,
2026-09-18,CRBG,no_data_for_date,,,,,,,,,
2026-09-18,CRC,no_data_for_date,,,,,,,,,
2026-09-18,CRGY,no_data_for_date,,,,,,,,,
2026-09-18,CRI,no_data_for_date,,,,,,,,,
2026-09-18,CRK,no_data_for_date,,,,,,,,,
2026-09-18,CROX,no_data_for_date,,,,,,,,,
2026-09-18,CRSR,no_data_for_date,,,,,,,,,
2026-09-18,CRS,no_data_for_date,,,,,,,,,
2026-09-18,CRUS,no_data_for_date,,,,,,,,,
2026-09-18,CRVL,no_data_for_date,,,,,,,,,
2026-09-18,CRWD,no_50ma_touch,,,,,,,,,
2026-09-18,CR,no_data_for_date,,,,,,,,,
2026-09-18,CSL,no_data_for_date,,,,,,,,,
2026-09-18,CSR,no_data_for_date,,,,,,,,,
2026-09-18,CSW,no_data_for_date,,,,,,,,,
2026-09-18,CTRE,no_data_for_date,,,,,,,,,
2026-09-18,CTS,no_data_for_date,,,,,,,,,
2026-09-18,CUBE,no_data_for_date,,,,,,,,,
2026-09-18,CUBI,no_data_for_date,,,,,,,,,
2026-09-18,CURB,no_data_for_date,,,,,,,,,
2026-09-18,CUZ,no_data_for_date,,,,,,,,,
2026-09-18,CVBF,no_data_for_date,,,,,,,,,
2026-09-18,CVCO,no_data_for_date,,,,,,,,,
2026-09-18,CVI,no_data_for_date,,,,,,,,,
2026-09-18,CVLT,no_data_for_date,,,,,,,,,
2026-09-18,CVSA,no_data_for_date,,,,,,,,,
2026-09-18,CWEN,no_data_for_date,,,,,,,,,
2026-09-18,CWK,no_data_for_date,,,,,,,,,
2026-09-18,CWST,no_data_for_date,,,,,,,,,
2026-09-18,CWT,no_data_for_date,,,,,,,,,
2026-09-18,CW,no_data_for_date,,,,,,,,,
2026-09-18,CXM,no_data_for_date,,,,,,,,,
2026-09-18,CXT,no_data_for_date,,,,,,,,,
2026-09-18,CXW,no_50ma_touch,,,,,,,,,
2026-09-18,CYTK,no_data_for_date,,,,,,,,,
2026-09-18,CZR,no_data_for_date,,,,,,,,,
2026-09-18,DAN,no_data_for_date,,,,,,,,,
2026-09-18,DAR,no_data_for_date,,,,,,,,,
2026-09-18,DAVE,no_data_for_date,,,,,,,,,
2026-09-18,DBD,no_data_for_date,,,,,,,,,
2026-09-18,DBX,no_data_for_date,,,,,,,,,
2026-09-18,DCH,no_data_for_date,,,,,,,,,
2026-09-18,DCI,no_data_for_date,,,,,,,,,
2026-09-18,DCOM,no_data_for_date,,,,,,,,,
2026-09-18,DEA,no_data_for_date,,,,,,,,,
2026-09-18,DEI,no_data_for_date,,,,,,,,,
2026-09-18,DELL,no_50ma_touch,,,,,,,,,
2026-09-18,DFH,no_data_for_date,,,,,,,,,
2026-09-18,DFIN,no_data_for_date,,,,,,,,,
2026-09-18,DGII,no_data_for_date,,,,,,,,,
2026-09-18,DINO,no_50ma_touch,,,,,,,,,
2026-09-18,DIOD,no_data_for_date,,,,,,,,,
2026-09-18,DKS,no_data_for_date,,,,,,,,,
2026-09-18,DK,no_50ma_touch,,,,,,,,,
2026-09-18,DLB,no_data_for_date,,,,,,,,,
2026-09-18,DLX,no_data_for_date,,,,,,,,,
2026-09-18,DMC,no_data_for_date,,,,,,,,,
2026-09-18,DNOW,no_data_for_date,,,,,,,,,
2026-09-18,DOCN,no_data_for_date,,,,,,,,,
2026-09-18,DOCS,no_data_for_date,,,,,,,,,
2026-09-18,DOCU,no_data_for_date,,,,,,,,,
2026-09-18,DORM,no_data_for_date,,,,,,,,,
2026-09-18,DRH,no_data_for_date,,,,,,,,,
2026-09-18,DTM,no_data_for_date,,,,,,,,,
2026-09-18,DT,no_data_for_date,,,,,,,,,
2026-09-18,DUOL,no_data_for_date,,,,,,,,,
2026-09-18,DV,no_data_for_date,,,,,,,,,
2026-09-18,DXC,no_data_for_date,,,,,,,,,
2026-09-18,DXPE,no_data_for_date,,,,,,,,,
2026-09-18,DY,no_data_for_date,,,,,,,,,
2026-09-18,EAT,no_data_for_date,,,,,,,,,
2026-09-18,EBC,no_data_for_date,,,,,,,,,
2026-09-18,ECG,no_data_for_date,,,,,,,,,
2026-09-18,ECPG,no_data_for_date,,,,,,,,,
2026-09-18,EEFT,no_data_for_date,,,,,,,,,
2026-09-18,EFC,no_data_for_date,,,,,,,,,
2026-09-18,EFOR,no_data_for_date,,,,,,,,,
2026-09-18,EGBN,no_data_for_date,,,,,,,,,
2026-09-18,EGP,no_data_for_date,,,,,,,,,
2026-09-18,EHC,no_data_for_date,,,,,,,,,
2026-09-18,EIG,no_data_for_date,,,,,,,,,
2026-09-18,ELAN,no_data_for_date,,,,,,,,,
2026-09-18,ELF,no_data_for_date,,,,,,,,,
2026-09-18,ELS,no_data_for_date,,,,,,,,,
2026-09-18,EMN,no_data_for_date,,,,,,,,,
2026-09-18,ENOV,no_data_for_date,,,,,,,,,
2026-09-18,ENPH,no_data_for_date,,,,,,,,,
2026-09-18,ENR,no_data_for_date,,,,,,,,,
2026-09-18,ENSG,no_data_for_date,,,,,,,,,
2026-09-18,ENS,no_data_for_date,,,,,,,,,
2026-09-18,ENTG,no_data_for_date,,,,,,,,,
2026-09-18,ENVA,no_data_for_date,,,,,,,,,
2026-09-18,EPAC,no_data_for_date,,,,,,,,,
2026-09-18,EPAM,no_data_for_date,,,,,,,,,
2026-09-18,EPC,no_data_for_date,,,,,,,,,
2026-09-18,EPRT,no_data_for_date,,,,,,,,,
2026-09-18,EPR,no_data_for_date,,,,,,,,,
2026-09-18,EQH,no_data_for_date,,,,,,,,,
2026-09-18,ESAB,no_data_for_date,,,,,,,,,
2026-09-18,ESE,no_data_for_date,,,,,,,,,
2026-09-18,ESI,no_data_for_date,,,,,,,,,
2026-09-18,ESNT,no_data_for_date,,,,,,,,,
2026-09-18,ETSY,no_data_for_date,,,,,,,,,
2026-09-18,EVR,no_data_for_date,,,,,,,,,
2026-09-18,EVTC,no_data_for_date,,,,,,,,,
2026-09-18,EWBC,no_data_for_date,,,,,,,,,
2026-09-18,EXEL,no_data_for_date,,,,,,,,,
2026-09-18,EXLS,no_data_for_date,,,,,,,,,
2026-09-18,EXPO,no_data_for_date,,,,,,,,,
2026-09-18,EXP,no_data_for_date,,,,,,,,,
2026-09-18,EXTR,no_data_for_date,,,,,,,,,
2026-09-18,EYE,no_data_for_date,,,,,,,,,
2026-09-18,EZPW,no_data_for_date,,,,,,,,,
2026-09-18,FAF,no_data_for_date,,,,,,,,,
2026-09-18,FA,no_data_for_date,,,,,,,,,
2026-09-18,FBIN,no_data_for_date,,,,,,,,,
2026-09-18,FBK,no_data_for_date,,,,,,,,,
2026-09-18,FBNC,no_data_for_date,,,,,,,,,
2026-09-18,FBP,no_data_for_date,,,,,,,,,
2026-09-18,FBRT,no_data_for_date,,,,,,,,,
2026-09-18,FCFS,no_data_for_date,,,,,,,,,
2026-09-18,FCF,no_data_for_date,,,,,,,,,
2026-09-18,FCN,no_data_for_date,,,,,,,,,
2026-09-18,FCPT,no_data_for_date,,,,,,,,,
2026-09-18,FELE,no_data_for_date,,,,,,,,,
2026-09-18,FFBC,no_data_for_date,,,,,,,,,
2026-09-18,FFIN,no_data_for_date,,,,,,,,,
2026-09-18,FG,no_data_for_date,,,,,,,,,
2026-09-18,FHB,no_data_for_date,,,,,,,,,
2026-09-18,FHI,no_data_for_date,,,,,,,,,
2026-09-18,FHN,no_data_for_date,,,,,,,,,
2026-09-18,FIBK,no_data_for_date,,,,,,,,,
2026-09-18,FIVE,no_data_for_date,,,,,,,,,
2026-09-18,FIVN,no_data_for_date,,,,,,,,,
2026-09-18,FIZZ,no_data_for_date,,,,,,,,,
2026-09-18,FLG,no_data_for_date,,,,,,,,,
2026-09-18,FLO,no_data_for_date,,,,,,,,,
2026-09-18,FLR,no_data_for_date,,,,,,,,,
2026-09-18,FLS,no_data_for_date,,,,,,,,,
2026-09-18,FMC,no_data_for_date,,,,,,,,,
2026-09-18,FNB,no_data_for_date,,,,,,,,,
2026-09-18,FND,no_data_for_date,,,,,,,,,
2026-09-18,FNF,no_data_for_date,,,,,,,,,
2026-09-18,FN,no_data_for_date,,,,,,,,,
2026-09-18,FORM,no_data_for_date,,,,,,,,,
2026-09-18,FOUR,no_data_for_date,,,,,,,,,
2026-09-18,FOXF,no_data_for_date,,,,,,,,,
2026-09-18,FROG,momentum_screen,,,,,,,,,
2026-09-18,FRPT,no_data_for_date,,,,,,,,,
2026-09-18,FR,no_data_for_date,,,,,,,,,
2026-09-18,FSS,no_data_for_date,,,,,,,,,
2026-09-18,FTDR,no_data_for_date,,,,,,,,,
2026-09-18,FTI,no_data_for_date,,,,,,,,,
2026-09-18,FTNT,no_50ma_touch,,,,,,,,,
2026-09-18,FTRE,no_data_for_date,,,,,,,,,
2026-09-18,FULT,no_data_for_date,,,,,,,,,
2026-09-18,FUL,no_data_for_date,,,,,,,,,
2026-09-18,FUN,no_data_for_date,,,,,,,,,
2026-09-18,GAP,no_data_for_date,,,,,,,,,
2026-09-18,GATX,no_data_for_date,,,,,,,,,
2026-09-18,GBCI,no_data_for_date,,,,,,,,,
2026-09-18,GBTG,no_50ma_touch,,,,,,,,,
2026-09-18,GBX,no_data_for_date,,,,,,,,,
2026-09-18,GEF,no_data_for_date,,,,,,,,,
2026-09-18,GEO,no_50ma_touch,,,,,,,,,
2026-09-18,GFF,no_data_for_date,,,,,,,,,
2026-09-18,GGG,no_data_for_date,,,,,,,,,
2026-09-18,GHC,no_data_for_date,,,,,,,,,
2026-09-18,GH,no_50ma_touch,,,,,,,,,
2026-09-18,GIII,no_data_for_date,,,,,,,,,
2026-09-18,GKOS,no_data_for_date,,,,,,,,,
2026-09-18,GLPI,no_data_for_date,,,,,,,,,
2026-09-18,GMED,no_data_for_date,,,,,,,,,
2026-09-18,GME,no_data_for_date,,,,,,,,,
2026-09-18,GNL,no_data_for_date,,,,,,,,,
2026-09-18,GNTX,no_data_for_date,,,,,,,,,
2026-09-18,GNW,no_data_for_date,,,,,,,,,
2026-09-18,GOLF,no_data_for_date,,,,,,,,,
2026-09-18,GO,no_data_for_date,,,,,,,,,
2026-09-18,GPI,no_data_for_date,,,,,,,,,
2026-09-18,GPK,no_data_for_date,,,,,,,,,
2026-09-18,GPOR,no_data_for_date,,,,,,,,,
2026-09-18,GRBK,no_data_for_date,,,,,,,,,
2026-09-18,GSHD,no_data_for_date,,,,,,,,,
2026-09-18,GTES,no_data_for_date,,,,,,,,,
2026-09-18,GTLB,no_50ma_touch,,,,,,,,,
2026-09-18,GTM,no_data_for_date,,,,,,,,,
2026-09-18,GTY,no_data_for_date,,,,,,,,,
2026-09-18,GT,no_data_for_date,,,,,,,,,
2026-09-18,GVA,no_data_for_date,,,,,,,,,
2026-09-18,GWRE,no_data_for_date,,,,,,,,,
2026-09-18,GXO,no_data_for_date,,,,,,,,,
2026-09-18,G,no_data_for_date,,,,,,,,,
2026-09-18,HAE,no_data_for_date,,,,,,,,,
2026-09-18,HAFC,no_data_for_date,,,,,,,,,
2026-09-18,HALO,no_50ma_touch,,,,,,,,,
2026-09-18,HASI,no_data_for_date,,,,,,,,,
2026-09-18,HAYW,no_data_for_date,,,,,,,,,
2026-09-18,HCC,no_data_for_date,,,,,,,,,
2026-09-18,HCI,no_data_for_date,,,,,,,,,
2026-09-18,HCSG,no_data_for_date,,,,,,,,,
2026-09-18,HE,no_data_for_date,,,,,,,,,
2026-09-18,HFWA,no_data_for_date,,,,,,,,,
2026-09-18,HGV,no_data_for_date,,,,,,,,,
2026-09-18,HIMS,no_data_for_date,,,,,,,,,
2026-09-18,HIW,no_data_for_date,,,,,,,,,
2026-09-18,HLIT,no_data_for_date,,,,,,,,,
2026-09-18,HLI,no_data_for_date,,,,,,,,,
2026-09-18,HLNE,no_data_for_date,,,,,,,,,
2026-09-18,HLX,no_data_for_date,,,,,,,,,
2026-09-18,HL,no_data_for_date,,,,,,,,,
2026-09-18,HMN,no_data_for_date,,,,,,,,,
2026-09-18,HNGE,no_50ma_touch,,,,,,,,,
2026-09-18,HNI,no_data_for_date,,,,,,,,,
2026-09-18,HOG,no_data_for_date,,,,,,,,,
2026-09-18,HOMB,no_data_for_date,,,,,,,,,
2026-09-18,HOPE,no_data_for_date,,,,,,,,,
2026-09-18,HPE,no_data_for_date,,,,,,,,,
2026-09-18,HPQ,no_50ma_touch,,,,,,,,,
2026-09-18,HP,no_data_for_date,,,,,,,,,
2026-09-18,HQY,no_data_for_date,,,,,,,,,
2026-09-18,HRB,no_data_for_date,,,,,,,,,
2026-09-18,HRMY,no_data_for_date,,,,,,,,,
2026-09-18,HR,no_data_for_date,,,,,,,,,
2026-09-18,HSTM,no_data_for_date,,,,,,,,,
2026-09-18,HTH,no_data_for_date,,,,,,,,,
2026-09-18,HTLD,no_data_for_date,,,,,,,,,
2026-09-18,HTO,no_data_for_date,,,,,,,,,
2026-09-18,HUBG,no_data_for_date,,,,,,,,,
2026-09-18,HWC,no_data_for_date,,,,,,,,,
2026-09-18,HWKN,no_data_for_date,,,,,,,,,
2026-09-18,HXL,no_data_for_date,,,,,,,,,
2026-09-18,HZO,no_data_for_date,,,,,,,,,
2026-09-18,H,no_data_for_date,,,,,,,,,
2026-09-18,IART,no_data_for_date,,,,,,,,,
2026-09-18,IBOC,no_data_for_date,,,,,,,,,
2026-09-18,IBP,no_data_for_date,,,,,,,,,
2026-09-18,ICHR,no_data_for_date,,,,,,,,,
2026-09-18,ICUI,no_data_for_date,,,,,,,,,
2026-09-18,IDA,no_data_for_date,,,,,,,,,
2026-09-18,IDCC,no_data_for_date,,,,,,,,,
2026-09-18,IESC,no_data_for_date,,,,,,,,,
2026-09-18,IIPR,no_data_for_date,,,,,,,,,
2026-09-18,ILMN,no_data_for_date,,,,,,,,,
2026-09-18,INDB,no_data_for_date,,,,,,,,,
2026-09-18,INDV,no_data_for_date,,,,,,,,,
2026-09-18,INGR,no_data_for_date,,,,,,,,,
2026-09-18,INSP,no_data_for_date,,,,,,,,,
2026-09-18,INSW,no_data_for_date,,,,,,,,,
2026-09-18,INVA,no_data_for_date,,,,,,,,,
2026-09-18,INVX,no_data_for_date,,,,,,,,,
2026-09-18,IOSP,no_data_for_date,,,,,,,,,
2026-09-18,IOVA,no_50ma_touch,,,,,,,,,
2026-09-18,IPAR,no_data_for_date,,,,,,,,,
2026-09-18,IPGP,no_data_for_date,,,,,,,,,
2026-09-18,IRDM,no_data_for_date,,,,,,,,,
2026-09-18,IRT,no_data_for_date,,,,,,,,,
2026-09-18,ITGR,no_data_for_date,,,,,,,,,
2026-09-18,ITRI,no_data_for_date,,,,,,,,,
2026-09-18,ITT,no_data_for_date,,,,,,,,,
2026-09-18,IVT,no_data_for_date,,,,,,,,,
2026-09-18,JAZZ,no_data_for_date,,,,,,,,,
2026-09-18,JBGS,no_data_for_date,,,,,,,,,
2026-09-18,JBLU,no_data_for_date,,,,,,,,,
2026-09-18,JBSS,no_data_for_date,,,,,,,,,
2026-09-18,JBTM,no_data_for_date,,,,,,,,,
2026-09-18,JEF,no_data_for_date,,,,,,,,,
2026-09-18,JJSF,no_data_for_date,,,,,,,,,
2026-09-18,JLL,no_data_for_date,,,,,,,,,
2026-09-18,JOE,no_data_for_date,,,,,,,,,
2026-09-18,JXN,no_data_for_date,,,,,,,,,
2026-09-18,KAI,no_data_for_date,,,,,,,,,
2026-09-18,KALU,no_data_for_date,,,,,,,,,
2026-09-18,KBH,no_data_for_date,,,,,,,,,
2026-09-18,KBR,no_data_for_date,,,,,,,,,
2026-09-18,KD,no_data_for_date,,,,,,,,,
2026-09-18,KEX,no_data_for_date,,,,,,,,,
2026-09-18,KFY,no_data_for_date,,,,,,,,,
2026-09-18,KGS,no_data_for_date,,,,,,,,,
2026-09-18,KLIC,no_data_for_date,,,,,,,,,
2026-09-18,KMPR,no_data_for_date,,,,,,,,,
2026-09-18,KMT,no_data_for_date,,,,,,,,,
2026-09-18,KMX,no_data_for_date,,,,,,,,,
2026-09-18,KNF,no_data_for_date,,,,,,,,,
2026-09-18,KNSL,no_data_for_date,,,,,,,,,
2026-09-18,KNTK,no_data_for_date,,,,,,,,,
2026-09-18,KNX,no_data_for_date,,,,,,,,,
2026-09-18,KN,no_data_for_date,,,,,,,,,
2026-09-18,KOP,no_data_for_date,,,,,,,,,
2026-09-18,KRC,no_data_for_date,,,,,,,,,
2026-09-18,KRG,no_data_for_date,,,,,,,,,
2026-09-18,KRMN,no_data_for_date,,,,,,,,,
2026-09-18,KRYS,no_data_for_date,,,,,,,,,
2026-09-18,KSS,no_data_for_date,,,,,,,,,
2026-09-18,KTB,no_data_for_date,,,,,,,,,
2026-09-18,KTOS,no_data_for_date,,,,,,,,,
2026-09-18,KWR,no_data_for_date,,,,,,,,,
2026-09-18,LAD,no_data_for_date,,,,,,,,,
2026-09-18,LAMR,no_data_for_date,,,,,,,,,
2026-09-18,LAUR,no_data_for_date,,,,,,,,,
2026-09-18,LAZ,no_data_for_date,,,,,,,,,
2026-09-18,LBRT,no_data_for_date,,,,,,,,,
2026-09-18,LCII,no_data_for_date,,,,,,,,,
2026-09-18,LEA,no_data_for_date,,,,,,,,,
2026-09-18,LECO,no_data_for_date,,,,,,,,,
2026-09-18,LEG,no_data_for_date,,,,,,,,,
2026-09-18,LEU,no_data_for_date,,,,,,,,,
2026-09-18,LFST,no_50ma_touch,,,,,,,,,
2026-09-18,LFUS,no_data_for_date,,,,,,,,,
2026-09-18,LGIH,no_data_for_date,,,,,,,,,
2026-09-18,LGND,no_data_for_date,,,,,,,,,
2026-09-18,LIF,no_data_for_date,,,,,,,,,
2026-09-18,LIVN,no_data_for_date,,,,,,,,,
2026-09-18,LKFN,no_data_for_date,,,,,,,,,
2026-09-18,LKQ,no_data_for_date,,,,,,,,,
2026-09-18,LMAT,no_data_for_date,,,,,,,,,
2026-09-18,LNC,no_data_for_date,,,,,,,,,
2026-09-18,LNN,no_data_for_date,,,,,,,,,
2026-09-18,LNTH,no_data_for_date,,,,,,,,,
2026-09-18,LOPE,no_data_for_date,,,,,,,,,
2026-09-18,LPG,no_data_for_date,,,,,,,,,
2026-09-18,LPX,no_data_for_date,,,,,,,,,
2026-09-18,LQDA,no_data_for_date,,,,,,,,,
2026-09-18,LQDT,no_data_for_date,,,,,,,,,
2026-09-18,LRN,no_data_for_date,,,,,,,,,
2026-09-18,LSCC,no_data_for_date,,,,,,,,,
2026-09-18,LSTR,no_data_for_date,,,,,,,,,
2026-09-18,LTC,no_data_for_date,,,,,,,,,
2026-09-18,LTH,no_data_for_date,,,,,,,,,
2026-09-18,LUMN,no_data_for_date,,,,,,,,,
2026-09-18,LW,no_data_for_date,,,,,,,,,
2026-09-18,LXP,no_data_for_date,,,,,,,,,
2026-09-18,LYFT,no_data_for_date,,,,,,,,,
2026-09-18,LZB,no_data_for_date,,,,,,,,,
2026-09-18,LZ,no_data_for_date,,,,,,,,,
2026-09-18,MAC,no_data_for_date,,,,,,,,,
2026-09-18,MANH,no_data_for_date,,,,,,,,,
2026-09-18,MAN,no_data_for_date,,,,,,,,,
2026-09-18,MARA,no_data_for_date,,,,,,,,,
2026-09-18,MATW,no_data_for_date,,,,,,,,,
2026-09-18,MATX,no_data_for_date,,,,,,,,,
2026-09-18,MAT,no_data_for_date,,,,,,,,,
2026-09-18,MBC,no_data_for_date,,,,,,,,,
2026-09-18,MBGL,no_data_for_date,,,,,,,,,
2026-09-18,MBIN,no_data_for_date,,,,,,,,,
2026-09-18,MCRI,no_data_for_date,,,,,,,,,
2026-09-18,MCY,no_data_for_date,,,,,,,,,
2026-09-18,MC,no_data_for_date,,,,,,,,,
2026-09-18,MDU,no_data_for_date,,,,,,,,,
2026-09-18,MD,no_data_for_date,,,,,,,,,
2026-09-18,MEDP,no_data_for_date,,,,,,,,,
2026-09-18,MFP,no_data_for_date,,,,,,,,,
2026-09-18,MGEE,no_data_for_date,,,,,,,,,
2026-09-18,MGNI,no_50ma_touch,,,,,,,,,
2026-09-18,MGY,no_data_for_date,,,,,,,,,
2026-09-18,MHK,no_data_for_date,,,,,,,,,
2026-09-18,MHO,no_data_for_date,,,,,,,,,
2026-09-18,MIDD,no_data_for_date,,,,,,,,,
2026-09-18,MIR,no_data_for_date,,,,,,,,,
2026-09-18,MKSI,no_data_for_date,,,,,,,,,
2026-09-18,MKTX,no_data_for_date,,,,,,,,,
2026-09-18,MLI,no_data_for_date,,,,,,,,,
2026-09-18,MLKN,no_data_for_date,,,,,,,,,
2026-09-18,MMI,no_data_for_date,,,,,,,,,
2026-09-18,MMSI,no_data_for_date,,,,,,,,,
2026-09-18,MMS,no_data_for_date,,,,,,,,,
2026-09-18,MOG-A,no_data_for_date,,,,,,,,,
2026-09-18,MOH,no_data_for_date,,,,,,,,,
2026-09-18,MORN,no_data_for_date,,,,,,,,,
2026-09-18,MPC,no_50ma_touch,,,,,,,,,
2026-09-18,MPT,no_data_for_date,,,,,,,,,
2026-09-18,MP,no_data_for_date,,,,,,,,,
2026-09-18,MRCY,no_data_for_date,,,,,,,,,
2026-09-18,MRP,no_data_for_date,,,,,,,,,
2026-09-18,MRTN,no_data_for_date,,,,,,,,,
2026-09-18,MSA,no_data_for_date,,,,,,,,,
2026-09-18,MSEX,no_data_for_date,,,,,,,,,
2026-09-18,MSGS,no_data_for_date,,,,,,,,,
2026-09-18,MSM,no_data_for_date,,,,,,,,,
2026-09-18,MTCH,no_data_for_date,,,,,,,,,
2026-09-18,MTDR,no_data_for_date,,,,,,,,,
2026-09-18,MTG,no_data_for_date,,,,,,,,,
2026-09-18,MTH,no_data_for_date,,,,,,,,,
2026-09-18,MTN,no_data_for_date,,,,,,,,,
2026-09-18,MTRN,no_data_for_date,,,,,,,,,
2026-09-18,MTSI,no_data_for_date,,,,,,,,,
2026-09-18,MTUS,no_data_for_date,,,,,,,,,
2026-09-18,MTX,no_data_for_date,,,,,,,,,
2026-09-18,MTZ,no_data_for_date,,,,,,,,,
2026-09-18,MUR,no_data_for_date,,,,,,,,,
2026-09-18,MUSA,no_data_for_date,,,,,,,,,
2026-09-18,MWA,no_data_for_date,,,,,,,,,
2026-09-18,MXL,no_data_for_date,,,,,,,,,
2026-09-18,MYRG,no_data_for_date,,,,,,,,,
2026-09-18,MZTI,no_data_for_date,,,,,,,,,
2026-09-18,M,no_data_for_date,,,,,,,,,
2026-09-18,NABL,no_data_for_date,,,,,,,,,
2026-09-18,NATL,no_data_for_date,,,,,,,,,
2026-09-18,NAT,no_50ma_touch,,,,,,,,,
2026-09-18,NAVI,no_data_for_date,,,,,,,,,
2026-09-18,NBHC,no_data_for_date,,,,,,,,,
2026-09-18,NBIX,no_data_for_date,,,,,,,,,
2026-09-18,NBTB,no_data_for_date,,,,,,,,,
2026-09-18,NEOG,no_data_for_date,,,,,,,,,
2026-09-18,NEO,no_50ma_touch,,,,,,,,,
2026-09-18,NEU,no_data_for_date,,,,,,,,,
2026-09-18,NE,no_data_for_date,,,,,,,,,
2026-09-18,NFG,no_data_for_date,,,,,,,,,
2026-09-18,NGVT,no_data_for_date,,,,,,,,,
2026-09-18,NHC,no_data_for_date,,,,,,,,,
2026-09-18,NHI,no_data_for_date,,,,,,,,,
2026-09-18,NIC,no_data_for_date,,,,,,,,,
2026-09-18,NJR,no_data_for_date,,,,,,,,,
2026-09-18,NLY,no_data_for_date,,,,,,,,,
2026-09-18,NMIH,no_data_for_date,,,,,,,,,
2026-09-18,NNN,no_data_for_date,,,,,,,,,
2026-09-18,NOG,no_data_for_date,,,,,,,,,
2026-09-18,NOVT,no_data_for_date,,,,,,,,,
2026-09-18,NOV,no_data_for_date,,,,,,,,,
2026-09-18,NPK,no_data_for_date,,,,,,,,,
2026-09-18,NPO,no_data_for_date,,,,,,,,,
2026-09-18,NSIT,no_data_for_date,,,,,,,,,
2026-09-18,NSP,no_data_for_date,,,,,,,,,
2026-09-18,NSSC,no_data_for_date,,,,,,,,,
2026-09-18,NTAP,no_50ma_touch,,,,,,,,,
2026-09-18,NTCT,no_data_for_date,,,,,,,,,
2026-09-18,NTNX,no_50ma_touch,,,,,,,,,
2026-09-18,NTST,no_data_for_date,,,,,,,,,
2026-09-18,NVST,no_data_for_date,,,,,,,,,
2026-09-18,NVT,no_data_for_date,,,,,,,,,
2026-09-18,NWBI,no_data_for_date,,,,,,,,,
2026-09-18,NWE,no_data_for_date,,,,,,,,,
2026-09-18,NWL,no_data_for_date,,,,,,,,,
2026-09-18,NWN,no_data_for_date,,,,,,,,,
2026-09-18,NXDR,no_50ma_touch,,,,,,,,,
2026-09-18,NXRT,no_data_for_date,,,,,,,,,
2026-09-18,NXST,no_data_for_date,,,,,,,,,
2026-09-18,NXT,no_data_for_date,,,,,,,,,
2026-09-18,NX,no_data_for_date,,,,,,,,,
2026-09-18,NYT,no_data_for_date,,,,,,,,,
2026-09-18,OABI,no_50ma_touch,,,,,,,,,
2026-09-18,OC,no_data_for_date,,,,,,,,,
2026-09-18,OFG,no_data_for_date,,,,,,,,,
2026-09-18,OGE,no_data_for_date,,,,,,,,,
2026-09-18,OGN,no_data_for_date,,,,,,,,,
2026-09-18,OGS,no_data_for_date,,,,,,,,,
2026-09-18,OHI,no_data_for_date,,,,,,,,,
2026-09-18,OII,no_data_for_date,,,,,,,,,
2026-09-18,OI,no_data_for_date,,,,,,,,,
2026-09-18,OKTA,no_50ma_touch,,,,,,,,,
2026-09-18,OLED,no_data_for_date,,,,,,,,,
2026-09-18,OLLI,no_data_for_date,,,,,,,,,
2026-09-18,OLN,no_data_for_date,,,,,,,,,
2026-09-18,OMCL,no_data_for_date,,,,,,,,,
2026-09-18,ONB,no_data_for_date,,,,,,,,,
2026-09-18,ONTO,no_data_for_date,,,,,,,,,
2026-09-18,OPCH,no_data_for_date,,,,,,,,,
2026-09-18,OPLN,no_data_for_date,,,,,,,,,
2026-09-18,ORA,no_data_for_date,,,,,,,,,
2026-09-18,ORI,no_data_for_date,,,,,,,,,
2026-09-18,OSCR,no_50ma_touch,,,,,,,,,
2026-09-18,OSIS,no_data_for_date,,,,,,,,,
2026-09-18,OSK,no_data_for_date,,,,,,,,,
2026-09-18,OSW,no_data_for_date,,,,,,,,,
2026-09-18,OTTR,no_data_for_date,,,,,,,,,
2026-09-18,OUT,no_data_for_date,,,,,,,,,
2026-09-18,OVV,no_data_for_date,,,,,,,,,
2026-09-18,OZK,no_data_for_date,,,,,,,,,
2026-09-18,PAG,no_data_for_date,,,,,,,,,
2026-09-18,PAHC,no_data_for_date,,,,,,,,,
2026-09-18,PANW,no_50ma_touch,,,,,,,,,
2026-09-18,PARR,no_data_for_date,,,,,,,,,
2026-09-18,PATH,no_data_for_date,,,,,,,,,
2026-09-18,PATK,no_data_for_date,,,,,,,,,
2026-09-18,PAYC,no_data_for_date,,,,,,,,,
2026-09-18,PAYO,no_data_for_date,,,,,,,,,
2026-09-18,PAY,no_data_for_date,,,,,,,,,
2026-09-18,PBF,no_50ma_touch,,,,,,,,,
2026-09-18,PBH,no_data_for_date,,,,,,,,,
2026-09-18,PBI,no_data_for_date,,,,,,,,,
2026-09-18,PB,no_data_for_date,,,,,,,,,
2026-09-18,PCRX,no_data_for_date,,,,,,,,,
2026-09-18,PCTY,no_data_for_date,,,,,,,,,
2026-09-18,PDFS,no_data_for_date,,,,,,,,,
2026-09-18,PD,no_50ma_touch,,,,,,,,,
2026-09-18,PEB,no_data_for_date,,,,,,,,,
2026-09-18,PECO,no_data_for_date,,,,,,,,,
2026-09-18,PEGA,no_data_for_date,,,,,,,,,
2026-09-18,PENG,no_data_for_date,,,,,,,,,
2026-09-18,PENN,no_data_for_date,,,,,,,,,
2026-09-18,PEN,no_data_for_date,,,,,,,,,
2026-09-18,PFBC,no_data_for_date,,,,,,,,,
2026-09-18,PFGC,no_data_for_date,,,,,,,,,
2026-09-18,PFS,no_data_for_date,,,,,,,,,
2026-09-18,PGNY,no_data_for_date,,,,,,,,,
2026-09-18,PHIN,no_data_for_date,,,,,,,,,
2026-09-18,PII,no_data_for_date,,,,,,,,,
2026-09-18,PINS,no_data_for_date,,,,,,,,,
2026-09-18,PIPR,no_data_for_date,,,,,,,,,
2026-09-18,PI,no_data_for_date,,,,,,,,,
2026-09-18,PJT,no_data_for_date,,,,,,,,,
2026-09-18,PK,no_data_for_date,,,,,,,,,
2026-09-18,PLAB,no_data_for_date,,,,,,,,,
2026-09-18,PLMR,no_data_for_date,,,,,,,,,
2026-09-18,PLNT,no_data_for_date,,,,,,,,,
2026-09-18,PLUS,no_data_for_date,,,,,,,,,
2026-09-18,PLXS,no_data_for_date,,,,,,,,,
2026-09-18,PMT,no_data_for_date,,,,,,,,,
2026-09-18,PNFP,no_data_for_date,,,,,,,,,
2026-09-18,POOL,no_data_for_date,,,,,,,,,
2026-09-18,POR,no_data_for_date,,,,,,,,,
2026-09-18,POST,no_data_for_date,,,,,,,,,
2026-09-18,POWI,no_data_for_date,,,,,,,,,
2026-09-18,POWL,no_data_for_date,,,,,,,,,
2026-09-18,PPC,no_data_for_date,,,,,,,,,
2026-09-18,PPLI,no_data_for_date,,,,,,,,,
2026-09-18,PRCH,no_spy_data,,15.5654,0.6762,4.3439,,,,,
2026-09-18,PRDO,no_data_for_date,,,,,,,,,
2026-09-18,PRGO,no_data_for_date,,,,,,,,,
2026-09-18,PRGS,no_data_for_date,,,,,,,,,
2026-09-18,PRG,no_data_for_date,,,,,,,,,
2026-09-18,PRIM,no_data_for_date,,,,,,,,,
2026-09-18,PRI,no_data_for_date,,,,,,,,,
2026-09-18,PRKS,no_data_for_date,,,,,,,,,
2026-09-18,PRK,no_data_for_date,,,,,,,,,
2026-09-18,PRLB,no_data_for_date,,,,,,,,,
2026-09-18,PRSU,no_data_for_date,,,,,,,,,
2026-09-18,PRVA,no_data_for_date,,,,,,,,,
2026-09-18,PR,no_data_for_date,,,,,,,,,
2026-09-18,PSMT,no_data_for_date,,,,,,,,,
2026-09-18,PSN,no_data_for_date,,,,,,,,,
2026-09-18,PSX,no_50ma_touch,,,,,,,,,
2026-09-18,PTCT,no_data_for_date,,,,,,,,,
2026-09-18,PTEN,no_data_for_date,,,,,,,,,
2026-09-18,PTGX,no_data_for_date,,,,,,,,,
2026-09-18,PTON,no_data_for_date,,,,,,,,,
2026-09-18,PVH,no_data_for_date,,,,,,,,,
2026-09-18,PZZA,no_data_for_date,,,,,,,,,
2026-09-18,P,no_data_for_date,,,,,,,,,
2026-09-18,QDEL,no_data_for_date,,,,,,,,,
2026-09-18,QLYS,no_data_for_date,,,,,,,,,
2026-09-18,QMCO,no_50ma_touch,,,,,,,,,
2026-09-18,QNST,no_data_for_date,,,,,,,,,
2026-09-18,QRVO,no_data_for_date,,,,,,,,,
2026-09-18,QTWO,no_data_for_date,,,,,,,,,
2026-09-18,RAL,no_data_for_date,,,,,,,,,
2026-09-18,RAMP,no_data_for_date,,,,,,,,,
2026-09-18,RBA,no_data_for_date,,,,,,,,,
2026-09-18,RBC,no_data_for_date,,,,,,,,,
2026-09-18,RCUS,no_data_for_date,,,,,,,,,
2026-09-18,RDNT,no_data_for_date,,,,,,,,,
2026-09-18,RDN,no_data_for_date,,,,,,,,,
2026-09-18,RELY,no_data_for_date,,,,,,,,,
2026-09-18,RES,no_data_for_date,,,,,,,,,
2026-09-18,REXR,no_data_for_date,,,,,,,,,
2026-09-18,REX,no_data_for_date,,,,,,,,,
2026-09-18,REYN,no_data_for_date,,,,,,,,,
2026-09-18,REZI,no_data_for_date,,,,,,,,,
2026-09-18,RGA,no_data_for_date,,,,,,,,,
2026-09-18,RGEN,no_data_for_date,,,,,,,,,
2026-09-18,RGLD,no_data_for_date,,,,,,,,,
2026-09-18,RHI,no_data_for_date,,,,,,,,,
2026-09-18,RHP,no_data_for_date,,,,,,,,,
2026-09-18,RH,no_data_for_date,,,,,,,,,
2026-09-18,RITM,no_data_for_date,,,,,,,,,
2026-09-18,RLI,no_data_for_date,,,,,,,,,
2026-09-18,RMBS,no_data_for_date,,,,,,,,,
2026-09-18,RNG,no_data_for_date,,,,,,,,,
2026-09-18,RNR,no_data_for_date,,,,,,,,,
2026-09-18,RNST,no_data_for_date,,,,,,,,,
2026-09-18,ROAD,no_data_for_date,,,,,,,,,
2026-09-18,ROCK,no_data_for_date,,,,,,,,,
2026-09-18,ROG,no_data_for_date,,,,,,,,,
2026-09-18,ROIV,no_data_for_date,,,,,,,,,
2026-09-18,ROKU,no_50ma_touch,,,,,,,,,
2026-09-18,RPM,no_data_for_date,,,,,,,,,
2026-09-18,RRC,no_data_for_date,,,,,,,,,
2026-09-18,RRR,no_data_for_date,,,,,,,,,
2026-09-18,RRX,no_data_for_date,,,,,,,,,
2026-09-18,RSI,no_data_for_date,,,,,,,,,
2026-09-18,RS,no_data_for_date,,,,,,,,,
2026-09-18,RUM,no_50ma_touch,,,,,,,,,
2026-09-18,RUN,no_data_for_date,,,,,,,,,
2026-09-18,RUSHA,no_data_for_date,,,,,,,,,
2026-09-18,RXO,no_data_for_date,,,,,,,,,
2026-09-18,RXT,no_data_for_date,,,,,,,,,
2026-09-18,RYAN,no_data_for_date,,,,,,,,,
2026-09-18,RYN,no_data_for_date,,,,,,,,,
2026-09-18,R,no_data_for_date,,,,,,,,,
2026-09-18,SABR,no_data_for_date,,,,,,,,,
2026-09-18,SAFE,no_data_for_date,,,,,,,,,
2026-09-18,SAFT,no_data_for_date,,,,,,,,,
2026-09-18,SAH,no_data_for_date,,,,,,,,,
2026-09-18,SAIA,no_data_for_date,,,,,,,,,
2026-09-18,SAIC,no_data_for_date,,,,,,,,,
2026-09-18,SAM,no_data_for_date,,,,,,,,,
2026-09-18,SANM,no_data_for_date,,,,,,,,,
2026-09-18,SARO,no_data_for_date,,,,,,,,,
2026-09-18,SBCF,no_data_for_date,,,,,,,,,
2026-09-18,SBH,no_data_for_date,,,,,,,,,
2026-09-18,SBRA,no_data_for_date,,,,,,,,,
2026-09-18,SBSI,no_data_for_date,,,,,,,,,
2026-09-18,SCHL,no_data_for_date,,,,,,,,,
2026-09-18,SCI,no_data_for_date,,,,,,,,,
2026-09-18,SCL,no_data_for_date,,,,,,,,,
2026-09-18,SCSC,no_data_for_date,,,,,,,,,
2026-09-18,SDGR,no_50ma_touch,,,,,,,,,
2026-09-18,SEDG,no_data_for_date,,,,,,,,,
2026-09-18,SEIC,no_data_for_date,,,,,,,,,
2026-09-18,SEI,no_data_for_date,,,,,,,,,
2026-09-18,SEZL,no_data_for_date,,,,,,,,,
2026-09-18,SFBS,no_data_for_date,,,,,,,,,
2026-09-18,SFM,no_data_for_date,,,,,,,,,
2026-09-18,SFNC,no_data_for_date,,,,,,,,,
2026-09-18,SF,no_data_for_date,,,,,,,,,
2026-09-18,SGI,no_data_for_date,,,,,,,,,
2026-09-18,SHAK,no_data_for_date,,,,,,,,,
2026-09-18,SHC,no_data_for_date,,,,,,,,,
2026-09-18,SHEN,no_data_for_date,,,,,,,,,
2026-09-18,SHOO,no_data_for_date,,,,,,,,,
2026-09-18,SHO,no_data_for_date,,,,,,,,,
2026-09-18,SIGI,no_data_for_date,,,,,,,,,
2026-09-18,SIG,no_data_for_date,,,,,,,,,
2026-09-18,SIRI,no_data_for_date,,,,,,,,,
2026-09-18,SITM,no_data_for_date,,,,,,,,,
2026-09-18,SKT,no_data_for_date,,,,,,,,,
2026-09-18,SKYW,no_data_for_date,,,,,,,,,
2026-09-18,SKY,no_data_for_date,,,,,,,,,
2026-09-18,SLAB,no_data_for_date,,,,,,,,,
2026-09-18,SLGN,no_data_for_date,,,,,,,,,
2026-09-18,SLG,no_data_for_date,,,,,,,,,
2026-09-18,SLM,no_data_for_date,,,,,,,,,
2026-09-18,SLVM,no_data_for_date,,,,,,,,,
2026-09-18,SMG,no_data_for_date,,,,,,,,,
2026-09-18,SMPL,no_data_for_date,,,,,,,,,
2026-09-18,SMP,no_data_for_date,,,,,,,,,
2026-09-18,SMTC,no_data_for_date,,,,,,,,,
2026-09-18,SM,no_data_for_date,,,,,,,,,
2026-09-18,SNDR,no_data_for_date,,,,,,,,,
2026-09-18,SNEX,no_data_for_date,,,,,,,,,
2026-09-18,SNOW,no_50ma_touch,,,,,,,,,
2026-09-18,SNX,no_data_for_date,,,,,,,,,
2026-09-18,SN,no_data_for_date,,,,,,,,,
2026-09-18,SOLS,no_data_for_date,,,,,,,,,
2026-09-18,SONO,no_data_for_date,,,,,,,,,
2026-09-18,SON,no_data_for_date,,,,,,,,,
2026-09-18,SPHR,no_data_for_date,,,,,,,,,
2026-09-18,SPNT,no_data_for_date,,,,,,,,,
2026-09-18,SPSC,no_data_for_date,,,,,,,,,
2026-09-18,SPXC,no_data_for_date,,,,,,,,,
2026-09-18,SRPT,no_data_for_date,,,,,,,,,
2026-09-18,SR,no_data_for_date,,,,,,,,,
2026-09-18,SSB,no_data_for_date,,,,,,,,,
2026-09-18,SSD,no_data_for_date,,,,,,,,,
2026-09-18,STAA,no_data_for_date,,,,,,,,,
2026-09-18,STAG,no_data_for_date,,,,,,,,,
2026-09-18,STBA,no_data_for_date,,,,,,,,,
2026-09-18,STC,no_data_for_date,,,,,,,,,
2026-09-18,STEP,no_data_for_date,,,,,,,,,
2026-09-18,STIM,no_50ma_touch,,,,,,,,,
2026-09-18,STLN,no_50ma_touch,,,,,,,,,
2026-09-18,STRA,no_data_for_date,,,,,,,,,
2026-09-18,STRL,no_data_for_date,,,,,,,,,
2026-09-18,STWD,no_data_for_date,,,,,,,,,
2026-09-18,ST,no_data_for_date,,,,,,,,,
2026-09-18,SUI,no_data_for_date,,,,,,,,,
2026-09-18,SUPN,no_data_for_date,,,,,,,,,
2026-09-18,SWX,no_data_for_date,,,,,,,,,
2026-09-18,SXI,no_data_for_date,,,,,,,,,
2026-09-18,SXT,no_data_for_date,,,,,,,,,
2026-09-18,SYNA,no_data_for_date,,,,,,,,,
2026-09-18,TALO,no_data_for_date,,,,,,,,,
2026-09-18,TBBK,no_data_for_date,,,,,,,,,
2026-09-18,TCBI,no_data_for_date,,,,,,,,,
2026-09-18,TDC,no_data_for_date,,,,,,,,,
2026-09-18,TDS,no_data_for_date,,,,,,,,,
2026-09-18,TDW,no_data_for_date,,,,,,,,,
2026-09-18,TEAM,no_50ma_touch,,,,,,,,,
2026-09-18,TEX,no_data_for_date,,,,,,,,,
2026-09-18,TFIN,no_data_for_date,,,,,,,,,
2026-09-18,TFX,no_data_for_date,,,,,,,,,
2026-09-18,TGTX,momentum_screen,,,,,,,,,
2026-09-18,TGT,no_data_for_date,,,,,,,,,
2026-09-18,THC,no_data_for_date,,,,,,,,,
2026-09-18,THG,no_data_for_date,,,,,,,,,
2026-09-18,THO,no_data_for_date,,,,,,,,,
2026-09-18,THRM,no_data_for_date,,,,,,,,,
2026-09-18,TILE,no_data_for_date,,,,,,,,,
2026-09-18,TKR,no_data_for_date,,,,,,,,,
2026-09-18,TLN,no_data_for_date,,,,,,,,,
2026-09-18,TMDX,no_data_for_date,,,,,,,,,
2026-09-18,TMP,no_data_for_date,,,,,,,,,
2026-09-18,TNC,no_data_for_date,,,,,,,,,
2026-09-18,TNDM,no_data_for_date,,,,,,,,,
2026-09-18,TNL,no_data_for_date,,,,,,,,,
2026-09-18,TOL,no_data_for_date,,,,,,,,,
2026-09-18,TOST,no_data_for_date,,,,,,,,,
2026-09-18,TPC,no_data_for_date,,,,,,,,,
2026-09-18,TREX,no_data_for_date,,,,,,,,,
2026-09-18,TRIP,no_data_for_date,,,,,,,,,
2026-09-18,TRMK,no_data_for_date,,,,,,,,,
2026-09-18,TRNO,no_data_for_date,,,,,,,,,
2026-09-18,TRN,no_data_for_date,,,,,,,,,
2026-09-18,TRST,no_data_for_date,,,,,,,,,
2026-09-18,TRUP,no_data_for_date,,,,,,,,,
2026-09-18,TRU,no_data_for_date,,,,,,,,,
2026-09-18,TR,no_data_for_date,,,,,,,,,
2026-09-18,TTC,no_data_for_date,,,,,,,,,
2026-09-18,TTEK,no_data_for_date,,,,,,,,,
2026-09-18,TTMI,no_data_for_date,,,,,,,,,
2026-09-18,TVTX,no_50ma_touch,,,,,,,,,
2026-09-18,TWLO,no_data_for_date,,,,,,,,,
2026-09-18,TWST,no_50ma_touch,,,,,,,,,
2026-09-18,TXNM,no_data_for_date,,,,,,,,,
2026-09-18,TXRH,no_data_for_date,,,,,,,,,
2026-09-18,UAA,no_data_for_date,,,,,,,,,
2026-09-18,UA,no_data_for_date,,,,,,,,,
2026-09-18,UBSI,no_data_for_date,,,,,,,,,
2026-09-18,UCB,no_data_for_date,,,,,,,,,
2026-09-18,UCTT,no_data_for_date,,,,,,,,,
2026-09-18,UE,no_data_for_date,,,,,,,,,
2026-09-18,UFCS,no_data_for_date,,,,,,,,,
2026-09-18,UFPI,no_data_for_date,,,,,,,,,
2026-09-18,UFPT,no_data_for_date,,,,,,,,,
2026-09-18,UGI,no_data_for_date,,,,,,,,,
2026-09-18,ULS,no_data_for_date,,,,,,,,,
2026-09-18,UMBF,no_data_for_date,,,,,,,,,
2026-09-18,UNFI,no_data_for_date,,,,,,,,,
2026-09-18,UNF,no_data_for_date,,,,,,,,,
2026-09-18,UNIT,no_data_for_date,,,,,,,,,
2026-09-18,UNM,no_data_for_date,,,,,,,,,
2026-09-18,UPBD,no_data_for_date,,,,,,,,,
2026-09-18,UPWK,no_data_for_date,,,,,,,,,
2026-09-18,URBN,no_data_for_date,,,,,,,,,
2026-09-18,USFD,no_data_for_date,,,,,,,,,
2026-09-18,USLM,no_data_for_date,,,,,,,,,
2026-09-18,USPH,no_data_for_date,,,,,,,,,
2026-09-18,UTHR,no_data_for_date,,,,,,,,,
2026-09-18,UTI,no_data_for_date,,,,,,,,,
2026-09-18,UTL,no_data_for_date,,,,,,,,,
2026-09-18,UTZ,no_50ma_touch,,,,,,,,,
2026-09-18,UVV,no_data_for_date,,,,,,,,,
2026-09-18,U,no_50ma_touch,,,,,,,,,
2026-09-18,VAC,no_data_for_date,,,,,,,,,
2026-09-18,VAL,no_data_for_date,,,,,,,,,
2026-09-18,VCEL,no_data_for_date,,,,,,,,,
2026-09-18,VCTR,no_data_for_date,,,,,,,,,
2026-09-18,VCYT,no_data_for_date,,,,,,,,,
2026-09-18,VC,no_data_for_date,,,,,,,,,
2026-09-18,VECO,no_data_for_date,,,,,,,,,
2026-09-18,VEEV,no_50ma_touch,,,,,,,,,
2026-09-18,VFC,no_data_for_date,,,,,,,,,
2026-09-18,VGNT,no_data_for_date,,,,,,,,,
2026-09-18,VIAV,no_data_for_date,,,,,,,,,
2026-09-18,VICR,no_data_for_date,,,,,,,,,
2026-09-18,VIRT,no_data_for_date,,,,,,,,,
2026-09-18,VIR,no_data_for_date,,,,,,,,,
2026-09-18,VLO,no_50ma_touch,,,,,,,,,
2026-09-18,VLY,no_data_for_date,,,,,,,,,
2026-09-18,VMI,no_data_for_date,,,,,,,,,
2026-09-18,VNOM,no_data_for_date,,,,,,,,,
2026-09-18,VNO,no_data_for_date,,,,,,,,,
2026-09-18,VNT,no_data_for_date,,,,,,,,,
2026-09-18,VOYA,no_data_for_date,,,,,,,,,
2026-09-18,VRRM,no_data_for_date,,,,,,,,,
2026-09-18,VRTS,no_data_for_date,,,,,,,,,
2026-09-18,VSAT,no_data_for_date,,,,,,,,,
2026-09-18,VSEC,no_data_for_date,,,,,,,,,
2026-09-18,VSH,no_data_for_date,,,,,,,,,
2026-09-18,VSNT,no_data_for_date,,,,,,,,,
2026-09-18,VSTS,no_data_for_date,,,,,,,,,
2026-09-18,VSXY,no_data_for_date,,,,,,,,,
2026-09-18,VTOL,no_data_for_date,,,,,,,,,
2026-09-18,VVV,no_data_for_date,,,,,,,,,
2026-09-18,VVX,no_data_for_date,,,,,,,,,
2026-09-18,VYX,no_data_for_date,,,,,,,,,
2026-09-18,WABC,no_data_for_date,,,,,,,,,
2026-09-18,WAFD,no_data_for_date,,,,,,,,,
2026-09-18,WAL,no_data_for_date,,,,,,,,,
2026-09-18,WAY,no_data_for_date,,,,,,,,,
2026-09-18,WBS,no_data_for_date,,,,,,,,,
2026-09-18,WCC,no_data_for_date,,,,,,,,,
2026-09-18,WDFC,no_data_for_date,,,,,,,,,
2026-09-18,WD,no_data_for_date,,,,,,,,,
2026-09-18,WEN,no_data_for_date,,,,,,,,,
2026-09-18,WERN,no_data_for_date,,,,,,,,,
2026-09-18,WEX,no_data_for_date,,,,,,,,,
2026-09-18,WFRD,no_data_for_date,,,,,,,,,
2026-09-18,WGO,no_data_for_date,,,,,,,,,
2026-09-18,WHD,no_data_for_date,,,,,,,,,
2026-09-18,WHR,no_data_for_date,,,,,,,,,
2026-09-18,WH,no_data_for_date,,,,,,,,,
2026-09-18,WINA,no_data_for_date,,,,,,,,,
2026-09-18,WING,no_data_for_date,,,,,,,,,
2026-09-18,WKC,no_data_for_date,,,,,,,,,
2026-09-18,WLK,no_data_for_date,,,,,,,,,
2026-09-18,WLY,no_data_for_date,,,,,,,,,
2026-09-18,WMG,no_data_for_date,,,,,,,,,
2026-09-18,WMS,no_data_for_date,,,,,,,,,
2026-09-18,WOR,no_data_for_date,,,,,,,,,
2026-09-18,WPC,no_data_for_date,,,,,,,,,
2026-09-18,WRBY,no_data_for_date,,,,,,,,,
2026-09-18,WRLD,no_data_for_date,,,,,,,,,
2026-09-18,WSBC,no_data_for_date,,,,,,,,,
2026-09-18,WSC,no_data_for_date,,,,,,,,,
2026-09-18,WSFS,no_data_for_date,,,,,,,,,
2026-09-18,WSO,no_data_for_date,,,,,,,,,
2026-09-18,WS,no_data_for_date,,,,,,,,,
2026-09-18,WTFC,no_data_for_date,,,,,,,,,
2026-09-18,WTRG,no_data_for_date,,,,,,,,,
2026-09-18,WTS,no_data_for_date,,,,,,,,,
2026-09-18,WT,no_data_for_date,,,,,,,,,
2026-09-18,WU,no_data_for_date,,,,,,,,,
2026-09-18,WWD,no_data_for_date,,,,,,,,,
2026-09-18,WWW,no_data_for_date,,,,,,,,,
2026-09-18,XHR,no_data_for_date,,,,,,,,,
2026-09-18,XNCR,no_data_for_date,,,,,,,,,
2026-09-18,XPEL,no_data_for_date,,,,,,,,,
2026-09-18,XPO,no_data_for_date,,,,,,,,,
2026-09-18,XRAY,no_data_for_date,,,,,,,,,
2026-09-18,XRX,no_50ma_touch,,,,,,,,,
2026-09-18,YELP,no_data_for_date,,,,,,,,,
2026-09-18,YETI,no_data_for_date,,,,,,,,,
2026-09-18,YOU,no_data_for_date,,,,,,,,,
2026-09-18,ZD,no_data_for_date,,,,,,,,,
2026-09-18,ZION,no_data_for_date,,,,,,,,,
2026-09-18,ZWS,no_data_for_date,,,,,,,,,
2026-09-21,AAL,no_data_for_date,,,,,,,,,
2026-09-21,AAMI,no_data_for_date,,,,,,,,,
2026-09-21,AAON,no_data_for_date,,,,,,,,,
2026-09-21,AAP,no_data_for_date,,,,,,,,,
2026-09-21,AAT,no_data_for_date,,,,,,,,,
2026-09-21,AA,no_data_for_date,,,,,,,,,
2026-09-21,ABCB,no_data_for_date,,,,,,,,,
2026-09-21,ABCL,no_50ma_touch,,,,,,,,,
2026-09-21,ABG,no_data_for_date,,,,,,,,,
2026-09-21,ABM,no_data_for_date,,,,,,,,,
2026-09-21,ABR,no_data_for_date,,,,,,,,,
2026-09-21,ACAD,no_data_for_date,,,,,,,,,
2026-09-21,ACA,no_data_for_date,,,,,,,,,
2026-09-21,ACHC,no_data_for_date,,,,,,,,,
2026-09-21,ACIW,no_data_for_date,,,,,,,,,
2026-09-21,ACI,no_data_for_date,,,,,,,,,
2026-09-21,ACLS,no_data_for_date,,,,,,,,,
2026-09-21,ACMR,no_data_for_date,,,,,,,,,
2026-09-21,ACM,no_data_for_date,,,,,,,,,
2026-09-21,ACT,no_data_for_date,,,,,,,,,
2026-09-21,ADAM,no_data_for_date,,,,,,,,,
2026-09-21,ADC,no_data_for_date,,,,,,,,,
2026-09-21,ADEA,no_data_for_date,,,,,,,,,
2026-09-21,ADIG,no_data_for_date,,,,,,,,,
2026-09-21,ADMA,no_data_for_date,,,,,,,,,
2026-09-21,ADNT,no_data_for_date,,,,,,,,,
2026-09-21,ADP,momentum_screen,,,,,,,,,
2026-09-21,ADT,no_data_for_date,,,,,,,,,
2026-09-21,ADUS,no_data_for_date,,,,,,,,,
2026-09-21,AEIS,no_data_for_date,,,,,,,,,
2026-09-21,AEO,no_data_for_date,,,,,,,,,
2026-09-21,AESI,no_data_for_date,,,,,,,,,
2026-09-21,AFG,no_data_for_date,,,,,,,,,
2026-09-21,AGCO,no_data_for_date,,,,,,,,,
2026-09-21,AGEN,no_50ma_touch,,,,,,,,,
2026-09-21,AGNT,no_data_for_date,,,,,,,,,
2026-09-21,AGO,no_data_for_date,,,,,,,,,
2026-09-21,AGX,no_data_for_date,,,,,,,,,
2026-09-21,AGYS,no_data_for_date,,,,,,,,,
2026-09-21,AHCO,no_data_for_date,,,,,,,,,
2026-09-21,AHR,no_data_for_date,,,,,,,,,
2026-09-21,AIN,no_data_for_date,,,,,,,,,
2026-09-21,AIR,no_data_for_date,,,,,,,,,
2026-09-21,AIT,no_data_for_date,,,,,,,,,
2026-09-21,AKR,no_data_for_date,,,,,,,,,
2026-09-21,ALGM,no_data_for_date,,,,,,,,,
2026-09-21,ALGT,no_data_for_date,,,,,,,,,
2026-09-21,ALG,no_data_for_date,,,,,,,,,
2026-09-21,ALHC,no_data_for_date,,,,,,,,,
2026-09-21,ALKS,no_data_for_date,,,,,,,,,
2026-09-21,ALK,no_data_for_date,,,,,,,,,
2026-09-21,ALLY,no_data_for_date,,,,,,,,,
2026-09-21,ALRM,no_data_for_date,,,,,,,,,
2026-09-21,ALSN,no_data_for_date,,,,,,,,,
2026-09-21,ALV,no_data_for_date,,,,,,,,,
2026-09-21,AMC,no_50ma_touch,,,,,,,,,
2026-09-21,AMG,no_data_for_date,,,,,,,,,
2026-09-21,AMH,no_data_for_date,,,,,,,,,
2026-09-21,AMKR,no_data_for_date,,,,,,,,,
2026-09-21,AMLX,no_50ma_touch,,,,,,,,,
2026-09-21,AMN,no_data_for_date,,,,,,,,,
2026-09-21,AMPH,no_data_for_date,,,,,,,,,
2026-09-21,AMRX,no_data_for_date,,,,,,,,,
2026-09-21,AMR,no_data_for_date,,,,,,,,,
2026-09-21,AMSF,no_data_for_date,,,,,,,,,
2026-09-21,AMTM,no_data_for_date,,,,,,,,,
2026-09-21,AM,no_data_for_date,,,,,,,,,
2026-09-21,ANDE,no_data_for_date,,,,,,,,,
2026-09-21,ANF,no_data_for_date,,,,,,,,,
2026-09-21,ANIP,no_data_for_date,,,,,,,,,
2026-09-21,AN,no_data_for_date,,,,,,,,,
2026-09-21,AORT,no_data_for_date,,,,,,,,,
2026-09-21,AOSL,no_data_for_date,,,,,,,,,
2026-09-21,APAM,no_data_for_date,,,,,,,,,
2026-09-21,APG,no_data_for_date,,,,,,,,,
2026-09-21,APLE,no_data_for_date,,,,,,,,,
2026-09-21,APOG,no_data_for_date,,,,,,,,,
2026-09-21,APPF,no_data_for_date,,,,,,,,,
2026-09-21,APPS,no_50ma_touch,,,,,,,,,
2026-09-21,ARCB,no_data_for_date,,,,,,,,,
2026-09-21,ARLO,no_data_for_date,,,,,,,,,
2026-09-21,ARMK,no_data_for_date,,,,,,,,,
2026-09-21,AROC,no_data_for_date,,,,,,,,,
2026-09-21,ARR,no_data_for_date,,,,,,,,,
2026-09-21,ARWR,no_data_for_date,,,,,,,,,
2026-09-21,ARW,no_data_for_date,,,,,,,,,
2026-09-21,AR,no_data_for_date,,,,,,,,,
2026-09-21,ASB,no_data_for_date,,,,,,,,,
2026-09-21,ASH,no_data_for_date,,,,,,,,,
2026-09-21,ASO,no_data_for_date,,,,,,,,,
2026-09-21,ASTE,no_data_for_date,,,,,,,,,
2026-09-21,ASTH,no_data_for_date,,,,,,,,,
2026-09-21,ATEN,no_data_for_date,,,,,,,,,
2026-09-21,ATI,no_data_for_date,,,,,,,,,
2026-09-21,ATMU,no_data_for_date,,,,,,,,,
2026-09-21,ATRC,no_50ma_touch,,,,,,,,,
2026-09-21,ATR,no_data_for_date,,,,,,,,,
2026-09-21,AUB,no_data_for_date,,,,,,,,,
2026-09-21,AVAH,no_50ma_touch,,,,,,,,,
2026-09-21,AVAV,no_data_for_date,,,,,,,,,
2026-09-21,AVA,no_data_for_date,,,,,,,,,
2026-09-21,AVNT,no_data_for_date,,,,,,,,,
2026-09-21,AVTR,no_data_for_date,,,,,,,,,
2026-09-21,AVT,no_data_for_date,,,,,,,,,
2026-09-21,AWI,no_data_for_date,,,,,,,,,
2026-09-21,AWR,no_data_for_date,,,,,,,,,
2026-09-21,AXTA,no_data_for_date,,,,,,,,,
2026-09-21,AX,no_data_for_date,,,,,,,,,
2026-09-21,AYI,no_data_for_date,,,,,,,,,
2026-09-21,AZTA,no_data_for_date,,,,,,,,,
2026-09-21,AZZ,no_data_for_date,,,,,,,,,
2026-09-21,BAH,no_data_for_date,,,,,,,,,
2026-09-21,BANC,no_data_for_date,,,,,,,,,
2026-09-21,BANF,no_data_for_date,,,,,,,,,
2026-09-21,BANR,no_data_for_date,,,,,,,,,
2026-09-21,BBT,no_data_for_date,,,,,,,,,
2026-09-21,BBWI,no_data_for_date,,,,,,,,,
2026-09-21,BCC,no_data_for_date,,,,,,,,,
2026-09-21,BCO,no_data_for_date,,,,,,,,,
2026-09-21,BCPC,no_data_for_date,,,,,,,,,
2026-09-21,BC,no_data_for_date,,,,,,,,,
2026-09-21,BDC,no_data_for_date,,,,,,,,,
2026-09-21,BFAM,no_data_for_date,,,,,,,,,
2026-09-21,BFH,no_data_for_date,,,,,,,,,
2026-09-21,BFLY,momentum_screen,,,,,,,,,
2026-09-21,BFS,no_data_for_date,,,,,,,,,
2026-09-21,BGC,no_data_for_date,,,,,,,,,
2026-09-21,BHE,no_data_for_date,,,,,,,,,
2026-09-21,BHF,no_data_for_date,,,,,,,,,
2026-09-21,BILL,no_data_for_date,,,,,,,,,
2026-09-21,BIO,no_data_for_date,,,,,,,,,
2026-09-21,BJRI,no_data_for_date,,,,,,,,,
2026-09-21,BJ,no_data_for_date,,,,,,,,,
2026-09-21,BKE,no_data_for_date,,,,,,,,,
2026-09-21,BKH,no_data_for_date,,,,,,,,,
2026-09-21,BKU,no_data_for_date,,,,,,,,,
2026-09-21,BLFS,no_data_for_date,,,,,,,,,
2026-09-21,BLKB,no_data_for_date,,,,,,,,,
2026-09-21,BL,no_data_for_date,,,,,,,,,
2026-09-21,BMI,no_data_for_date,,,,,,,,,
2026-09-21,BMRN,no_data_for_date,,,,,,,,,
2026-09-21,BNL,no_data_for_date,,,,,,,,,
2026-09-21,BOH,no_data_for_date,,,,,,,,,
2026-09-21,BOOT,no_data_for_date,,,,,,,,,
2026-09-21,BOX,no_data_for_date,,,,,,,,,
2026-09-21,BRC,no_data_for_date,,,,,,,,,
2026-09-21,BRKR,no_data_for_date,,,,,,,,,
2026-09-21,BROS,no_data_for_date,,,,,,,,,
2026-09-21,BRX,no_data_for_date,,,,,,,,,
2026-09-21,BSY,no_data_for_date,,,,,,,,,
2026-09-21,BTSG,no_data_for_date,,,,,,,,,
2026-09-21,BTU,no_data_for_date,,,,,,,,,
2026-09-21,BURL,no_data_for_date,,,,,,,,,
2026-09-21,BWA,no_data_for_date,,,,,,,,,
2026-09-21,BWXT,no_data_for_date,,,,,,,,,
2026-09-21,BXMT,no_data_for_date,,,,,,,,,
2026-09-21,BYD,no_data_for_date,,,,,,,,,
2026-09-21,CACC,no_data_for_date,,,,,,,,,
2026-09-21,CACI,no_data_for_date,,,,,,,,,
2026-09-21,CAG,no_data_for_date,,,,,,,,,
2026-09-21,CAKE,momentum_screen,,,,,,,,,
2026-09-21,CALM,no_data_for_date,,,,,,,,,
2026-09-21,CALX,no_data_for_date,,,,,,,,,
2026-09-21,CALY,no_data_for_date,,,,,,,,,
2026-09-21,CARG,no_data_for_date,,,,,,,,,
2026-09-21,CART,no_data_for_date,,,,,,,,,
2026-09-21,CAR,no_data_for_date,,,,,,,,,
2026-09-21,CASH,no_data_for_date,,,,,,,,,
2026-09-21,CATY,no_data_for_date,,,,,,,,,
2026-09-21,CAVA,no_data_for_date,,,,,,,,,
2026-09-21,CBRL,no_data_for_date,,,,,,,,,
2026-09-21,CBSH,no_data_for_date,,,,,,,,,
2026-09-21,CBT,no_data_for_date,,,,,,,,,
2026-09-21,CBU,no_data_for_date,,,,,,,,,
2026-09-21,CBZ,no_50ma_touch,,,,,,,,,
2026-09-21,CCK,no_data_for_date,,,,,,,,,
2026-09-21,CCOI,no_data_for_date,,,,,,,,,
2026-09-21,CCS,no_data_for_date,,,,,,,,,
2026-09-21,CC,no_data_for_date,,,,,,,,,
2026-09-21,CDE,no_data_for_date,,,,,,,,,
2026-09-21,CDNA,momentum_screen,,,,,,,,,
2026-09-21,CDP,no_data_for_date,,,,,,,,,
2026-09-21,CELH,no_data_for_date,,,,,,,,,
2026-09-21,CENTA,no_data_for_date,,,,,,,,,
2026-09-21,CENT,no_data_for_date,,,,,,,,,
2026-09-21,CENX,no_data_for_date,,,,,,,,,
2026-09-21,CERT,no_data_for_date,,,,,,,,,
2026-09-21,CE,no_data_for_date,,,,,,,,,
2026-09-21,CFFN,no_data_for_date,,,,,,,,,
2026-09-21,CFR,no_data_for_date,,,,,,,,,
2026-09-21,CGNX,no_data_for_date,,,,,,,,,
2026-09-21,CG,no_data_for_date,,,,,,,,,
2026-09-21,CHCO,no_data_for_date,,,,,,,,,
2026-09-21,CHDN,no_data_for_date,,,,,,,,,
2026-09-21,CHEF,no_data_for_date,,,,,,,,,
2026-09-21,CHE,no_data_for_date,,,,,,,,,
2026-09-21,CHH,no_data_for_date,,,,,,,,,
2026-09-21,CHRD,no_data_for_date,,,,,,,,,
2026-09-21,CHWY,no_data_for_date,,,,,,,,,
2026-09-21,CLBK,no_50ma_touch,,,,,,,,,
2026-09-21,CLF,no_data_for_date,,,,,,,,,
2026-09-21,CLH,no_data_for_date,,,,,,,,,
2026-09-21,CLMT,no_50ma_touch,,,,,,,,,
2026-09-21,CLOV,momentum_screen,,,,,,,,,
2026-09-21,CLSK,no_data_for_date,,,,,,,,,
2026-09-21,CMC,no_data_for_date,,,,,,,,,
2026-09-21,CNH,no_data_for_date,,,,,,,,,
2026-09-21,CNK,no_data_for_date,,,,,,,,,
2026-09-21,CNMD,no_data_for_date,,,,,,,,,
2026-09-21,CNM,no_data_for_date,,,,,,,,,
2026-09-21,CNO,no_data_for_date,,,,,,,,,
2026-09-21,CNR,no_data_for_date,,,,,,,,,
2026-09-21,CNS,no_data_for_date,,,,,,,,,
2026-09-21,CNXC,no_data_for_date,,,,,,,,,
2026-09-21,CNXN,no_data_for_date,,,,,,,,,
2026-09-21,CNX,no_data_for_date,,,,,,,,,
2026-09-21,COCO,no_data_for_date,,,,,,,,,
2026-09-21,COHU,no_data_for_date,,,,,,,,,
2026-09-21,COKE,no_data_for_date,,,,,,,,,
2026-09-21,COLB,no_data_for_date,,,,,,,,,
2026-09-21,COLL,no_data_for_date,,,,,,,,,
2026-09-21,COLM,no_data_for_date,,,,,,,,,
2026-09-21,CON,no_50ma_touch,,,,,,,,,
2026-09-21,CORT,no_50ma_touch,,,,,,,,,
2026-09-21,COTY,no_data_for_date,,,,,,,,,
2026-09-21,CPB,no_data_for_date,,,,,,,,,
2026-09-21,CPF,no_data_for_date,,,,,,,,,
2026-09-21,CPK,no_data_for_date,,,,,,,,,
2026-09-21,CPRI,no_data_for_date,,,,,,,,,
2026-09-21,CRBG,no_data_for_date,,,,,,,,,
2026-09-21,CRC,no_data_for_date,,,,,,,,,
2026-09-21,CRGY,no_data_for_date,,,,,,,,,
2026-09-21,CRI,no_data_for_date,,,,,,,,,
2026-09-21,CRK,no_data_for_date,,,,,,,,,
2026-09-21,CROX,no_data_for_date,,,,,,,,,
2026-09-21,CRSR,no_data_for_date,,,,,,,,,
2026-09-21,CRS,no_data_for_date,,,,,,,,,
2026-09-21,CRUS,no_data_for_date,,,,,,,,,
2026-09-21,CRVL,no_data_for_date,,,,,,,,,
2026-09-21,CRWD,no_50ma_touch,,,,,,,,,
2026-09-21,CR,no_data_for_date,,,,,,,,,
2026-09-21,CSL,no_data_for_date,,,,,,,,,
2026-09-21,CSR,no_data_for_date,,,,,,,,,
2026-09-21,CSW,no_data_for_date,,,,,,,,,
2026-09-21,CTRE,no_data_for_date,,,,,,,,,
2026-09-21,CTS,no_data_for_date,,,,,,,,,
2026-09-21,CUBE,no_data_for_date,,,,,,,,,
2026-09-21,CUBI,no_data_for_date,,,,,,,,,
2026-09-21,CURB,no_data_for_date,,,,,,,,,
2026-09-21,CUZ,no_data_for_date,,,,,,,,,
2026-09-21,CVBF,no_data_for_date,,,,,,,,,
2026-09-21,CVCO,no_data_for_date,,,,,,,,,
2026-09-21,CVI,no_data_for_date,,,,,,,,,
2026-09-21,CVLT,no_data_for_date,,,,,,,,,
2026-09-21,CVSA,no_data_for_date,,,,,,,,,
2026-09-21,CWEN,no_data_for_date,,,,,,,,,
2026-09-21,CWK,no_data_for_date,,,,,,,,,
2026-09-21,CWST,no_data_for_date,,,,,,,,,
2026-09-21,CWT,no_data_for_date,,,,,,,,,
2026-09-21,CW,no_data_for_date,,,,,,,,,
2026-09-21,CXM,no_data_for_date,,,,,,,,,
2026-09-21,CXT,no_data_for_date,,,,,,,,,
2026-09-21,CXW,no_data_for_date,,,,,,,,,
2026-09-21,CYTK,no_data_for_date,,,,,,,,,
2026-09-21,CZR,no_data_for_date,,,,,,,,,
2026-09-21,DAN,no_data_for_date,,,,,,,,,
2026-09-21,DAR,no_data_for_date,,,,,,,,,
2026-09-21,DAVE,no_data_for_date,,,,,,,,,
2026-09-21,DBD,no_data_for_date,,,,,,,,,
2026-09-21,DBX,no_data_for_date,,,,,,,,,
2026-09-21,DCH,no_data_for_date,,,,,,,,,
2026-09-21,DCI,no_data_for_date,,,,,,,,,
2026-09-21,DCOM,no_data_for_date,,,,,,,,,
2026-09-21,DEA,no_data_for_date,,,,,,,,,
2026-09-21,DEI,no_data_for_date,,,,,,,,,
2026-09-21,DELL,no_50ma_touch,,,,,,,,,
2026-09-21,DFH,no_data_for_date,,,,,,,,,
2026-09-21,DFIN,no_data_for_date,,,,,,,,,
2026-09-21,DGII,no_data_for_date,,,,,,,,,
2026-09-21,DINO,no_50ma_touch,,,,,,,,,
2026-09-21,DIOD,no_data_for_date,,,,,,,,,
2026-09-21,DKS,no_data_for_date,,,,,,,,,
2026-09-21,DK,no_50ma_touch,,,,,,,,,
2026-09-21,DLB,no_data_for_date,,,,,,,,,
2026-09-21,DLX,no_data_for_date,,,,,,,,,
2026-09-21,DMC,no_data_for_date,,,,,,,,,
2026-09-21,DNOW,no_data_for_date,,,,,,,,,
2026-09-21,DOCN,no_data_for_date,,,,,,,,,
2026-09-21,DOCS,no_data_for_date,,,,,,,,,
2026-09-21,DOCU,no_data_for_date,,,,,,,,,
2026-09-21,DORM,no_data_for_date,,,,,,,,,
2026-09-21,DRH,no_data_for_date,,,,,,,,,
2026-09-21,DTM,no_data_for_date,,,,,,,,,
2026-09-21,DT,no_data_for_date,,,,,,,,,
2026-09-21,DUOL,no_data_for_date,,,,,,,,,
2026-09-21,DV,no_data_for_date,,,,,,,,,
2026-09-21,DXC,no_data_for_date,,,,,,,,,
2026-09-21,DXPE,no_data_for_date,,,,,,,,,
2026-09-21,DY,no_data_for_date,,,,,,,,,
2026-09-21,EAT,no_data_for_date,,,,,,,,,
2026-09-21,EBC,no_data_for_date,,,,,,,,,
2026-09-21,ECG,no_data_for_date,,,,,,,,,
2026-09-21,ECPG,no_data_for_date,,,,,,,,,
2026-09-21,EEFT,no_data_for_date,,,,,,,,,
2026-09-21,EFC,no_data_for_date,,,,,,,,,
2026-09-21,EFOR,no_data_for_date,,,,,,,,,
2026-09-21,EGBN,no_data_for_date,,,,,,,,,
2026-09-21,EGP,no_data_for_date,,,,,,,,,
2026-09-21,EHC,no_data_for_date,,,,,,,,,
2026-09-21,EIG,no_data_for_date,,,,,,,,,
2026-09-21,ELAN,no_data_for_date,,,,,,,,,
2026-09-21,ELF,no_data_for_date,,,,,,,,,
2026-09-21,ELS,no_data_for_date,,,,,,,,,
2026-09-21,EMN,no_data_for_date,,,,,,,,,
2026-09-21,ENOV,no_data_for_date,,,,,,,,,
2026-09-21,ENPH,no_data_for_date,,,,,,,,,
2026-09-21,ENR,no_data_for_date,,,,,,,,,
2026-09-21,ENSG,no_data_for_date,,,,,,,,,
2026-09-21,ENS,no_data_for_date,,,,,,,,,
2026-09-21,ENTG,no_data_for_date,,,,,,,,,
2026-09-21,ENVA,no_data_for_date,,,,,,,,,
2026-09-21,EPAC,no_data_for_date,,,,,,,,,
2026-09-21,EPAM,no_data_for_date,,,,,,,,,
2026-09-21,EPC,no_data_for_date,,,,,,,,,
2026-09-21,EPRT,no_data_for_date,,,,,,,,,
2026-09-21,EPR,no_data_for_date,,,,,,,,,
2026-09-21,EQH,no_data_for_date,,,,,,,,,
2026-09-21,ESAB,no_data_for_date,,,,,,,,,
2026-09-21,ESE,no_data_for_date,,,,,,,,,
2026-09-21,ESI,no_data_for_date,,,,,,,,,
2026-09-21,ESNT,no_data_for_date,,,,,,,,,
2026-09-21,ETSY,no_data_for_date,,,,,,,,,
2026-09-21,EVR,no_data_for_date,,,,,,,,,
2026-09-21,EVTC,no_data_for_date,,,,,,,,,
2026-09-21,EWBC,no_data_for_date,,,,,,,,,
2026-09-21,EXEL,no_data_for_date,,,,,,,,,
2026-09-21,EXLS,no_data_for_date,,,,,,,,,
2026-09-21,EXPO,no_data_for_date,,,,,,,,,
2026-09-21,EXP,no_data_for_date,,,,,,,,,
2026-09-21,EXTR,no_data_for_date,,,,,,,,,
2026-09-21,EYE,no_data_for_date,,,,,,,,,
2026-09-21,EZPW,no_data_for_date,,,,,,,,,
2026-09-21,FAF,no_data_for_date,,,,,,,,,
2026-09-21,FA,no_data_for_date,,,,,,,,,
2026-09-21,FBIN,no_data_for_date,,,,,,,,,
2026-09-21,FBK,no_data_for_date,,,,,,,,,
2026-09-21,FBNC,no_data_for_date,,,,,,,,,
2026-09-21,FBP,no_data_for_date,,,,,,,,,
2026-09-21,FBRT,no_data_for_date,,,,,,,,,
2026-09-21,FCFS,no_data_for_date,,,,,,,,,
2026-09-21,FCF,no_data_for_date,,,,,,,,,
2026-09-21,FCN,no_data_for_date,,,,,,,,,
2026-09-21,FCPT,no_data_for_date,,,,,,,,,
2026-09-21,FELE,no_data_for_date,,,,,,,,,
2026-09-21,FFBC,no_data_for_date,,,,,,,,,
2026-09-21,FFIN,no_data_for_date,,,,,,,,,
2026-09-21,FG,no_data_for_date,,,,,,,,,
2026-09-21,FHB,no_data_for_date,,,,,,,,,
2026-09-21,FHI,no_data_for_date,,,,,,,,,
2026-09-21,FHN,no_data_for_date,,,,,,,,,
2026-09-21,FIBK,no_data_for_date,,,,,,,,,
2026-09-21,FIVE,no_data_for_date,,,,,,,,,
2026-09-21,FIVN,no_data_for_date,,,,,,,,,
2026-09-21,FIZZ,no_data_for_date,,,,,,,,,
2026-09-21,FLG,no_data_for_date,,,,,,,,,
2026-09-21,FLO,no_data_for_date,,,,,,,,,
2026-09-21,FLR,no_data_for_date,,,,,,,,,
2026-09-21,FLS,no_data_for_date,,,,,,,,,
2026-09-21,FMC,no_data_for_date,,,,,,,,,
2026-09-21,FNB,no_data_for_date,,,,,,,,,
2026-09-21,FND,no_data_for_date,,,,,,,,,
2026-09-21,FNF,no_data_for_date,,,,,,,,,
2026-09-21,FN,no_data_for_date,,,,,,,,,
2026-09-21,FORM,no_data_for_date,,,,,,,,,
2026-09-21,FOUR,no_data_for_date,,,,,,,,,
2026-09-21,FOXF,no_data_for_date,,,,,,,,,
2026-09-21,FROG,momentum_screen,,,,,,,,,
2026-09-21,FRPT,no_data_for_date,,,,,,,,,
2026-09-21,FR,no_data_for_date,,,,,,,,,
2026-09-21,FSS,no_data_for_date,,,,,,,,,
2026-09-21,FTDR,no_data_for_date,,,,,,,,,
2026-09-21,FTI,no_data_for_date,,,,,,,,,
2026-09-21,FTNT,no_50ma_touch,,,,,,,,,
2026-09-21,FTRE,no_data_for_date,,,,,,,,,
2026-09-21,FULT,no_data_for_date,,,,,,,,,
2026-09-21,FUL,no_data_for_date,,,,,,,,,
2026-09-21,FUN,no_data_for_date,,,,,,,,,
2026-09-21,GAP,no_data_for_date,,,,,,,,,
2026-09-21,GATX,no_data_for_date,,,,,,,,,
2026-09-21,GBCI,no_data_for_date,,,,,,,,,
2026-09-21,GBTG,no_50ma_touch,,,,,,,,,
2026-09-21,GBX,no_data_for_date,,,,,,,,,
2026-09-21,GEF,no_data_for_date,,,,,,,,,
2026-09-21,GEO,no_data_for_date,,,,,,,,,
2026-09-21,GFF,no_data_for_date,,,,,,,,,
2026-09-21,GGG,no_data_for_date,,,,,,,,,
2026-09-21,GHC,no_data_for_date,,,,,,,,,
2026-09-21,GH,no_50ma_touch,,,,,,,,,
2026-09-21,GIII,no_data_for_date,,,,,,,,,
2026-09-21,GKOS,no_data_for_date,,,,,,,,,
2026-09-21,GLPI,no_data_for_date,,,,,,,,,
2026-09-21,GMED,no_data_for_date,,,,,,,,,
2026-09-21,GME,no_data_for_date,,,,,,,,,
2026-09-21,GNL,no_data_for_date,,,,,,,,,
2026-09-21,GNTX,no_data_for_date,,,,,,,,,
2026-09-21,GNW,no_data_for_date,,,,,,,,,
2026-09-21,GOLF,no_data_for_date,,,,,,,,,
2026-09-21,GO,no_data_for_date,,,,,,,,,
2026-09-21,GPI,no_data_for_date,,,,,,,,,
2026-09-21,GPK,no_data_for_date,,,,,,,,,
2026-09-21,GPOR,no_data_for_date,,,,,,,,,
2026-09-21,GRBK,no_data_for_date,,,,,,,,,
2026-09-21,GSHD,no_data_for_date,,,,,,,,,
2026-09-21,GTES,no_data_for_date,,,,,,,,,
2026-09-21,GTLB,no_50ma_touch,,,,,,,,,
2026-09-21,GTM,no_data_for_date,,,,,,,,,
2026-09-21,GTY,no_data_for_date,,,,,,,,,
2026-09-21,GT,no_data_for_date,,,,,,,,,
2026-09-21,GVA,no_data_for_date,,,,,,,,,
2026-09-21,GWRE,no_data_for_date,,,,,,,,,
2026-09-21,GXO,no_data_for_date,,,,,,,,,
2026-09-21,G,no_data_for_date,,,,,,,,,
2026-09-21,HAE,no_data_for_date,,,,,,,,,
2026-09-21,HAFC,no_data_for_date,,,,,,,,,
2026-09-21,HALO,no_50ma_touch,,,,,,,,,
2026-09-21,HASI,no_data_for_date,,,,,,,,,
2026-09-21,HAYW,no_data_for_date,,,,,,,,,
2026-09-21,HCC,no_data_for_date,,,,,,,,,
2026-09-21,HCI,no_data_for_date,,,,,,,,,
2026-09-21,HCSG,no_data_for_date,,,,,,,,,
2026-09-21,HE,no_data_for_date,,,,,,,,,
2026-09-21,HFWA,no_data_for_date,,,,,,,,,
2026-09-21,HGV,no_data_for_date,,,,,,,,,
2026-09-21,HIMS,no_data_for_date,,,,,,,,,
2026-09-21,HIW,no_data_for_date,,,,,,,,,
2026-09-21,HLIT,no_data_for_date,,,,,,,,,
2026-09-21,HLI,no_data_for_date,,,,,,,,,
2026-09-21,HLNE,no_data_for_date,,,,,,,,,
2026-09-21,HLX,no_data_for_date,,,,,,,,,
2026-09-21,HL,no_data_for_date,,,,,,,,,
2026-09-21,HMN,no_data_for_date,,,,,,,,,
2026-09-21,HNGE,no_50ma_touch,,,,,,,,,
2026-09-21,HNI,no_data_for_date,,,,,,,,,
2026-09-21,HOG,no_data_for_date,,,,,,,,,
2026-09-21,HOMB,no_data_for_date,,,,,,,,,
2026-09-21,HOPE,no_data_for_date,,,,,,,,,
2026-09-21,HPE,no_data_for_date,,,,,,,,,
2026-09-21,HPQ,no_50ma_touch,,,,,,,,,
2026-09-21,HP,no_data_for_date,,,,,,,,,
2026-09-21,HQY,no_data_for_date,,,,,,,,,
2026-09-21,HRB,no_data_for_date,,,,,,,,,
2026-09-21,HRMY,no_data_for_date,,,,,,,,,
2026-09-21,HR,no_data_for_date,,,,,,,,,
2026-09-21,HSTM,no_data_for_date,,,,,,,,,
2026-09-21,HTH,no_data_for_date,,,,,,,,,
2026-09-21,HTLD,no_data_for_date,,,,,,,,,
2026-09-21,HTO,no_data_for_date,,,,,,,,,
2026-09-21,HUBG,no_data_for_date,,,,,,,,,
2026-09-21,HWC,no_data_for_date,,,,,,,,,
2026-09-21,HWKN,no_data_for_date,,,,,,,,,
2026-09-21,HXL,no_data_for_date,,,,,,,,,
2026-09-21,HZO,no_data_for_date,,,,,,,,,
2026-09-21,H,no_data_for_date,,,,,,,,,
2026-09-21,IART,no_data_for_date,,,,,,,,,
2026-09-21,IBOC,no_data_for_date,,,,,,,,,
2026-09-21,IBP,no_data_for_date,,,,,,,,,
2026-09-21,ICHR,no_data_for_date,,,,,,,,,
2026-09-21,ICUI,no_data_for_date,,,,,,,,,
2026-09-21,IDA,no_data_for_date,,,,,,,,,
2026-09-21,IDCC,no_data_for_date,,,,,,,,,
2026-09-21,IESC,no_data_for_date,,,,,,,,,
2026-09-21,IIPR,no_data_for_date,,,,,,,,,
2026-09-21,ILMN,momentum_screen,,,,,,,,,
2026-09-21,INDB,no_data_for_date,,,,,,,,,
2026-09-21,INDV,no_data_for_date,,,,,,,,,
2026-09-21,INGR,no_data_for_date,,,,,,,,,
2026-09-21,INSP,no_data_for_date,,,,,,,,,
2026-09-21,INSW,no_data_for_date,,,,,,,,,
2026-09-21,INVA,no_data_for_date,,,,,,,,,
2026-09-21,INVX,no_data_for_date,,,,,,,,,
2026-09-21,IOSP,no_data_for_date,,,,,,,,,
2026-09-21,IOVA,no_50ma_touch,,,,,,,,,
2026-09-21,IPAR,no_data_for_date,,,,,,,,,
2026-09-21,IPGP,no_data_for_date,,,,,,,,,
2026-09-21,IRDM,no_data_for_date,,,,,,,,,
2026-09-21,IRT,no_data_for_date,,,,,,,,,
2026-09-21,ITGR,no_data_for_date,,,,,,,,,
2026-09-21,ITRI,no_data_for_date,,,,,,,,,
2026-09-21,ITT,no_data_for_date,,,,,,,,,
2026-09-21,IVT,no_data_for_date,,,,,,,,,
2026-09-21,JAZZ,no_data_for_date,,,,,,,,,
2026-09-21,JBGS,no_data_for_date,,,,,,,,,
2026-09-21,JBLU,no_data_for_date,,,,,,,,,
2026-09-21,JBSS,no_data_for_date,,,,,,,,,
2026-09-21,JBTM,no_data_for_date,,,,,,,,,
2026-09-21,JEF,no_data_for_date,,,,,,,,,
2026-09-21,JJSF,no_data_for_date,,,,,,,,,
2026-09-21,JLL,no_data_for_date,,,,,,,,,
2026-09-21,JOE,no_data_for_date,,,,,,,,,
2026-09-21,JXN,no_data_for_date,,,,,,,,,
2026-09-21,KAI,no_data_for_date,,,,,,,,,
2026-09-21,KALU,no_data_for_date,,,,,,,,,
2026-09-21,KBH,no_data_for_date,,,,,,,,,
2026-09-21,KBR,no_data_for_date,,,,,,,,,
2026-09-21,KD,no_data_for_date,,,,,,,,,
2026-09-21,KEX,no_data_for_date,,,,,,,,,
2026-09-21,KFY,no_data_for_date,,,,,,,,,
2026-09-21,KGS,no_data_for_date,,,,,,,,,
2026-09-21,KLIC,no_data_for_date,,,,,,,,,
2026-09-21,KMPR,no_data_for_date,,,,,,,,,
2026-09-21,KMT,no_data_for_date,,,,,,,,,
2026-09-21,KMX,no_data_for_date,,,,,,,,,
2026-09-21,KNF,no_data_for_date,,,,,,,,,
2026-09-21,KNSL,no_data_for_date,,,,,,,,,
2026-09-21,KNTK,no_data_for_date,,,,,,,,,
2026-09-21,KNX,no_data_for_date,,,,,,,,,
2026-09-21,KN,no_data_for_date,,,,,,,,,
2026-09-21,KOP,no_data_for_date,,,,,,,,,
2026-09-21,KRC,no_data_for_date,,,,,,,,,
2026-09-21,KRG,no_data_for_date,,,,,,,,,
2026-09-21,KRMN,no_data_for_date,,,,,,,,,
2026-09-21,KRYS,no_data_for_date,,,,,,,,,
2026-09-21,KSS,no_data_for_date,,,,,,,,,
2026-09-21,KTB,no_data_for_date,,,,,,,,,
2026-09-21,KTOS,no_data_for_date,,,,,,,,,
2026-09-21,KWR,no_data_for_date,,,,,,,,,
2026-09-21,LAD,no_data_for_date,,,,,,,,,
2026-09-21,LAMR,no_data_for_date,,,,,,,,,
2026-09-21,LAUR,no_data_for_date,,,,,,,,,
2026-09-21,LAZ,no_data_for_date,,,,,,,,,
2026-09-21,LBRT,no_data_for_date,,,,,,,,,
2026-09-21,LCII,no_data_for_date,,,,,,,,,
2026-09-21,LEA,no_data_for_date,,,,,,,,,
2026-09-21,LECO,no_data_for_date,,,,,,,,,
2026-09-21,LEG,no_data_for_date,,,,,,,,,
2026-09-21,LEU,no_data_for_date,,,,,,,,,
2026-09-21,LFST,no_50ma_touch,,,,,,,,,
2026-09-21,LFUS,no_data_for_date,,,,,,,,,
2026-09-21,LGIH,no_data_for_date,,,,,,,,,
2026-09-21,LGND,no_data_for_date,,,,,,,,,
2026-09-21,LIF,no_data_for_date,,,,,,,,,
2026-09-21,LIVN,no_data_for_date,,,,,,,,,
2026-09-21,LKFN,no_data_for_date,,,,,,,,,
2026-09-21,LKQ,no_data_for_date,,,,,,,,,
2026-09-21,LMAT,no_data_for_date,,,,,,,,,
2026-09-21,LNC,no_data_for_date,,,,,,,,,
2026-09-21,LNN,no_data_for_date,,,,,,,,,
2026-09-21,LNTH,no_data_for_date,,,,,,,,,
2026-09-21,LOPE,no_data_for_date,,,,,,,,,
2026-09-21,LPG,no_data_for_date,,,,,,,,,
2026-09-21,LPX,no_data_for_date,,,,,,,,,
2026-09-21,LQDA,no_data_for_date,,,,,,,,,
2026-09-21,LQDT,no_data_for_date,,,,,,,,,
2026-09-21,LRN,no_data_for_date,,,,,,,,,
2026-09-21,LSCC,no_data_for_date,,,,,,,,,
2026-09-21,LSTR,no_data_for_date,,,,,,,,,
2026-09-21,LTC,no_data_for_date,,,,,,,,,
2026-09-21,LTH,no_data_for_date,,,,,,,,,
2026-09-21,LUMN,no_data_for_date,,,,,,,,,
2026-09-21,LW,no_data_for_date,,,,,,,,,
2026-09-21,LXP,no_data_for_date,,,,,,,,,
2026-09-21,LYFT,no_data_for_date,,,,,,,,,
2026-09-21,LZB,no_data_for_date,,,,,,,,,
2026-09-21,LZ,no_data_for_date,,,,,,,,,
2026-09-21,MAC,no_data_for_date,,,,,,,,,
2026-09-21,MANH,no_data_for_date,,,,,,,,,
2026-09-21,MAN,no_data_for_date,,,,,,,,,
2026-09-21,MARA,no_data_for_date,,,,,,,,,
2026-09-21,MATW,no_data_for_date,,,,,,,,,
2026-09-21,MATX,no_data_for_date,,,,,,,,,
2026-09-21,MAT,no_data_for_date,,,,,,,,,
2026-09-21,MBC,no_data_for_date,,,,,,,,,
2026-09-21,MBGL,no_data_for_date,,,,,,,,,
2026-09-21,MBIN,no_data_for_date,,,,,,,,,
2026-09-21,MCRI,no_data_for_date,,,,,,,,,
2026-09-21,MCY,no_data_for_date,,,,,,,,,
2026-09-21,MC,no_data_for_date,,,,,,,,,
2026-09-21,MDU,no_data_for_date,,,,,,,,,
2026-09-21,MD,no_data_for_date,,,,,,,,,
2026-09-21,MEDP,no_data_for_date,,,,,,,,,
2026-09-21,MFP,no_data_for_date,,,,,,,,,
2026-09-21,MGEE,no_data_for_date,,,,,,,,,
2026-09-21,MGNI,no_50ma_touch,,,,,,,,,
2026-09-21,MGY,no_data_for_date,,,,,,,,,
2026-09-21,MHK,no_data_for_date,,,,,,,,,
2026-09-21,MHO,no_data_for_date,,,,,,,,,
2026-09-21,MIDD,no_data_for_date,,,,,,,,,
2026-09-21,MIR,no_data_for_date,,,,,,,,,
2026-09-21,MKSI,no_data_for_date,,,,,,,,,
2026-09-21,MKTX,no_data_for_date,,,,,,,,,
2026-09-21,MLI,no_data_for_date,,,,,,,,,
2026-09-21,MLKN,no_data_for_date,,,,,,,,,
2026-09-21,MMI,no_data_for_date,,,,,,,,,
2026-09-21,MMSI,no_data_for_date,,,,,,,,,
2026-09-21,MMS,no_data_for_date,,,,,,,,,
2026-09-21,MNOV,momentum_screen,,,,,,,,,
2026-09-21,MOG-A,no_data_for_date,,,,,,,,,
2026-09-21,MOH,no_data_for_date,,,,,,,,,
2026-09-21,MORN,no_data_for_date,,,,,,,,,
2026-09-21,MPC,no_50ma_touch,,,,,,,,,
2026-09-21,MPT,no_data_for_date,,,,,,,,,
2026-09-21,MP,no_data_for_date,,,,,,,,,
2026-09-21,MRCY,no_data_for_date,,,,,,,,,
2026-09-21,MRP,no_data_for_date,,,,,,,,,
2026-09-21,MRTN,no_data_for_date,,,,,,,,,
2026-09-21,MSA,no_data_for_date,,,,,,,,,
2026-09-21,MSEX,no_data_for_date,,,,,,,,,
2026-09-21,MSGS,no_data_for_date,,,,,,,,,
2026-09-21,MSM,no_data_for_date,,,,,,,,,
2026-09-21,MTCH,no_data_for_date,,,,,,,,,
2026-09-21,MTDR,no_data_for_date,,,,,,,,,
2026-09-21,MTG,no_data_for_date,,,,,,,,,
2026-09-21,MTH,no_data_for_date,,,,,,,,,
2026-09-21,MTN,no_data_for_date,,,,,,,,,
2026-09-21,MTRN,no_data_for_date,,,,,,,,,
2026-09-21,MTSI,no_data_for_date,,,,,,,,,
2026-09-21,MTUS,no_data_for_date,,,,,,,,,
2026-09-21,MTX,no_data_for_date,,,,,,,,,
2026-09-21,MTZ,no_data_for_date,,,,,,,,,
2026-09-21,MUR,no_data_for_date,,,,,,,,,
2026-09-21,MUSA,no_data_for_date,,,,,,,,,
2026-09-21,MWA,no_data_for_date,,,,,,,,,
2026-09-21,MXL,no_data_for_date,,,,,,,,,
2026-09-21,MYRG,no_data_for_date,,,,,,,,,
2026-09-21,MZTI,no_data_for_date,,,,,,,,,
2026-09-21,M,no_data_for_date,,,,,,,,,
2026-09-21,NABL,no_data_for_date,,,,,,,,,
2026-09-21,NATL,no_data_for_date,,,,,,,,,
2026-09-21,NAT,no_50ma_touch,,,,,,,,,
2026-09-21,NAVI,no_data_for_date,,,,,,,,,
2026-09-21,NBHC,no_data_for_date,,,,,,,,,
2026-09-21,NBIX,no_data_for_date,,,,,,,,,
2026-09-21,NBTB,no_data_for_date,,,,,,,,,
2026-09-21,NEOG,no_data_for_date,,,,,,,,,
2026-09-21,NEO,no_50ma_touch,,,,,,,,,
2026-09-21,NEU,no_data_for_date,,,,,,,,,
2026-09-21,NE,no_data_for_date,,,,,,,,,
2026-09-21,NFG,no_data_for_date,,,,,,,,,
2026-09-21,NGVT,no_data_for_date,,,,,,,,,
2026-09-21,NHC,no_data_for_date,,,,,,,,,
2026-09-21,NHI,no_data_for_date,,,,,,,,,
2026-09-21,NIC,no_data_for_date,,,,,,,,,
2026-09-21,NJR,no_data_for_date,,,,,,,,,
2026-09-21,NLY,no_data_for_date,,,,,,,,,
2026-09-21,NMIH,no_data_for_date,,,,,,,,,
2026-09-21,NNN,no_data_for_date,,,,,,,,,
2026-09-21,NOG,no_data_for_date,,,,,,,,,
2026-09-21,NOVT,no_data_for_date,,,,,,,,,
2026-09-21,NOV,no_data_for_date,,,,,,,,,
2026-09-21,NPK,no_data_for_date,,,,,,,,,
2026-09-21,NPO,no_data_for_date,,,,,,,,,
2026-09-21,NSIT,no_data_for_date,,,,,,,,,
2026-09-21,NSP,no_data_for_date,,,,,,,,,
2026-09-21,NSSC,no_data_for_date,,,,,,,,,
2026-09-21,NTAP,no_50ma_touch,,,,,,,,,
2026-09-21,NTCT,no_data_for_date,,,,,,,,,
2026-09-21,NTNX,no_50ma_touch,,,,,,,,,
2026-09-21,NTRA,no_50ma_touch,,,,,,,,,
2026-09-21,NTST,no_data_for_date,,,,,,,,,
2026-09-21,NVST,no_data_for_date,,,,,,,,,
2026-09-21,NVT,no_data_for_date,,,,,,,,,
2026-09-21,NWBI,no_data_for_date,,,,,,,,,
2026-09-21,NWE,no_data_for_date,,,,,,,,,
2026-09-21,NWL,no_data_for_date,,,,,,,,,
2026-09-21,NWN,no_data_for_date,,,,,,,,,
2026-09-21,NXDR,no_50ma_touch,,,,,,,,,
2026-09-21,NXRT,no_data_for_date,,,,,,,,,
2026-09-21,NXST,no_data_for_date,,,,,,,,,
2026-09-21,NXT,no_data_for_date,,,,,,,,,
2026-09-21,NX,no_data_for_date,,,,,,,,,
2026-09-21,NYT,no_data_for_date,,,,,,,,,
2026-09-21,OABI,no_50ma_touch,,,,,,,,,
2026-09-21,OC,no_data_for_date,,,,,,,,,
2026-09-21,OFG,no_data_for_date,,,,,,,,,
2026-09-21,OGE,no_data_for_date,,,,,,,,,
2026-09-21,OGN,no_data_for_date,,,,,,,,,
2026-09-21,OGS,no_data_for_date,,,,,,,,,
2026-09-21,OHI,no_data_for_date,,,,,,,,,
2026-09-21,OII,no_data_for_date,,,,,,,,,
2026-09-21,OI,no_data_for_date,,,,,,,,,
2026-09-21,OKTA,no_50ma_touch,,,,,,,,,
2026-09-21,OLED,no_data_for_date,,,,,,,,,
2026-09-21,OLLI,no_data_for_date,,,,,,,,,
2026-09-21,OLN,no_data_for_date,,,,,,,,,
2026-09-21,OMCL,no_data_for_date,,,,,,,,,
2026-09-21,ONB,no_data_for_date,,,,,,,,,
2026-09-21,ONTO,no_data_for_date,,,,,,,,,
2026-09-21,OPCH,no_data_for_date,,,,,,,,,
2026-09-21,OPLN,no_data_for_date,,,,,,,,,
2026-09-21,ORA,no_data_for_date,,,,,,,,,
2026-09-21,ORI,no_data_for_date,,,,,,,,,
2026-09-21,OSCR,no_data_for_date,,,,,,,,,
2026-09-21,OSIS,no_data_for_date,,,,,,,,,
2026-09-21,OSK,no_data_for_date,,,,,,,,,
2026-09-21,OSW,no_data_for_date,,,,,,,,,
2026-09-21,OTTR,no_data_for_date,,,,,,,,,
2026-09-21,OUT,no_data_for_date,,,,,,,,,
2026-09-21,OVV,no_data_for_date,,,,,,,,,
2026-09-21,OZK,no_data_for_date,,,,,,,,,
2026-09-21,PAG,no_data_for_date,,,,,,,,,
2026-09-21,PAHC,no_data_for_date,,,,,,,,,
2026-09-21,PANW,no_50ma_touch,,,,,,,,,
2026-09-21,PARR,no_data_for_date,,,,,,,,,
2026-09-21,PATH,no_data_for_date,,,,,,,,,
2026-09-21,PATK,no_data_for_date,,,,,,,,,
2026-09-21,PAYC,no_data_for_date,,,,,,,,,
2026-09-21,PAYO,no_data_for_date,,,,,,,,,
2026-09-21,PAY,no_data_for_date,,,,,,,,,
2026-09-21,PBF,no_50ma_touch,,,,,,,,,
2026-09-21,PBH,no_data_for_date,,,,,,,,,
2026-09-21,PBI,no_data_for_date,,,,,,,,,
2026-09-21,PB,no_data_for_date,,,,,,,,,
2026-09-21,PCRX,no_data_for_date,,,,,,,,,
2026-09-21,PCTY,no_data_for_date,,,,,,,,,
2026-09-21,PDFS,no_data_for_date,,,,,,,,,
2026-09-21,PD,no_50ma_touch,,,,,,,,,
2026-09-21,PEB,no_data_for_date,,,,,,,,,
2026-09-21,PECO,no_data_for_date,,,,,,,,,
2026-09-21,PEGA,no_data_for_date,,,,,,,,,
2026-09-21,PENG,no_data_for_date,,,,,,,,,
2026-09-21,PENN,no_data_for_date,,,,,,,,,
2026-09-21,PEN,no_data_for_date,,,,,,,,,
2026-09-21,PFBC,no_data_for_date,,,,,,,,,
2026-09-21,PFGC,no_data_for_date,,,,,,,,,
2026-09-21,PFS,no_data_for_date,,,,,,,,,
2026-09-21,PGNY,no_data_for_date,,,,,,,,,
2026-09-21,PHIN,no_data_for_date,,,,,,,,,
2026-09-21,PII,no_data_for_date,,,,,,,,,
2026-09-21,PINS,no_data_for_date,,,,,,,,,
2026-09-21,PIPR,no_data_for_date,,,,,,,,,
2026-09-21,PI,no_data_for_date,,,,,,,,,
2026-09-21,PJT,no_data_for_date,,,,,,,,,
2026-09-21,PK,no_data_for_date,,,,,,,,,
2026-09-21,PLAB,no_data_for_date,,,,,,,,,
2026-09-21,PLMR,no_data_for_date,,,,,,,,,
2026-09-21,PLNT,no_data_for_date,,,,,,,,,
2026-09-21,PLUS,no_data_for_date,,,,,,,,,
2026-09-21,PLXS,no_data_for_date,,,,,,,,,
2026-09-21,PMT,no_data_for_date,,,,,,,,,
2026-09-21,PNFP,no_data_for_date,,,,,,,,,
2026-09-21,POOL,no_data_for_date,,,,,,,,,
2026-09-21,POR,no_data_for_date,,,,,,,,,
2026-09-21,POST,no_data_for_date,,,,,,,,,
2026-09-21,POWI,no_data_for_date,,,,,,,,,
2026-09-21,POWL,no_data_for_date,,,,,,,,,
2026-09-21,PPC,no_data_for_date,,,,,,,,,
2026-09-21,PPLI,no_data_for_date,,,,,,,,,
2026-09-21,PRCH,no_50ma_touch,,,,,,,,,
2026-09-21,PRDO,no_data_for_date,,,,,,,,,
2026-09-21,PRGO,no_data_for_date,,,,,,,,,
2026-09-21,PRGS,no_data_for_date,,,,,,,,,
2026-09-21,PRG,no_data_for_date,,,,,,,,,
2026-09-21,PRIM,no_data_for_date,,,,,,,,,
2026-09-21,PRI,no_data_for_date,,,,,,,,,
2026-09-21,PRKS,no_data_for_date,,,,,,,,,
2026-09-21,PRK,no_data_for_date,,,,,,,,,
2026-09-21,PRLB,no_data_for_date,,,,,,,,,
2026-09-21,PRSU,no_data_for_date,,,,,,,,,
2026-09-21,PRVA,no_data_for_date,,,,,,,,,
2026-09-21,PR,no_data_for_date,,,,,,,,,
2026-09-21,PSMT,no_data_for_date,,,,,,,,,
2026-09-21,PSN,no_data_for_date,,,,,,,,,
2026-09-21,PSX,no_50ma_touch,,,,,,,,,
2026-09-21,PTCT,no_data_for_date,,,,,,,,,
2026-09-21,PTEN,no_data_for_date,,,,,,,,,
2026-09-21,PTGX,no_data_for_date,,,,,,,,,
2026-09-21,PTON,no_data_for_date,,,,,,,,,
2026-09-21,PVH,no_data_for_date,,,,,,,,,
2026-09-21,PZZA,no_data_for_date,,,,,,,,,
2026-09-21,P,no_data_for_date,,,,,,,,,
2026-09-21,QDEL,no_data_for_date,,,,,,,,,
2026-09-21,QLYS,no_data_for_date,,,,,,,,,
2026-09-21,QMCO,no_50ma_touch,,,,,,,,,
2026-09-21,QNST,no_data_for_date,,,,,,,,,
2026-09-21,QRVO,no_data_for_date,,,,,,,,,
2026-09-21,QTWO,no_data_for_date,,,,,,,,,
2026-09-21,RAL,no_data_for_date,,,,,,,,,
2026-09-21,RAMP,no_data_for_date,,,,,,,,,
2026-09-21,RBA,no_data_for_date,,,,,,,,,
2026-09-21,RBC,no_data_for_date,,,,,,,,,
2026-09-21,RCUS,no_data_for_date,,,,,,,,,
2026-09-21,RDNT,no_data_for_date,,,,,,,,,
2026-09-21,RDN,no_data_for_date,,,,,,,,,
2026-09-21,RELY,no_data_for_date,,,,,,,,,
2026-09-21,RES,no_data_for_date,,,,,,,,,
2026-09-21,REXR,no_data_for_date,,,,,,,,,
2026-09-21,REX,no_data_for_date,,,,,,,,,
2026-09-21,REYN,no_data_for_date,,,,,,,,,
2026-09-21,REZI,no_data_for_date,,,,,,,,,
2026-09-21,RGA,no_data_for_date,,,,,,,,,
2026-09-21,RGEN,no_data_for_date,,,,,,,,,
2026-09-21,RGLD,no_data_for_date,,,,,,,,,
2026-09-21,RHI,no_data_for_date,,,,,,,,,
2026-09-21,RHP,no_data_for_date,,,,,,,,,
2026-09-21,RH,no_data_for_date,,,,,,,,,
2026-09-21,RITM,no_data_for_date,,,,,,,,,
2026-09-21,RLAY,momentum_screen,,,,,,,,,
2026-09-21,RLI,no_data_for_date,,,,,,,,,
2026-09-21,RMBS,no_data_for_date,,,,,,,,,
2026-09-21,RNG,momentum_screen,,,,,,,,,
2026-09-21,RNR,no_data_for_date,,,,,,,,,
2026-09-21,RNST,no_data_for_date,,,,,,,,,
2026-09-21,ROAD,no_data_for_date,,,,,,,,,
2026-09-21,ROCK,no_data_for_date,,,,,,,,,
2026-09-21,ROG,no_data_for_date,,,,,,,,,
2026-09-21,ROIV,no_data_for_date,,,,,,,,,
2026-09-21,ROKU,no_50ma_touch,,,,,,,,,
2026-09-21,RPM,no_data_for_date,,,,,,,,,
2026-09-21,RRC,no_data_for_date,,,,,,,,,
2026-09-21,RRR,no_data_for_date,,,,,,,,,
2026-09-21,RRX,no_data_for_date,,,,,,,,,
2026-09-21,RSI,no_data_for_date,,,,,,,,,
2026-09-21,RS,no_data_for_date,,,,,,,,,
2026-09-21,RUM,no_50ma_touch,,,,,,,,,
2026-09-21,RUN,no_data_for_date,,,,,,,,,
2026-09-21,RUSHA,no_data_for_date,,,,,,,,,
2026-09-21,RXO,no_data_for_date,,,,,,,,,
2026-09-21,RXT,momentum_screen,,,,,,,,,
2026-09-21,RYAN,no_data_for_date,,,,,,,,,
2026-09-21,RYN,no_data_for_date,,,,,,,,,
2026-09-21,R,no_data_for_date,,,,,,,,,
2026-09-21,SABR,no_data_for_date,,,,,,,,,
2026-09-21,SAFE,no_data_for_date,,,,,,,,,
2026-09-21,SAFT,no_data_for_date,,,,,,,,,
2026-09-21,SAH,no_data_for_date,,,,,,,,,
2026-09-21,SAIA,no_data_for_date,,,,,,,,,
2026-09-21,SAIC,no_data_for_date,,,,,,,,,
2026-09-21,SAM,no_data_for_date,,,,,,,,,
2026-09-21,SANM,no_data_for_date,,,,,,,,,
2026-09-21,SARO,no_data_for_date,,,,,,,,,
2026-09-21,SBCF,no_data_for_date,,,,,,,,,
2026-09-21,SBH,no_data_for_date,,,,,,,,,
2026-09-21,SBRA,no_data_for_date,,,,,,,,,
2026-09-21,SBSI,no_data_for_date,,,,,,,,,
2026-09-21,SCHL,no_data_for_date,,,,,,,,,
2026-09-21,SCI,no_data_for_date,,,,,,,,,
2026-09-21,SCL,no_data_for_date,,,,,,,,,
2026-09-21,SCSC,no_data_for_date,,,,,,,,,
2026-09-21,SDGR,no_50ma_touch,,,,,,,,,
2026-09-21,SEDG,no_data_for_date,,,,,,,,,
2026-09-21,SEIC,no_data_for_date,,,,,,,,,
2026-09-21,SEI,no_data_for_date,,,,,,,,,
2026-09-21,SEZL,no_data_for_date,,,,,,,,,
2026-09-21,SFBS,no_data_for_date,,,,,,,,,
2026-09-21,SFM,no_data_for_date,,,,,,,,,
2026-09-21,SFNC,no_data_for_date,,,,,,,,,
2026-09-21,SF,no_data_for_date,,,,,,,,,
2026-09-21,SGI,no_data_for_date,,,,,,,,,
2026-09-21,SHAK,no_data_for_date,,,,,,,,,
2026-09-21,SHC,no_data_for_date,,,,,,,,,
2026-09-21,SHEN,no_data_for_date,,,,,,,,,
2026-09-21,SHOO,no_data_for_date,,,,,,,,,
2026-09-21,SHO,no_data_for_date,,,,,,,,,
2026-09-21,SIGI,no_data_for_date,,,,,,,,,
2026-09-21,SIG,no_data_for_date,,,,,,,,,
2026-09-21,SIRI,no_data_for_date,,,,,,,,,
2026-09-21,SITM,no_data_for_date,,,,,,,,,
2026-09-21,SKT,no_data_for_date,,,,,,,,,
2026-09-21,SKYW,no_data_for_date,,,,,,,,,
2026-09-21,SKY,no_data_for_date,,,,,,,,,
2026-09-21,SLAB,no_data_for_date,,,,,,,,,
2026-09-21,SLGN,no_data_for_date,,,,,,,,,
2026-09-21,SLG,no_data_for_date,,,,,,,,,
2026-09-21,SLM,no_data_for_date,,,,,,,,,
2026-09-21,SLVM,no_data_for_date,,,,,,,,,
2026-09-21,SMG,no_data_for_date,,,,,,,,,
2026-09-21,SMPL,no_data_for_date,,,,,,,,,
2026-09-21,SMP,no_data_for_date,,,,,,,,,
2026-09-21,SMTC,no_data_for_date,,,,,,,,,
2026-09-21,SM,no_data_for_date,,,,,,,,,
2026-09-21,SNDR,no_data_for_date,,,,,,,,,
2026-09-21,SNEX,no_data_for_date,,,,,,,,,
2026-09-21,SNOW,no_50ma_touch,,,,,,,,,
2026-09-21,SNX,no_data_for_date,,,,,,,,,
2026-09-21,SN,no_data_for_date,,,,,,,,,
2026-09-21,SOLS,no_data_for_date,,,,,,,,,
2026-09-21,SONO,no_data_for_date,,,,,,,,,
2026-09-21,SON,no_data_for_date,,,,,,,,,
2026-09-21,SPHR,no_data_for_date,,,,,,,,,
2026-09-21,SPNT,no_data_for_date,,,,,,,,,
2026-09-21,SPSC,no_data_for_date,,,,,,,,,
2026-09-21,SPXC,no_data_for_date,,,,,,,,,
2026-09-21,SPY,momentum_screen,,,,,,,,,
2026-09-21,SRPT,no_data_for_date,,,,,,,,,
2026-09-21,SR,no_data_for_date,,,,,,,,,
2026-09-21,SSB,no_data_for_date,,,,,,,,,
2026-09-21,SSD,no_data_for_date,,,,,,,,,
2026-09-21,STAA,no_data_for_date,,,,,,,,,
2026-09-21,STAG,no_data_for_date,,,,,,,,,
2026-09-21,STBA,no_data_for_date,,,,,,,,,
2026-09-21,STC,no_data_for_date,,,,,,,,,
2026-09-21,STEP,no_data_for_date,,,,,,,,,
2026-09-21,STIM,no_50ma_touch,,,,,,,,,
2026-09-21,STLN,no_50ma_touch,,,,,,,,,
2026-09-21,STRA,no_data_for_date,,,,,,,,,
2026-09-21,STRL,no_data_for_date,,,,,,,,,
2026-09-21,STWD,no_data_for_date,,,,,,,,,
2026-09-21,ST,no_data_for_date,,,,,,,,,
2026-09-21,SUI,no_data_for_date,,,,,,,,,
2026-09-21,SUPN,no_data_for_date,,,,,,,,,
2026-09-21,SWX,no_data_for_date,,,,,,,,,
2026-09-21,SXI,no_data_for_date,,,,,,,,,
2026-09-21,SXT,no_data_for_date,,,,,,,,,
2026-09-21,SYNA,no_data_for_date,,,,,,,,,
2026-09-21,TALO,no_data_for_date,,,,,,,,,
2026-09-21,TBBK,no_data_for_date,,,,,,,,,
2026-09-21,TCBI,no_data_for_date,,,,,,,,,
2026-09-21,TDC,no_data_for_date,,,,,,,,,
2026-09-21,TDS,no_data_for_date,,,,,,,,,
2026-09-21,TDW,no_data_for_date,,,,,,,,,
2026-09-21,TEAM,no_50ma_touch,,,,,,,,,
2026-09-21,TEX,no_data_for_date,,,,,,,,,
2026-09-21,TFIN,no_data_for_date,,,,,,,,,
2026-09-21,TFX,no_data_for_date,,,,,,,,,
2026-09-21,TGTX,momentum_screen,,,,,,,,,
2026-09-21,TGT,no_data_for_date,,,,,,,,,
2026-09-21,THC,no_data_for_date,,,,,,,,,
2026-09-21,THG,no_data_for_date,,,,,,,,,
2026-09-21,THO,no_data_for_date,,,,,,,,,
2026-09-21,THRM,no_data_for_date,,,,,,,,,
2026-09-21,TILE,no_data_for_date,,,,,,,,,
2026-09-21,TKR,no_data_for_date,,,,,,,,,
2026-09-21,TLN,no_data_for_date,,,,,,,,,
2026-09-21,TMDX,no_data_for_date,,,,,,,,,
2026-09-21,TMP,no_data_for_date,,,,,,,,,
2026-09-21,TNC,no_data_for_date,,,,,,,,,
2026-09-21,TNDM,no_data_for_date,,,,,,,,,
2026-09-21,TNL,no_data_for_date,,,,,,,,,
2026-09-21,TOL,no_data_for_date,,,,,,,,,
2026-09-21,TOST,no_data_for_date,,,,,,,,,
2026-09-21,TPC,no_data_for_date,,,,,,,,,
2026-09-21,TREX,no_data_for_date,,,,,,,,,
2026-09-21,TRIP,no_data_for_date,,,,,,,,,
2026-09-21,TRMK,no_data_for_date,,,,,,,,,
2026-09-21,TRNO,no_data_for_date,,,,,,,,,
2026-09-21,TRN,no_data_for_date,,,,,,,,,
2026-09-21,TRST,no_data_for_date,,,,,,,,,
2026-09-21,TRUP,no_data_for_date,,,,,,,,,
2026-09-21,TRU,no_data_for_date,,,,,,,,,
2026-09-21,TR,no_data_for_date,,,,,,,,,
2026-09-21,TTC,no_data_for_date,,,,,,,,,
2026-09-21,TTEK,no_data_for_date,,,,,,,,,
2026-09-21,TTMI,no_data_for_date,,,,,,,,,
2026-09-21,TVTX,no_data_for_date,,,,,,,,,
2026-09-21,TWLO,no_data_for_date,,,,,,,,,
2026-09-21,TWST,no_50ma_touch,,,,,,,,,
2026-09-21,TXNM,no_data_for_date,,,,,,,,,
2026-09-21,TXRH,no_data_for_date,,,,,,,,,
2026-09-21,UAA,no_data_for_date,,,,,,,,,
2026-09-21,UA,no_data_for_date,,,,,,,,,
2026-09-21,UBSI,no_data_for_date,,,,,,,,,
2026-09-21,UCB,no_data_for_date,,,,,,,,,
2026-09-21,UCTT,no_data_for_date,,,,,,,,,
2026-09-21,UE,no_data_for_date,,,,,,,,,
2026-09-21,UFCS,no_data_for_date,,,,,,,,,
2026-09-21,UFPI,no_data_for_date,,,,,,,,,
2026-09-21,UFPT,no_data_for_date,,,,,,,,,
2026-09-21,UGI,no_data_for_date,,,,,,,,,
2026-09-21,ULS,no_data_for_date,,,,,,,,,
2026-09-21,UMBF,no_data_for_date,,,,,,,,,
2026-09-21,UNFI,no_data_for_date,,,,,,,,,
2026-09-21,UNF,no_data_for_date,,,,,,,,,
2026-09-21,UNIT,no_data_for_date,,,,,,,,,
2026-09-21,UNM,no_data_for_date,,,,,,,,,
2026-09-21,UPBD,no_data_for_date,,,,,,,,,
2026-09-21,UPWK,no_data_for_date,,,,,,,,,
2026-09-21,URBN,no_data_for_date,,,,,,,,,
2026-09-21,USFD,no_data_for_date,,,,,,,,,
2026-09-21,USLM,no_data_for_date,,,,,,,,,
2026-09-21,USPH,no_data_for_date,,,,,,,,,
2026-09-21,UTHR,no_data_for_date,,,,,,,,,
2026-09-21,UTI,no_data_for_date,,,,,,,,,
2026-09-21,UTL,no_data_for_date,,,,,,,,,
2026-09-21,UTZ,no_50ma_touch,,,,,,,,,
2026-09-21,UVV,no_data_for_date,,,,,,,,,
2026-09-21,U,no_50ma_touch,,,,,,,,,
2026-09-21,VAC,no_data_for_date,,,,,,,,,
2026-09-21,VAL,no_data_for_date,,,,,,,,,
2026-09-21,VCEL,no_data_for_date,,,,,,,,,
2026-09-21,VCTR,no_data_for_date,,,,,,,,,
2026-09-21,VCYT,no_data_for_date,,,,,,,,,
2026-09-21,VC,no_data_for_date,,,,,,,,,
2026-09-21,VECO,no_data_for_date,,,,,,,,,
2026-09-21,VEEV,no_50ma_touch,,,,,,,,,
2026-09-21,VFC,no_data_for_date,,,,,,,,,
2026-09-21,VGNT,no_data_for_date,,,,,,,,,
2026-09-21,VIAV,no_data_for_date,,,,,,,,,
2026-09-21,VICR,no_data_for_date,,,,,,,,,
2026-09-21,VIRT,no_data_for_date,,,,,,,,,
2026-09-21,VIR,no_data_for_date,,,,,,,,,
2026-09-21,VLO,no_50ma_touch,,,,,,,,,
2026-09-21,VLY,no_data_for_date,,,,,,,,,
2026-09-21,VMI,no_data_for_date,,,,,,,,,
2026-09-21,VNOM,no_data_for_date,,,,,,,,,
2026-09-21,VNO,no_data_for_date,,,,,,,,,
2026-09-21,VNT,no_data_for_date,,,,,,,,,
2026-09-21,VOYA,no_data_for_date,,,,,,,,,
2026-09-21,VRRM,no_data_for_date,,,,,,,,,
2026-09-21,VRTS,no_data_for_date,,,,,,,,,
2026-09-21,VSAT,no_data_for_date,,,,,,,,,
2026-09-21,VSEC,no_data_for_date,,,,,,,,,
2026-09-21,VSH,no_data_for_date,,,,,,,,,
2026-09-21,VSNT,no_data_for_date,,,,,,,,,
2026-09-21,VSTS,no_data_for_date,,,,,,,,,
2026-09-21,VSXY,no_data_for_date,,,,,,,,,
2026-09-21,VTOL,no_data_for_date,,,,,,,,,
2026-09-21,VVV,no_data_for_date,,,,,,,,,
2026-09-21,VVX,no_data_for_date,,,,,,,,,
2026-09-21,VYX,no_data_for_date,,,,,,,,,
2026-09-21,WABC,no_data_for_date,,,,,,,,,
2026-09-21,WAFD,no_data_for_date,,,,,,,,,
2026-09-21,WAL,no_data_for_date,,,,,,,,,
2026-09-21,WAY,no_data_for_date,,,,,,,,,
2026-09-21,WBS,no_data_for_date,,,,,,,,,
2026-09-21,WCC,no_data_for_date,,,,,,,,,
2026-09-21,WDFC,no_data_for_date,,,,,,,,,
2026-09-21,WD,no_data_for_date,,,,,,,,,
2026-09-21,WEN,no_data_for_date,,,,,,,,,
2026-09-21,WERN,no_data_for_date,,,,,,,,,
2026-09-21,WEX,no_data_for_date,,,,,,,,,
2026-09-21,WFRD,no_data_for_date,,,,,,,,,
2026-09-21,WGO,no_data_for_date,,,,,,,,,
2026-09-21,WHD,no_data_for_date,,,,,,,,,
2026-09-21,WHR,no_data_for_date,,,,,,,,,
2026-09-21,WH,no_data_for_date,,,,,,,,,
2026-09-21,WINA,no_data_for_date,,,,,,,,,
2026-09-21,WING,no_data_for_date,,,,,,,,,
2026-09-21,WKC,no_data_for_date,,,,,,,,,
2026-09-21,WLK,no_data_for_date,,,,,,,,,
2026-09-21,WLY,no_data_for_date,,,,,,,,,
2026-09-21,WMG,no_data_for_date,,,,,,,,,
2026-09-21,WMS,no_data_for_date,,,,,,,,,
2026-09-21,WOR,no_data_for_date,,,,,,,,,
2026-09-21,WPC,no_data_for_date,,,,,,,,,
2026-09-21,WRBY,no_data_for_date,,,,,,,,,
2026-09-21,WRLD,no_data_for_date,,,,,,,,,
2026-09-21,WSBC,no_data_for_date,,,,,,,,,
2026-09-21,WSC,no_data_for_date,,,,,,,,,
2026-09-21,WSFS,no_data_for_date,,,,,,,,,
2026-09-21,WSO,no_data_for_date,,,,,,,,,
2026-09-21,WS,no_data_for_date,,,,,,,,,
2026-09-21,WTFC,no_data_for_date,,,,,,,,,
2026-09-21,WTRG,no_data_for_date,,,,,,,,,
2026-09-21,WTS,no_data_for_date,,,,,,,,,
2026-09-21,WT,no_data_for_date,,,,,,,,,
2026-09-21,WU,no_data_for_date,,,,,,,,,
2026-09-21,WWD,no_data_for_date,,,,,,,,,
2026-09-21,WWW,no_data_for_date,,,,,,,,,
2026-09-21,XHR,no_data_for_date,,,,,,,,,
2026-09-21,XNCR,no_data_for_date,,,,,,,,,
2026-09-21,XPEL,no_data_for_date,,,,,,,,,
2026-09-21,XPO,no_data_for_date,,,,,,,,,
2026-09-21,XRAY,no_data_for_date,,,,,,,,,
2026-09-21,XRX,no_50ma_touch,,,,,,,,,
2026-09-21,YELP,no_data_for_date,,,,,,,,,
2026-09-21,YETI,no_data_for_date,,,,,,,,,
2026-09-21,YOU,no_data_for_date,,,,,,,,,
2026-09-21,ZD,no_data_for_date,,,,,,,,,
2026-09-21,ZION,no_data_for_date,,,,,,,,,
2026-09-21,ZWS,no_data_for_date,,,,,,,,,
2026-09-22,AAL,no_data_for_date,,,,,,,,,
2026-09-22,AAMI,no_data_for_date,,,,,,,,,
2026-09-22,AAON,no_data_for_date,,,,,,,,,
2026-09-22,AAP,no_data_for_date,,,,,,,,,
2026-09-22,AAT,no_data_for_date,,,,,,,,,
2026-09-22,AA,no_data_for_date,,,,,,,,,
2026-09-22,ABCB,no_data_for_date,,,,,,,,,
2026-09-22,ABCL,no_data_for_date,,,,,,,,,
2026-09-22,ABG,no_data_for_date,,,,,,,,,
2026-09-22,ABM,no_data_for_date,,,,,,,,,
2026-09-22,ABR,no_data_for_date,,,,,,,,,
2026-09-22,ACAD,no_data_for_date,,,,,,,,,
2026-09-22,ACA,no_data_for_date,,,,,,,,,
2026-09-22,ACHC,no_data_for_date,,,,,,,,,
2026-09-22,ACIW,no_data_for_date,,,,,,,,,
2026-09-22,ACI,no_data_for_date,,,,,,,,,
2026-09-22,ACLS,no_data_for_date,,,,,,,,,
2026-09-22,ACMR,no_data_for_date,,,,,,,,,
2026-09-22,ACM,no_data_for_date,,,,,,,,,
2026-09-22,ACT,no_data_for_date,,,,,,,,,
2026-09-22,ADAM,no_data_for_date,,,,,,,,,
2026-09-22,ADC,no_data_for_date,,,,,,,,,
2026-09-22,ADEA,no_data_for_date,,,,,,,,,
2026-09-22,ADIG,no_data_for_date,,,,,,,,,
2026-09-22,ADMA,no_data_for_date,,,,,,,,,
2026-09-22,ADNT,no_data_for_date,,,,,,,,,
2026-09-22,ADP,no_data_for_date,,,,,,,,,
2026-09-22,ADT,no_data_for_date,,,,,,,,,
2026-09-22,ADUS,no_data_for_date,,,,,,,,,
2026-09-22,AEIS,no_data_for_date,,,,,,,,,
2026-09-22,AEO,no_data_for_date,,,,,,,,,
2026-09-22,AESI,no_data_for_date,,,,,,,,,
2026-09-22,AFG,no_data_for_date,,,,,,,,,
2026-09-22,AGCO,no_data_for_date,,,,,,,,,
2026-09-22,AGEN,no_data_for_date,,,,,,,,,
2026-09-22,AGNT,no_data_for_date,,,,,,,,,
2026-09-22,AGO,no_data_for_date,,,,,,,,,
2026-09-22,AGX,no_data_for_date,,,,,,,,,
2026-09-22,AGYS,no_data_for_date,,,,,,,,,
2026-09-22,AHCO,no_data_for_date,,,,,,,,,
2026-09-22,AHR,no_data_for_date,,,,,,,,,
2026-09-22,AIN,no_data_for_date,,,,,,,,,
2026-09-22,AIR,no_data_for_date,,,,,,,,,
2026-09-22,AIT,no_data_for_date,,,,,,,,,
2026-09-22,AKR,no_data_for_date,,,,,,,,,
2026-09-22,ALGM,no_data_for_date,,,,,,,,,
2026-09-22,ALGT,no_data_for_date,,,,,,,,,
2026-09-22,ALG,no_data_for_date,,,,,,,,,
2026-09-22,ALHC,no_data_for_date,,,,,,,,,
2026-09-22,ALKS,no_data_for_date,,,,,,,,,
2026-09-22,ALK,no_data_for_date,,,,,,,,,
2026-09-22,ALLY,no_data_for_date,,,,,,,,,
2026-09-22,ALRM,no_data_for_date,,,,,,,,,
2026-09-22,ALSN,no_data_for_date,,,,,,,,,
2026-09-22,ALV,no_data_for_date,,,,,,,,,
2026-09-22,AMC,no_data_for_date,,,,,,,,,
2026-09-22,AMG,no_data_for_date,,,,,,,,,
2026-09-22,AMH,no_data_for_date,,,,,,,,,
2026-09-22,AMKR,no_data_for_date,,,,,,,,,
2026-09-22,AMLX,no_data_for_date,,,,,,,,,
2026-09-22,AMN,no_data_for_date,,,,,,,,,
2026-09-22,AMPH,no_data_for_date,,,,,,,,,
2026-09-22,AMRX,no_data_for_date,,,,,,,,,
2026-09-22,AMR,no_data_for_date,,,,,,,,,
2026-09-22,AMSF,no_data_for_date,,,,,,,,,
2026-09-22,AMTM,no_data_for_date,,,,,,,,,
2026-09-22,AM,no_data_for_date,,,,,,,,,
2026-09-22,ANDE,no_data_for_date,,,,,,,,,
2026-09-22,ANF,no_data_for_date,,,,,,,,,
2026-09-22,ANIP,no_data_for_date,,,,,,,,,
2026-09-22,AN,no_data_for_date,,,,,,,,,
2026-09-22,AORT,no_data_for_date,,,,,,,,,
2026-09-22,AOSL,no_data_for_date,,,,,,,,,
2026-09-22,APAM,no_data_for_date,,,,,,,,,
2026-09-22,APG,no_data_for_date,,,,,,,,,
2026-09-22,APLE,no_data_for_date,,,,,,,,,
2026-09-22,APOG,no_data_for_date,,,,,,,,,
2026-09-22,APPF,no_data_for_date,,,,,,,,,
2026-09-22,APPS,no_data_for_date,,,,,,,,,
2026-09-22,ARCB,no_data_for_date,,,,,,,,,
2026-09-22,ARLO,no_data_for_date,,,,,,,,,
2026-09-22,ARMK,no_data_for_date,,,,,,,,,
2026-09-22,AROC,no_data_for_date,,,,,,,,,
2026-09-22,ARR,no_data_for_date,,,,,,,,,
2026-09-22,ARWR,no_data_for_date,,,,,,,,,
2026-09-22,ARW,no_data_for_date,,,,,,,,,
2026-09-22,AR,no_data_for_date,,,,,,,,,
2026-09-22,ASB,no_data_for_date,,,,,,,,,
2026-09-22,ASH,no_data_for_date,,,,,,,,,
2026-09-22,ASO,no_data_for_date,,,,,,,,,
2026-09-22,ASTE,no_data_for_date,,,,,,,,,
2026-09-22,ASTH,no_data_for_date,,,,,,,,,
2026-09-22,ATEN,no_data_for_date,,,,,,,,,
2026-09-22,ATI,no_data_for_date,,,,,,,,,
2026-09-22,ATMU,no_data_for_date,,,,,,,,,
2026-09-22,ATRC,no_data_for_date,,,,,,,,,
2026-09-22,ATR,no_data_for_date,,,,,,,,,
2026-09-22,AUB,no_data_for_date,,,,,,,,,
2026-09-22,AVAH,no_data_for_date,,,,,,,,,
2026-09-22,AVAV,no_data_for_date,,,,,,,,,
2026-09-22,AVA,no_data_for_date,,,,,,,,,
2026-09-22,AVNT,no_data_for_date,,,,,,,,,
2026-09-22,AVTR,no_data_for_date,,,,,,,,,
2026-09-22,AVT,no_data_for_date,,,,,,,,,
2026-09-22,AWI,no_data_for_date,,,,,,,,,
2026-09-22,AWR,no_data_for_date,,,,,,,,,
2026-09-22,AXTA,no_data_for_date,,,,,,,,,
2026-09-22,AX,no_data_for_date,,,,,,,,,
2026-09-22,AYI,no_data_for_date,,,,,,,,,
2026-09-22,AZTA,no_data_for_date,,,,,,,,,
2026-09-22,AZZ,no_data_for_date,,,,,,,,,
2026-09-22,BAH,no_data_for_date,,,,,,,,,
2026-09-22,BANC,no_data_for_date,,,,,,,,,
2026-09-22,BANF,no_data_for_date,,,,,,,,,
2026-09-22,BANR,no_data_for_date,,,,,,,,,
2026-09-22,BBT,no_data_for_date,,,,,,,,,
2026-09-22,BBWI,no_data_for_date,,,,,,,,,
2026-09-22,BCC,no_data_for_date,,,,,,,,,
2026-09-22,BCO,no_data_for_date,,,,,,,,,
2026-09-22,BCPC,no_data_for_date,,,,,,,,,
2026-09-22,BC,no_data_for_date,,,,,,,,,
2026-09-22,BDC,no_data_for_date,,,,,,,,,
2026-09-22,BFAM,no_data_for_date,,,,,,,,,
2026-09-22,BFH,no_data_for_date,,,,,,,,,
2026-09-22,BFLY,no_data_for_date,,,,,,,,,
2026-09-22,BFS,no_data_for_date,,,,,,,,,
2026-09-22,BGC,no_data_for_date,,,,,,,,,
2026-09-22,BHE,no_data_for_date,,,,,,,,,
2026-09-22,BHF,no_data_for_date,,,,,,,,,
2026-09-22,BILL,no_data_for_date,,,,,,,,,
2026-09-22,BIO,no_data_for_date,,,,,,,,,
2026-09-22,BJRI,no_data_for_date,,,,,,,,,
2026-09-22,BJ,no_data_for_date,,,,,,,,,
2026-09-22,BKE,no_data_for_date,,,,,,,,,
2026-09-22,BKH,no_data_for_date,,,,,,,,,
2026-09-22,BKU,no_data_for_date,,,,,,,,,
2026-09-22,BLFS,no_data_for_date,,,,,,,,,
2026-09-22,BLKB,no_data_for_date,,,,,,,,,
2026-09-22,BL,no_data_for_date,,,,,,,,,
2026-09-22,BMI,no_data_for_date,,,,,,,,,
2026-09-22,BMRN,no_data_for_date,,,,,,,,,
2026-09-22,BNL,no_data_for_date,,,,,,,,,
2026-09-22,BOH,no_data_for_date,,,,,,,,,
2026-09-22,BOOT,no_data_for_date,,,,,,,,,
2026-09-22,BOX,no_data_for_date,,,,,,,,,
2026-09-22,BRC,no_data_for_date,,,,,,,,,
2026-09-22,BRKR,no_data_for_date,,,,,,,,,
2026-09-22,BROS,no_data_for_date,,,,,,,,,
2026-09-22,BRX,no_data_for_date,,,,,,,,,
2026-09-22,BSY,no_data_for_date,,,,,,,,,
2026-09-22,BTSG,no_data_for_date,,,,,,,,,
2026-09-22,BTU,no_data_for_date,,,,,,,,,
2026-09-22,BURL,no_data_for_date,,,,,,,,,
2026-09-22,BWA,no_data_for_date,,,,,,,,,
2026-09-22,BWXT,no_data_for_date,,,,,,,,,
2026-09-22,BXMT,no_data_for_date,,,,,,,,,
2026-09-22,BYD,no_data_for_date,,,,,,,,,
2026-09-22,CACC,no_data_for_date,,,,,,,,,
2026-09-22,CACI,no_data_for_date,,,,,,,,,
2026-09-22,CAG,no_data_for_date,,,,,,,,,
2026-09-22,CAKE,no_data_for_date,,,,,,,,,
2026-09-22,CALM,no_data_for_date,,,,,,,,,
2026-09-22,CALX,no_data_for_date,,,,,,,,,
2026-09-22,CALY,no_data_for_date,,,,,,,,,
2026-09-22,CARG,no_data_for_date,,,,,,,,,
2026-09-22,CART,no_data_for_date,,,,,,,,,
2026-09-22,CAR,no_data_for_date,,,,,,,,,
2026-09-22,CASH,no_data_for_date,,,,,,,,,
2026-09-22,CATY,no_data_for_date,,,,,,,,,
2026-09-22,CAVA,no_data_for_date,,,,,,,,,
2026-09-22,CBRL,no_data_for_date,,,,,,,,,
2026-09-22,CBSH,no_data_for_date,,,,,,,,,
2026-09-22,CBT,no_data_for_date,,,,,,,,,
2026-09-22,CBU,no_data_for_date,,,,,,,,,
2026-09-22,CBZ,no_data_for_date,,,,,,,,,
2026-09-22,CCK,no_data_for_date,,,,,,,,,
2026-09-22,CCOI,no_data_for_date,,,,,,,,,
2026-09-22,CCS,no_data_for_date,,,,,,,,,
2026-09-22,CC,no_data_for_date,,,,,,,,,
2026-09-22,CDE,no_data_for_date,,,,,,,,,
2026-09-22,CDNA,no_data_for_date,,,,,,,,,
2026-09-22,CDP,no_data_for_date,,,,,,,,,
2026-09-22,CELH,no_data_for_date,,,,,,,,,
2026-09-22,CENTA,no_data_for_date,,,,,,,,,
2026-09-22,CENT,no_data_for_date,,,,,,,,,
2026-09-22,CENX,no_data_for_date,,,,,,,,,
2026-09-22,CERT,no_data_for_date,,,,,,,,,
2026-09-22,CE,no_data_for_date,,,,,,,,,
2026-09-22,CFFN,no_data_for_date,,,,,,,,,
2026-09-22,CFR,no_data_for_date,,,,,,,,,
2026-09-22,CGNX,no_data_for_date,,,,,,,,,
2026-09-22,CG,no_data_for_date,,,,,,,,,
2026-09-22,CHCO,no_data_for_date,,,,,,,,,
2026-09-22,CHDN,no_data_for_date,,,,,,,,,
2026-09-22,CHEF,no_data_for_date,,,,,,,,,
2026-09-22,CHE,no_data_for_date,,,,,,,,,
2026-09-22,CHH,no_data_for_date,,,,,,,,,
2026-09-22,CHRD,no_data_for_date,,,,,,,,,
2026-09-22,CHWY,no_data_for_date,,,,,,,,,
2026-09-22,CLBK,no_data_for_date,,,,,,,,,
2026-09-22,CLF,no_data_for_date,,,,,,,,,
2026-09-22,CLH,no_data_for_date,,,,,,,,,
2026-09-22,CLMT,no_data_for_date,,,,,,,,,
2026-09-22,CLOV,no_data_for_date,,,,,,,,,
2026-09-22,CLSK,no_data_for_date,,,,,,,,,
2026-09-22,CMC,no_data_for_date,,,,,,,,,
2026-09-22,CNH,no_data_for_date,,,,,,,,,
2026-09-22,CNK,no_data_for_date,,,,,,,,,
2026-09-22,CNMD,no_data_for_date,,,,,,,,,
2026-09-22,CNM,no_data_for_date,,,,,,,,,
2026-09-22,CNO,no_data_for_date,,,,,,,,,
2026-09-22,CNR,no_data_for_date,,,,,,,,,
2026-09-22,CNS,no_data_for_date,,,,,,,,,
2026-09-22,CNXC,no_data_for_date,,,,,,,,,
2026-09-22,CNXN,no_data_for_date,,,,,,,,,
2026-09-22,CNX,no_data_for_date,,,,,,,,,
2026-09-22,COCO,no_data_for_date,,,,,,,,,
2026-09-22,COHU,no_data_for_date,,,,,,,,,
2026-09-22,COKE,no_data_for_date,,,,,,,,,
2026-09-22,COLB,no_data_for_date,,,,,,,,,
2026-09-22,COLL,no_data_for_date,,,,,,,,,
2026-09-22,COLM,no_data_for_date,,,,,,,,,
2026-09-22,CON,no_data_for_date,,,,,,,,,
2026-09-22,CORT,no_data_for_date,,,,,,,,,
2026-09-22,COTY,no_data_for_date,,,,,,,,,
2026-09-22,CPB,no_data_for_date,,,,,,,,,
2026-09-22,CPF,no_data_for_date,,,,,,,,,
2026-09-22,CPK,no_data_for_date,,,,,,,,,
2026-09-22,CPRI,no_data_for_date,,,,,,,,,
2026-09-22,CRBG,no_data_for_date,,,,,,,,,
2026-09-22,CRC,no_data_for_date,,,,,,,,,
2026-09-22,CRGY,no_data_for_date,,,,,,,,,
2026-09-22,CRI,no_data_for_date,,,,,,,,,
2026-09-22,CRK,no_data_for_date,,,,,,,,,
2026-09-22,CROX,no_data_for_date,,,,,,,,,
2026-09-22,CRSR,no_data_for_date,,,,,,,,,
2026-09-22,CRS,no_data_for_date,,,,,,,,,
2026-09-22,CRUS,no_data_for_date,,,,,,,,,
2026-09-22,CRVL,no_data_for_date,,,,,,,,,
2026-09-22,CRWD,no_data_for_date,,,,,,,,,
2026-09-22,CR,no_data_for_date,,,,,,,,,
2026-09-22,CSL,no_data_for_date,,,,,,,,,
2026-09-22,CSR,no_data_for_date,,,,,,,,,
2026-09-22,CSW,no_data_for_date,,,,,,,,,
2026-09-22,CTRE,no_data_for_date,,,,,,,,,
2026-09-22,CTS,no_data_for_date,,,,,,,,,
2026-09-22,CUBE,no_data_for_date,,,,,,,,,
2026-09-22,CUBI,no_data_for_date,,,,,,,,,
2026-09-22,CURB,no_data_for_date,,,,,,,,,
2026-09-22,CUZ,no_data_for_date,,,,,,,,,
2026-09-22,CVBF,no_data_for_date,,,,,,,,,
2026-09-22,CVCO,no_data_for_date,,,,,,,,,
2026-09-22,CVI,no_data_for_date,,,,,,,,,
2026-09-22,CVLT,no_data_for_date,,,,,,,,,
2026-09-22,CVSA,no_data_for_date,,,,,,,,,
2026-09-22,CWEN,no_data_for_date,,,,,,,,,
2026-09-22,CWK,no_data_for_date,,,,,,,,,
2026-09-22,CWST,no_data_for_date,,,,,,,,,
2026-09-22,CWT,no_data_for_date,,,,,,,,,
2026-09-22,CW,no_data_for_date,,,,,,,,,
2026-09-22,CXM,no_data_for_date,,,,,,,,,
2026-09-22,CXT,no_data_for_date,,,,,,,,,
2026-09-22,CXW,no_data_for_date,,,,,,,,,
2026-09-22,CYTK,no_data_for_date,,,,,,,,,
2026-09-22,CZR,no_data_for_date,,,,,,,,,
2026-09-22,DAN,no_data_for_date,,,,,,,,,
2026-09-22,DAR,no_data_for_date,,,,,,,,,
2026-09-22,DAVE,no_data_for_date,,,,,,,,,
2026-09-22,DBD,no_data_for_date,,,,,,,,,
2026-09-22,DBX,no_data_for_date,,,,,,,,,
2026-09-22,DCH,no_data_for_date,,,,,,,,,
2026-09-22,DCI,no_data_for_date,,,,,,,,,
2026-09-22,DCOM,no_data_for_date,,,,,,,,,
2026-09-22,DEA,no_data_for_date,,,,,,,,,
2026-09-22,DEI,no_data_for_date,,,,,,,,,
2026-09-22,DELL,no_data_for_date,,,,,,,,,
2026-09-22,DFH,no_data_for_date,,,,,,,,,
2026-09-22,DFIN,no_data_for_date,,,,,,,,,
2026-09-22,DGII,no_data_for_date,,,,,,,,,
2026-09-22,DINO,no_data_for_date,,,,,,,,,
2026-09-22,DIOD,no_data_for_date,,,,,,,,,
2026-09-22,DKS,no_data_for_date,,,,,,,,,
2026-09-22,DK,no_data_for_date,,,,,,,,,
2026-09-22,DLB,no_data_for_date,,,,,,,,,
2026-09-22,DLX,no_data_for_date,,,,,,,,,
2026-09-22,DMC,no_data_for_date,,,,,,,,,
2026-09-22,DNOW,no_data_for_date,,,,,,,,,
2026-09-22,DOCN,no_data_for_date,,,,,,,,,
2026-09-22,DOCS,no_data_for_date,,,,,,,,,
2026-09-22,DOCU,no_data_for_date,,,,,,,,,
2026-09-22,DORM,no_data_for_date,,,,,,,,,
2026-09-22,DRH,no_data_for_date,,,,,,,,,
2026-09-22,DTM,no_data_for_date,,,,,,,,,
2026-09-22,DT,no_data_for_date,,,,,,,,,
2026-09-22,DUOL,no_data_for_date,,,,,,,,,
2026-09-22,DV,no_data_for_date,,,,,,,,,
2026-09-22,DXC,no_data_for_date,,,,,,,,,
2026-09-22,DXPE,no_data_for_date,,,,,,,,,
2026-09-22,DY,no_data_for_date,,,,,,,,,
2026-09-22,EAT,no_data_for_date,,,,,,,,,
2026-09-22,EBC,no_data_for_date,,,,,,,,,
2026-09-22,ECG,no_data_for_date,,,,,,,,,
2026-09-22,ECPG,no_data_for_date,,,,,,,,,
2026-09-22,EEFT,no_data_for_date,,,,,,,,,
2026-09-22,EFC,no_data_for_date,,,,,,,,,
2026-09-22,EFOR,no_data_for_date,,,,,,,,,
2026-09-22,EGBN,no_data_for_date,,,,,,,,,
2026-09-22,EGP,no_data_for_date,,,,,,,,,
2026-09-22,EHC,no_data_for_date,,,,,,,,,
2026-09-22,EIG,no_data_for_date,,,,,,,,,
2026-09-22,ELAN,no_data_for_date,,,,,,,,,
2026-09-22,ELF,no_data_for_date,,,,,,,,,
2026-09-22,ELS,no_data_for_date,,,,,,,,,
2026-09-22,EMN,no_data_for_date,,,,,,,,,
2026-09-22,ENOV,no_data_for_date,,,,,,,,,
2026-09-22,ENPH,no_data_for_date,,,,,,,,,
2026-09-22,ENR,no_data_for_date,,,,,,,,,
2026-09-22,ENSG,no_data_for_date,,,,,,,,,
2026-09-22,ENS,no_data_for_date,,,,,,,,,
2026-09-22,ENTG,no_data_for_date,,,,,,,,,
2026-09-22,ENVA,no_data_for_date,,,,,,,,,
2026-09-22,EPAC,no_data_for_date,,,,,,,,,
2026-09-22,EPAM,no_data_for_date,,,,,,,,,
2026-09-22,EPC,no_data_for_date,,,,,,,,,
2026-09-22,EPRT,no_data_for_date,,,,,,,,,
2026-09-22,EPR,no_data_for_date,,,,,,,,,
2026-09-22,EQH,no_data_for_date,,,,,,,,,
2026-09-22,ESAB,no_data_for_date,,,,,,,,,
2026-09-22,ESE,no_data_for_date,,,,,,,,,
2026-09-22,ESI,no_data_for_date,,,,,,,,,
2026-09-22,ESNT,no_data_for_date,,,,,,,,,
2026-09-22,ETSY,no_data_for_date,,,,,,,,,
2026-09-22,EVR,no_data_for_date,,,,,,,,,
2026-09-22,EVTC,no_data_for_date,,,,,,,,,
2026-09-22,EWBC,no_data_for_date,,,,,,,,,
2026-09-22,EXEL,no_data_for_date,,,,,,,,,
2026-09-22,EXLS,no_data_for_date,,,,,,,,,
2026-09-22,EXPO,no_data_for_date,,,,,,,,,
2026-09-22,EXP,no_data_for_date,,,,,,,,,
2026-09-22,EXTR,no_data_for_date,,,,,,,,,
2026-09-22,EYE,no_data_for_date,,,,,,,,,
2026-09-22,EZPW,no_data_for_date,,,,,,,,,
2026-09-22,FAF,no_data_for_date,,,,,,,,,
2026-09-22,FA,no_data_for_date,,,,,,,,,
2026-09-22,FBIN,no_data_for_date,,,,,,,,,
2026-09-22,FBK,no_data_for_date,,,,,,,,,
2026-09-22,FBNC,no_data_for_date,,,,,,,,,
2026-09-22,FBP,no_data_for_date,,,,,,,,,
2026-09-22,FBRT,no_data_for_date,,,,,,,,,
2026-09-22,FCFS,no_data_for_date,,,,,,,,,
2026-09-22,FCF,no_data_for_date,,,,,,,,,
2026-09-22,FCN,no_data_for_date,,,,,,,,,
2026-09-22,FCPT,no_data_for_date,,,,,,,,,
2026-09-22,FELE,no_data_for_date,,,,,,,,,
2026-09-22,FFBC,no_data_for_date,,,,,,,,,
2026-09-22,FFIN,no_data_for_date,,,,,,,,,
2026-09-22,FG,no_data_for_date,,,,,,,,,
2026-09-22,FHB,no_data_for_date,,,,,,,,,
2026-09-22,FHI,no_data_for_date,,,,,,,,,
2026-09-22,FHN,no_data_for_date,,,,,,,,,
2026-09-22,FIBK,no_data_for_date,,,,,,,,,
2026-09-22,FIVE,no_data_for_date,,,,,,,,,
2026-09-22,FIVN,no_data_for_date,,,,,,,,,
2026-09-22,FIZZ,no_data_for_date,,,,,,,,,
2026-09-22,FLG,no_data_for_date,,,,,,,,,
2026-09-22,FLO,no_data_for_date,,,,,,,,,
2026-09-22,FLR,no_data_for_date,,,,,,,,,
2026-09-22,FLS,no_data_for_date,,,,,,,,,
2026-09-22,FMC,no_data_for_date,,,,,,,,,
2026-09-22,FNB,no_data_for_date,,,,,,,,,
2026-09-22,FND,no_data_for_date,,,,,,,,,
2026-09-22,FNF,no_data_for_date,,,,,,,,,
2026-09-22,FN,no_data_for_date,,,,,,,,,
2026-09-22,FORM,no_data_for_date,,,,,,,,,
2026-09-22,FOUR,no_data_for_date,,,,,,,,,
2026-09-22,FOXF,no_data_for_date,,,,,,,,,
2026-09-22,FROG,no_data_for_date,,,,,,,,,
2026-09-22,FRPT,no_data_for_date,,,,,,,,,
2026-09-22,FR,no_data_for_date,,,,,,,,,
2026-09-22,FSS,no_data_for_date,,,,,,,,,
2026-09-22,FTDR,no_data_for_date,,,,,,,,,
2026-09-22,FTI,no_data_for_date,,,,,,,,,
2026-09-22,FTNT,no_data_for_date,,,,,,,,,
2026-09-22,FTRE,no_data_for_date,,,,,,,,,
2026-09-22,FULT,no_data_for_date,,,,,,,,,
2026-09-22,FUL,no_data_for_date,,,,,,,,,
2026-09-22,FUN,no_data_for_date,,,,,,,,,
2026-09-22,GAP,no_data_for_date,,,,,,,,,
2026-09-22,GATX,no_data_for_date,,,,,,,,,
2026-09-22,GBCI,no_data_for_date,,,,,,,,,
2026-09-22,GBTG,no_data_for_date,,,,,,,,,
2026-09-22,GBX,no_data_for_date,,,,,,,,,
2026-09-22,GEF,no_data_for_date,,,,,,,,,
2026-09-22,GEO,no_data_for_date,,,,,,,,,
2026-09-22,GFF,no_data_for_date,,,,,,,,,
2026-09-22,GGG,no_data_for_date,,,,,,,,,
2026-09-22,GHC,no_data_for_date,,,,,,,,,
2026-09-22,GH,no_data_for_date,,,,,,,,,
2026-09-22,GIII,no_data_for_date,,,,,,,,,
2026-09-22,GKOS,no_data_for_date,,,,,,,,,
2026-09-22,GLPI,no_data_for_date,,,,,,,,,
2026-09-22,GMED,no_data_for_date,,,,,,,,,
2026-09-22,GME,no_data_for_date,,,,,,,,,
2026-09-22,GNL,no_data_for_date,,,,,,,,,
2026-09-22,GNTX,no_data_for_date,,,,,,,,,
2026-09-22,GNW,no_data_for_date,,,,,,,,,
2026-09-22,GOLF,no_data_for_date,,,,,,,,,
2026-09-22,GO,no_data_for_date,,,,,,,,,
2026-09-22,GPI,no_data_for_date,,,,,,,,,
2026-09-22,GPK,no_data_for_date,,,,,,,,,
2026-09-22,GPOR,no_data_for_date,,,,,,,,,
2026-09-22,GRBK,no_data_for_date,,,,,,,,,
2026-09-22,GSHD,no_data_for_date,,,,,,,,,
2026-09-22,GTES,no_data_for_date,,,,,,,,,
2026-09-22,GTLB,no_data_for_date,,,,,,,,,
2026-09-22,GTM,no_data_for_date,,,,,,,,,
2026-09-22,GTY,no_data_for_date,,,,,,,,,
2026-09-22,GT,no_data_for_date,,,,,,,,,
2026-09-22,GVA,no_data_for_date,,,,,,,,,
2026-09-22,GWRE,no_data_for_date,,,,,,,,,
2026-09-22,GXO,no_data_for_date,,,,,,,,,
2026-09-22,G,no_data_for_date,,,,,,,,,
2026-09-22,HAE,no_data_for_date,,,,,,,,,
2026-09-22,HAFC,no_data_for_date,,,,,,,,,
2026-09-22,HALO,no_data_for_date,,,,,,,,,
2026-09-22,HASI,no_data_for_date,,,,,,,,,
2026-09-22,HAYW,no_data_for_date,,,,,,,,,
2026-09-22,HCC,no_data_for_date,,,,,,,,,
2026-09-22,HCI,no_data_for_date,,,,,,,,,
2026-09-22,HCSG,no_data_for_date,,,,,,,,,
2026-09-22,HE,no_data_for_date,,,,,,,,,
2026-09-22,HFWA,no_data_for_date,,,,,,,,,
2026-09-22,HGV,no_data_for_date,,,,,,,,,
2026-09-22,HIMS,no_data_for_date,,,,,,,,,
2026-09-22,HIW,no_data_for_date,,,,,,,,,
2026-09-22,HLIT,no_data_for_date,,,,,,,,,
2026-09-22,HLI,no_data_for_date,,,,,,,,,
2026-09-22,HLNE,no_data_for_date,,,,,,,,,
2026-09-22,HLX,no_data_for_date,,,,,,,,,
2026-09-22,HL,no_data_for_date,,,,,,,,,
2026-09-22,HMN,no_data_for_date,,,,,,,,,
2026-09-22,HNGE,no_data_for_date,,,,,,,,,
2026-09-22,HNI,no_data_for_date,,,,,,,,,
2026-09-22,HOG,no_data_for_date,,,,,,,,,
2026-09-22,HOMB,no_data_for_date,,,,,,,,,
2026-09-22,HOPE,no_data_for_date,,,,,,,,,
2026-09-22,HPE,no_data_for_date,,,,,,,,,
2026-09-22,HPQ,no_data_for_date,,,,,,,,,
2026-09-22,HP,no_data_for_date,,,,,,,,,
2026-09-22,HQY,no_data_for_date,,,,,,,,,
2026-09-22,HRB,no_data_for_date,,,,,,,,,
2026-09-22,HRMY,no_data_for_date,,,,,,,,,
2026-09-22,HR,no_data_for_date,,,,,,,,,
2026-09-22,HSTM,no_data_for_date,,,,,,,,,
2026-09-22,HTH,no_data_for_date,,,,,,,,,
2026-09-22,HTLD,no_data_for_date,,,,,,,,,
2026-09-22,HTO,no_data_for_date,,,,,,,,,
2026-09-22,HUBG,no_data_for_date,,,,,,,,,
2026-09-22,HWC,no_data_for_date,,,,,,,,,
2026-09-22,HWKN,no_data_for_date,,,,,,,,,
2026-09-22,HXL,no_data_for_date,,,,,,,,,
2026-09-22,HZO,no_data_for_date,,,,,,,,,
2026-09-22,H,no_data_for_date,,,,,,,,,
2026-09-22,IART,no_data_for_date,,,,,,,,,
2026-09-22,IBOC,no_data_for_date,,,,,,,,,
2026-09-22,IBP,no_data_for_date,,,,,,,,,
2026-09-22,ICHR,no_data_for_date,,,,,,,,,
2026-09-22,ICUI,no_data_for_date,,,,,,,,,
2026-09-22,IDA,no_data_for_date,,,,,,,,,
2026-09-22,IDCC,no_data_for_date,,,,,,,,,
2026-09-22,IESC,no_data_for_date,,,,,,,,,
2026-09-22,IIPR,no_data_for_date,,,,,,,,,
2026-09-22,ILMN,no_data_for_date,,,,,,,,,
2026-09-22,INDB,no_data_for_date,,,,,,,,,
2026-09-22,INDV,no_data_for_date,,,,,,,,,
2026-09-22,INGR,no_data_for_date,,,,,,,,,
2026-09-22,INSP,no_data_for_date,,,,,,,,,
2026-09-22,INSW,no_data_for_date,,,,,,,,,
2026-09-22,INVA,no_data_for_date,,,,,,,,,
2026-09-22,INVX,no_data_for_date,,,,,,,,,
2026-09-22,IOSP,no_data_for_date,,,,,,,,,
2026-09-22,IOVA,no_data_for_date,,,,,,,,,
2026-09-22,IPAR,no_data_for_date,,,,,,,,,
2026-09-22,IPGP,no_data_for_date,,,,,,,,,
2026-09-22,IRDM,no_data_for_date,,,,,,,,,
2026-09-22,IRT,no_data_for_date,,,,,,,,,
2026-09-22,ITGR,no_data_for_date,,,,,,,,,
2026-09-22,ITRI,no_data_for_date,,,,,,,,,
2026-09-22,ITT,no_data_for_date,,,,,,,,,
2026-09-22,IVT,no_data_for_date,,,,,,,,,
2026-09-22,JAZZ,no_data_for_date,,,,,,,,,
2026-09-22,JBGS,no_data_for_date,,,,,,,,,
2026-09-22,JBLU,no_data_for_date,,,,,,,,,
2026-09-22,JBSS,no_data_for_date,,,,,,,,,
2026-09-22,JBTM,no_data_for_date,,,,,,,,,
2026-09-22,JEF,no_data_for_date,,,,,,,,,
2026-09-22,JJSF,no_data_for_date,,,,,,,,,
2026-09-22,JLL,no_data_for_date,,,,,,,,,
2026-09-22,JOE,no_data_for_date,,,,,,,,,
2026-09-22,JXN,no_data_for_date,,,,,,,,,
2026-09-22,KAI,no_data_for_date,,,,,,,,,
2026-09-22,KALU,no_data_for_date,,,,,,,,,
2026-09-22,KBH,no_data_for_date,,,,,,,,,
2026-09-22,KBR,no_data_for_date,,,,,,,,,
2026-09-22,KD,no_data_for_date,,,,,,,,,
2026-09-22,KEX,no_data_for_date,,,,,,,,,
2026-09-22,KFY,no_data_for_date,,,,,,,,,
2026-09-22,KGS,no_data_for_date,,,,,,,,,
2026-09-22,KLIC,no_data_for_date,,,,,,,,,
2026-09-22,KMPR,no_data_for_date,,,,,,,,,
2026-09-22,KMT,no_data_for_date,,,,,,,,,
2026-09-22,KMX,no_data_for_date,,,,,,,,,
2026-09-22,KNF,no_data_for_date,,,,,,,,,
2026-09-22,KNSL,no_data_for_date,,,,,,,,,
2026-09-22,KNTK,no_data_for_date,,,,,,,,,
2026-09-22,KNX,no_data_for_date,,,,,,,,,
2026-09-22,KN,no_data_for_date,,,,,,,,,
2026-09-22,KOP,no_data_for_date,,,,,,,,,
2026-09-22,KRC,no_data_for_date,,,,,,,,,
2026-09-22,KRG,no_data_for_date,,,,,,,,,
2026-09-22,KRMN,no_data_for_date,,,,,,,,,
2026-09-22,KRYS,no_data_for_date,,,,,,,,,
2026-09-22,KSS,no_data_for_date,,,,,,,,,
2026-09-22,KTB,no_data_for_date,,,,,,,,,
2026-09-22,KTOS,no_data_for_date,,,,,,,,,
2026-09-22,KWR,no_data_for_date,,,,,,,,,
2026-09-22,LAD,no_data_for_date,,,,,,,,,
2026-09-22,LAMR,no_data_for_date,,,,,,,,,
2026-09-22,LAUR,no_data_for_date,,,,,,,,,
2026-09-22,LAZ,no_data_for_date,,,,,,,,,
2026-09-22,LBRT,no_data_for_date,,,,,,,,,
2026-09-22,LCII,no_data_for_date,,,,,,,,,
2026-09-22,LEA,no_data_for_date,,,,,,,,,
2026-09-22,LECO,no_data_for_date,,,,,,,,,
2026-09-22,LEG,no_data_for_date,,,,,,,,,
2026-09-22,LEU,no_data_for_date,,,,,,,,,
2026-09-22,LFST,no_data_for_date,,,,,,,,,
2026-09-22,LFUS,no_data_for_date,,,,,,,,,
2026-09-22,LGIH,no_data_for_date,,,,,,,,,
2026-09-22,LGND,no_data_for_date,,,,,,,,,
2026-09-22,LIF,no_data_for_date,,,,,,,,,
2026-09-22,LIVN,no_data_for_date,,,,,,,,,
2026-09-22,LKFN,no_data_for_date,,,,,,,,,
2026-09-22,LKQ,no_data_for_date,,,,,,,,,
2026-09-22,LMAT,no_data_for_date,,,,,,,,,
2026-09-22,LNC,no_data_for_date,,,,,,,,,
2026-09-22,LNN,no_data_for_date,,,,,,,,,
2026-09-22,LNTH,no_data_for_date,,,,,,,,,
2026-09-22,LOPE,no_data_for_date,,,,,,,,,
2026-09-22,LPG,no_data_for_date,,,,,,,,,
2026-09-22,LPX,no_data_for_date,,,,,,,,,
2026-09-22,LQDA,no_data_for_date,,,,,,,,,
2026-09-22,LQDT,no_data_for_date,,,,,,,,,
2026-09-22,LRN,no_data_for_date,,,,,,,,,
2026-09-22,LSCC,no_data_for_date,,,,,,,,,
2026-09-22,LSTR,no_data_for_date,,,,,,,,,
2026-09-22,LTC,no_data_for_date,,,,,,,,,
2026-09-22,LTH,no_data_for_date,,,,,,,,,
2026-09-22,LUMN,no_data_for_date,,,,,,,,,
2026-09-22,LW,no_data_for_date,,,,,,,,,
2026-09-22,LXP,no_data_for_date,,,,,,,,,
2026-09-22,LYFT,no_data_for_date,,,,,,,,,
2026-09-22,LZB,no_data_for_date,,,,,,,,,
2026-09-22,LZ,no_data_for_date,,,,,,,,,
2026-09-22,MAC,no_data_for_date,,,,,,,,,
2026-09-22,MANH,no_data_for_date,,,,,,,,,
2026-09-22,MAN,no_data_for_date,,,,,,,,,
2026-09-22,MARA,no_data_for_date,,,,,,,,,
2026-09-22,MATW,no_data_for_date,,,,,,,,,
2026-09-22,MATX,no_data_for_date,,,,,,,,,
2026-09-22,MAT,no_data_for_date,,,,,,,,,
2026-09-22,MBC,no_data_for_date,,,,,,,,,
2026-09-22,MBGL,no_data_for_date,,,,,,,,,
2026-09-22,MBIN,no_data_for_date,,,,,,,,,
2026-09-22,MCRI,no_data_for_date,,,,,,,,,
2026-09-22,MCY,no_data_for_date,,,,,,,,,
2026-09-22,MC,no_data_for_date,,,,,,,,,
2026-09-22,MDU,no_data_for_date,,,,,,,,,
2026-09-22,MD,no_data_for_date,,,,,,,,,
2026-09-22,MEDP,no_data_for_date,,,,,,,,,
2026-09-22,MFP,no_data_for_date,,,,,,,,,
2026-09-22,MGEE,no_data_for_date,,,,,,,,,
2026-09-22,MGNI,no_data_for_date,,,,,,,,,
2026-09-22,MGY,no_data_for_date,,,,,,,,,
2026-09-22,MHK,no_data_for_date,,,,,,,,,
2026-09-22,MHO,no_data_for_date,,,,,,,,,
2026-09-22,MIDD,no_data_for_date,,,,,,,,,
2026-09-22,MIR,no_data_for_date,,,,,,,,,
2026-09-22,MKSI,no_data_for_date,,,,,,,,,
2026-09-22,MKTX,no_data_for_date,,,,,,,,,
2026-09-22,MLI,no_data_for_date,,,,,,,,,
2026-09-22,MLKN,no_data_for_date,,,,,,,,,
2026-09-22,MMI,no_data_for_date,,,,,,,,,
2026-09-22,MMSI,no_data_for_date,,,,,,,,,
2026-09-22,MMS,no_data_for_date,,,,,,,,,
2026-09-22,MNOV,no_data_for_date,,,,,,,,,
2026-09-22,MOG-A,no_data_for_date,,,,,,,,,
2026-09-22,MOH,no_data_for_date,,,,,,,,,
2026-09-22,MORN,no_data_for_date,,,,,,,,,
2026-09-22,MPC,no_data_for_date,,,,,,,,,
2026-09-22,MPT,no_data_for_date,,,,,,,,,
2026-09-22,MP,no_data_for_date,,,,,,,,,
2026-09-22,MRCY,no_data_for_date,,,,,,,,,
2026-09-22,MRP,no_data_for_date,,,,,,,,,
2026-09-22,MRTN,no_data_for_date,,,,,,,,,
2026-09-22,MSA,no_data_for_date,,,,,,,,,
2026-09-22,MSEX,no_data_for_date,,,,,,,,,
2026-09-22,MSGS,no_data_for_date,,,,,,,,,
2026-09-22,MSM,no_data_for_date,,,,,,,,,
2026-09-22,MTCH,no_data_for_date,,,,,,,,,
2026-09-22,MTDR,no_data_for_date,,,,,,,,,
2026-09-22,MTG,no_data_for_date,,,,,,,,,
2026-09-22,MTH,no_data_for_date,,,,,,,,,
2026-09-22,MTN,no_data_for_date,,,,,,,,,
2026-09-22,MTRN,no_data_for_date,,,,,,,,,
2026-09-22,MTSI,no_data_for_date,,,,,,,,,
2026-09-22,MTUS,no_data_for_date,,,,,,,,,
2026-09-22,MTX,no_data_for_date,,,,,,,,,
2026-09-22,MTZ,no_data_for_date,,,,,,,,,
2026-09-22,MUR,no_data_for_date,,,,,,,,,
2026-09-22,MUSA,no_data_for_date,,,,,,,,,
2026-09-22,MWA,no_data_for_date,,,,,,,,,
2026-09-22,MXL,no_data_for_date,,,,,,,,,
2026-09-22,MYRG,no_data_for_date,,,,,,,,,
2026-09-22,MZTI,no_data_for_date,,,,,,,,,
2026-09-22,M,no_data_for_date,,,,,,,,,
2026-09-22,NABL,no_data_for_date,,,,,,,,,
2026-09-22,NATL,no_data_for_date,,,,,,,,,
2026-09-22,NAT,no_data_for_date,,,,,,,,,
2026-09-22,NAVI,no_data_for_date,,,,,,,,,
2026-09-22,NBHC,no_data_for_date,,,,,,,,,
2026-09-22,NBIX,no_data_for_date,,,,,,,,,
2026-09-22,NBTB,no_data_for_date,,,,,,,,,
2026-09-22,NEOG,no_data_for_date,,,,,,,,,
2026-09-22,NEO,no_data_for_date,,,,,,,,,
2026-09-22,NEU,no_data_for_date,,,,,,,,,
2026-09-22,NE,no_data_for_date,,,,,,,,,
2026-09-22,NFG,no_data_for_date,,,,,,,,,
2026-09-22,NGVT,no_data_for_date,,,,,,,,,
2026-09-22,NHC,no_data_for_date,,,,,,,,,
2026-09-22,NHI,no_data_for_date,,,,,,,,,
2026-09-22,NIC,no_data_for_date,,,,,,,,,
2026-09-22,NJR,no_data_for_date,,,,,,,,,
2026-09-22,NLY,no_data_for_date,,,,,,,,,
2026-09-22,NMIH,no_data_for_date,,,,,,,,,
2026-09-22,NNN,no_data_for_date,,,,,,,,,
2026-09-22,NOG,no_data_for_date,,,,,,,,,
2026-09-22,NOVT,no_data_for_date,,,,,,,,,
2026-09-22,NOV,no_data_for_date,,,,,,,,,
2026-09-22,NPK,no_data_for_date,,,,,,,,,
2026-09-22,NPO,no_data_for_date,,,,,,,,,
2026-09-22,NSIT,no_data_for_date,,,,,,,,,
2026-09-22,NSP,no_data_for_date,,,,,,,,,
2026-09-22,NSSC,no_data_for_date,,,,,,,,,
2026-09-22,NTAP,no_data_for_date,,,,,,,,,
2026-09-22,NTCT,no_data_for_date,,,,,,,,,
2026-09-22,NTNX,no_data_for_date,,,,,,,,,
2026-09-22,NTRA,no_data_for_date,,,,,,,,,
2026-09-22,NTST,no_data_for_date,,,,,,,,,
2026-09-22,NVST,no_data_for_date,,,,,,,,,
2026-09-22,NVT,no_data_for_date,,,,,,,,,
2026-09-22,NWBI,no_data_for_date,,,,,,,,,
2026-09-22,NWE,no_data_for_date,,,,,,,,,
2026-09-22,NWL,no_data_for_date,,,,,,,,,
2026-09-22,NWN,no_data_for_date,,,,,,,,,
2026-09-22,NXDR,no_data_for_date,,,,,,,,,
2026-09-22,NXRT,no_data_for_date,,,,,,,,,
2026-09-22,NXST,no_data_for_date,,,,,,,,,
2026-09-22,NXT,no_data_for_date,,,,,,,,,
2026-09-22,NX,no_data_for_date,,,,,,,,,
2026-09-22,NYT,no_data_for_date,,,,,,,,,
2026-09-22,OABI,no_data_for_date,,,,,,,,,
2026-09-22,OC,no_data_for_date,,,,,,,,,
2026-09-22,OFG,no_data_for_date,,,,,,,,,
2026-09-22,OGE,no_data_for_date,,,,,,,,,
2026-09-22,OGN,no_data_for_date,,,,,,,,,
2026-09-22,OGS,no_data_for_date,,,,,,,,,
2026-09-22,OHI,no_data_for_date,,,,,,,,,
2026-09-22,OII,no_data_for_date,,,,,,,,,
2026-09-22,OI,no_data_for_date,,,,,,,,,
2026-09-22,OKTA,no_data_for_date,,,,,,,,,
2026-09-22,OLED,no_data_for_date,,,,,,,,,
2026-09-22,OLLI,no_data_for_date,,,,,,,,,
2026-09-22,OLN,no_data_for_date,,,,,,,,,
2026-09-22,OMCL,no_data_for_date,,,,,,,,,
2026-09-22,ONB,no_data_for_date,,,,,,,,,
2026-09-22,ONTO,no_data_for_date,,,,,,,,,
2026-09-22,OPCH,no_data_for_date,,,,,,,,,
2026-09-22,OPLN,no_data_for_date,,,,,,,,,
2026-09-22,ORA,no_data_for_date,,,,,,,,,
2026-09-22,ORI,no_data_for_date,,,,,,,,,
2026-09-22,OSCR,no_data_for_date,,,,,,,,,
2026-09-22,OSIS,no_data_for_date,,,,,,,,,
2026-09-22,OSK,no_data_for_date,,,,,,,,,
2026-09-22,OSW,no_data_for_date,,,,,,,,,
2026-09-22,OTTR,no_data_for_date,,,,,,,,,
2026-09-22,OUT,no_data_for_date,,,,,,,,,
2026-09-22,OVV,no_data_for_date,,,,,,,,,
2026-09-22,OZK,no_data_for_date,,,,,,,,,
2026-09-22,PAG,no_data_for_date,,,,,,,,,
2026-09-22,PAHC,no_data_for_date,,,,,,,,,
2026-09-22,PANW,no_data_for_date,,,,,,,,,
2026-09-22,PARR,no_data_for_date,,,,,,,,,
2026-09-22,PATH,no_data_for_date,,,,,,,,,
2026-09-22,PATK,no_data_for_date,,,,,,,,,
2026-09-22,PAYC,no_data_for_date,,,,,,,,,
2026-09-22,PAYO,no_data_for_date,,,,,,,,,
2026-09-22,PAY,no_data_for_date,,,,,,,,,
2026-09-22,PBF,no_data_for_date,,,,,,,,,
2026-09-22,PBH,no_data_for_date,,,,,,,,,
2026-09-22,PBI,no_data_for_date,,,,,,,,,
2026-09-22,PB,no_data_for_date,,,,,,,,,
2026-09-22,PCRX,no_data_for_date,,,,,,,,,
2026-09-22,PCTY,no_data_for_date,,,,,,,,,
2026-09-22,PDFS,no_data_for_date,,,,,,,,,
2026-09-22,PD,no_data_for_date,,,,,,,,,
2026-09-22,PEB,no_data_for_date,,,,,,,,,
2026-09-22,PECO,no_data_for_date,,,,,,,,,
2026-09-22,PEGA,no_data_for_date,,,,,,,,,
2026-09-22,PENG,no_data_for_date,,,,,,,,,
2026-09-22,PENN,no_data_for_date,,,,,,,,,
2026-09-22,PEN,no_data_for_date,,,,,,,,,
2026-09-22,PFBC,no_data_for_date,,,,,,,,,
2026-09-22,PFGC,no_data_for_date,,,,,,,,,
2026-09-22,PFS,no_data_for_date,,,,,,,,,
2026-09-22,PGNY,no_data_for_date,,,,,,,,,
2026-09-22,PHIN,no_data_for_date,,,,,,,,,
2026-09-22,PII,no_data_for_date,,,,,,,,,
2026-09-22,PINS,no_data_for_date,,,,,,,,,
2026-09-22,PIPR,no_data_for_date,,,,,,,,,
2026-09-22,PI,no_data_for_date,,,,,,,,,
2026-09-22,PJT,no_data_for_date,,,,,,,,,
2026-09-22,PK,no_data_for_date,,,,,,,,,
2026-09-22,PLAB,no_data_for_date,,,,,,,,,
2026-09-22,PLMR,no_data_for_date,,,,,,,,,
2026-09-22,PLNT,no_data_for_date,,,,,,,,,
2026-09-22,PLUS,no_data_for_date,,,,,,,,,
2026-09-22,PLXS,no_data_for_date,,,,,,,,,
2026-09-22,PMT,no_data_for_date,,,,,,,,,
2026-09-22,PNFP,no_data_for_date,,,,,,,,,
2026-09-22,POOL,no_data_for_date,,,,,,,,,
2026-09-22,POR,no_data_for_date,,,,,,,,,
2026-09-22,POST,no_data_for_date,,,,,,,,,
2026-09-22,POWI,no_data_for_date,,,,,,,,,
2026-09-22,POWL,no_data_for_date,,,,,,,,,
2026-09-22,PPC,no_data_for_date,,,,,,,,,
2026-09-22,PPLI,no_data_for_date,,,,,,,,,
2026-09-22,PRCH,no_data_for_date,,,,,,,,,
2026-09-22,PRDO,no_data_for_date,,,,,,,,,
2026-09-22,PRGO,no_data_for_date,,,,,,,,,
2026-09-22,PRGS,no_data_for_date,,,,,,,,,
2026-09-22,PRG,no_data_for_date,,,,,,,,,
2026-09-22,PRIM,no_data_for_date,,,,,,,,,
2026-09-22,PRI,no_data_for_date,,,,,,,,,
2026-09-22,PRKS,no_data_for_date,,,,,,,,,
2026-09-22,PRK,no_data_for_date,,,,,,,,,
2026-09-22,PRLB,no_data_for_date,,,,,,,,,
2026-09-22,PRSU,no_data_for_date,,,,,,,,,
2026-09-22,PRVA,no_data_for_date,,,,,,,,,
2026-09-22,PR,no_data_for_date,,,,,,,,,
2026-09-22,PSMT,no_data_for_date,,,,,,,,,
2026-09-22,PSN,no_data_for_date,,,,,,,,,
2026-09-22,PSX,no_data_for_date,,,,,,,,,
2026-09-22,PTCT,no_data_for_date,,,,,,,,,
2026-09-22,PTEN,no_data_for_date,,,,,,,,,
2026-09-22,PTGX,no_data_for_date,,,,,,,,,
2026-09-22,PTON,no_data_for_date,,,,,,,,,
2026-09-22,PVH,no_data_for_date,,,,,,,,,
2026-09-22,PZZA,no_data_for_date,,,,,,,,,
2026-09-22,P,no_data_for_date,,,,,,,,,
2026-09-22,QDEL,no_data_for_date,,,,,,,,,
2026-09-22,QLYS,no_data_for_date,,,,,,,,,
2026-09-22,QMCO,no_data_for_date,,,,,,,,,
2026-09-22,QNST,no_data_for_date,,,,,,,,,
2026-09-22,QRVO,no_data_for_date,,,,,,,,,
2026-09-22,QTWO,no_data_for_date,,,,,,,,,
2026-09-22,RAL,no_data_for_date,,,,,,,,,
2026-09-22,RAMP,no_data_for_date,,,,,,,,,
2026-09-22,RBA,no_data_for_date,,,,,,,,,
2026-09-22,RBC,no_data_for_date,,,,,,,,,
2026-09-22,RCUS,no_data_for_date,,,,,,,,,
2026-09-22,RDNT,no_data_for_date,,,,,,,,,
2026-09-22,RDN,no_data_for_date,,,,,,,,,
2026-09-22,RELY,no_data_for_date,,,,,,,,,
2026-09-22,RES,no_data_for_date,,,,,,,,,
2026-09-22,REXR,no_data_for_date,,,,,,,,,
2026-09-22,REX,no_data_for_date,,,,,,,,,
2026-09-22,REYN,no_data_for_date,,,,,,,,,
2026-09-22,REZI,no_data_for_date,,,,,,,,,
2026-09-22,RGA,no_data_for_date,,,,,,,,,
2026-09-22,RGEN,no_data_for_date,,,,,,,,,
2026-09-22,RGLD,no_data_for_date,,,,,,,,,
2026-09-22,RHI,no_data_for_date,,,,,,,,,
2026-09-22,RHP,no_data_for_date,,,,,,,,,
2026-09-22,RH,no_data_for_date,,,,,,,,,
2026-09-22,RITM,no_data_for_date,,,,,,,,,
2026-09-22,RLAY,no_data_for_date,,,,,,,,,
2026-09-22,RLI,no_data_for_date,,,,,,,,,
2026-09-22,RMBS,no_data_for_date,,,,,,,,,
2026-09-22,RNG,no_data_for_date,,,,,,,,,
2026-09-22,RNR,no_data_for_date,,,,,,,,,
2026-09-22,RNST,no_data_for_date,,,,,,,,,
2026-09-22,ROAD,no_data_for_date,,,,,,,,,
2026-09-22,ROCK,no_data_for_date,,,,,,,,,
2026-09-22,ROG,no_data_for_date,,,,,,,,,
2026-09-22,ROIV,no_data_for_date,,,,,,,,,
2026-09-22,ROKU,no_data_for_date,,,,,,,,,
2026-09-22,RPM,no_data_for_date,,,,,,,,,
2026-09-22,RRC,no_data_for_date,,,,,,,,,
2026-09-22,RRR,no_data_for_date,,,,,,,,,
2026-09-22,RRX,no_data_for_date,,,,,,,,,
2026-09-22,RSI,no_data_for_date,,,,,,,,,
2026-09-22,RS,no_data_for_date,,,,,,,,,
2026-09-22,RUM,no_data_for_date,,,,,,,,,
2026-09-22,RUN,no_data_for_date,,,,,,,,,
2026-09-22,RUSHA,no_data_for_date,,,,,,,,,
2026-09-22,RXO,no_data_for_date,,,,,,,,,
2026-09-22,RXT,no_data_for_date,,,,,,,,,
2026-09-22,RYAN,no_data_for_date,,,,,,,,,
2026-09-22,RYN,no_data_for_date,,,,,,,,,
2026-09-22,R,no_data_for_date,,,,,,,,,
2026-09-22,SABR,no_data_for_date,,,,,,,,,
2026-09-22,SAFE,no_data_for_date,,,,,,,,,
2026-09-22,SAFT,no_data_for_date,,,,,,,,,
2026-09-22,SAH,no_data_for_date,,,,,,,,,
2026-09-22,SAIA,no_data_for_date,,,,,,,,,
2026-09-22,SAIC,no_data_for_date,,,,,,,,,
2026-09-22,SAM,no_data_for_date,,,,,,,,,
2026-09-22,SANM,no_data_for_date,,,,,,,,,
2026-09-22,SARO,no_data_for_date,,,,,,,,,
2026-09-22,SBCF,no_data_for_date,,,,,,,,,
2026-09-22,SBH,no_data_for_date,,,,,,,,,
2026-09-22,SBRA,no_data_for_date,,,,,,,,,
2026-09-22,SBSI,no_data_for_date,,,,,,,,,
2026-09-22,SCHL,no_data_for_date,,,,,,,,,
2026-09-22,SCI,no_data_for_date,,,,,,,,,
2026-09-22,SCL,no_data_for_date,,,,,,,,,
2026-09-22,SCSC,no_data_for_date,,,,,,,,,
2026-09-22,SDGR,no_data_for_date,,,,,,,,,
2026-09-22,SEDG,no_data_for_date,,,,,,,,,
2026-09-22,SEIC,no_data_for_date,,,,,,,,,
2026-09-22,SEI,no_data_for_date,,,,,,,,,
2026-09-22,SEZL,no_data_for_date,,,,,,,,,
2026-09-22,SFBS,no_data_for_date,,,,,,,,,
2026-09-22,SFM,no_data_for_date,,,,,,,,,
2026-09-22,SFNC,no_data_for_date,,,,,,,,,
2026-09-22,SF,no_data_for_date,,,,,,,,,
2026-09-22,SGI,no_data_for_date,,,,,,,,,
2026-09-22,SHAK,no_data_for_date,,,,,,,,,
2026-09-22,SHC,no_data_for_date,,,,,,,,,
2026-09-22,SHEN,no_data_for_date,,,,,,,,,
2026-09-22,SHOO,no_data_for_date,,,,,,,,,
2026-09-22,SHO,no_data_for_date,,,,,,,,,
2026-09-22,SIGI,no_data_for_date,,,,,,,,,
2026-09-22,SIG,no_data_for_date,,,,,,,,,
2026-09-22,SIRI,no_data_for_date,,,,,,,,,
2026-09-22,SITM,no_data_for_date,,,,,,,,,
2026-09-22,SKT,no_data_for_date,,,,,,,,,
2026-09-22,SKYW,no_data_for_date,,,,,,,,,
2026-09-22,SKY,no_data_for_date,,,,,,,,,
2026-09-22,SLAB,no_data_for_date,,,,,,,,,
2026-09-22,SLGN,no_data_for_date,,,,,,,,,
2026-09-22,SLG,no_data_for_date,,,,,,,,,
2026-09-22,SLM,no_data_for_date,,,,,,,,,
2026-09-22,SLVM,no_data_for_date,,,,,,,,,
2026-09-22,SMG,no_data_for_date,,,,,,,,,
2026-09-22,SMPL,no_data_for_date,,,,,,,,,
2026-09-22,SMP,no_data_for_date,,,,,,,,,
2026-09-22,SMTC,no_data_for_date,,,,,,,,,
2026-09-22,SM,no_data_for_date,,,,,,,,,
2026-09-22,SNDR,no_data_for_date,,,,,,,,,
2026-09-22,SNEX,no_data_for_date,,,,,,,,,
2026-09-22,SNOW,no_data_for_date,,,,,,,,,
2026-09-22,SNX,no_data_for_date,,,,,,,,,
2026-09-22,SN,no_data_for_date,,,,,,,,,
2026-09-22,SOLS,no_data_for_date,,,,,,,,,
2026-09-22,SONO,no_data_for_date,,,,,,,,,
2026-09-22,SON,no_data_for_date,,,,,,,,,
2026-09-22,SPHR,no_data_for_date,,,,,,,,,
2026-09-22,SPNT,no_data_for_date,,,,,,,,,
2026-09-22,SPSC,no_data_for_date,,,,,,,,,
2026-09-22,SPXC,no_data_for_date,,,,,,,,,
2026-09-22,SPY,no_data_for_date,,,,,,,,,
2026-09-22,SRPT,no_data_for_date,,,,,,,,,
2026-09-22,SR,no_data_for_date,,,,,,,,,
2026-09-22,SSB,no_data_for_date,,,,,,,,,
2026-09-22,SSD,no_data_for_date,,,,,,,,,
2026-09-22,STAA,no_data_for_date,,,,,,,,,
2026-09-22,STAG,no_data_for_date,,,,,,,,,
2026-09-22,STBA,no_data_for_date,,,,,,,,,
2026-09-22,STC,no_data_for_date,,,,,,,,,
2026-09-22,STEP,no_data_for_date,,,,,,,,,
2026-09-22,STIM,no_data_for_date,,,,,,,,,
2026-09-22,STLN,no_data_for_date,,,,,,,,,
2026-09-22,STRA,no_data_for_date,,,,,,,,,
2026-09-22,STRL,no_data_for_date,,,,,,,,,
2026-09-22,STWD,no_data_for_date,,,,,,,,,
2026-09-22,ST,no_data_for_date,,,,,,,,,
2026-09-22,SUI,no_data_for_date,,,,,,,,,
2026-09-22,SUPN,no_data_for_date,,,,,,,,,
2026-09-22,SWX,no_data_for_date,,,,,,,,,
2026-09-22,SXI,no_data_for_date,,,,,,,,,
2026-09-22,SXT,no_data_for_date,,,,,,,,,
2026-09-22,SYNA,no_data_for_date,,,,,,,,,
2026-09-22,TALO,no_data_for_date,,,,,,,,,
2026-09-22,TBBK,no_data_for_date,,,,,,,,,
2026-09-22,TCBI,no_data_for_date,,,,,,,,,
2026-09-22,TDC,no_data_for_date,,,,,,,,,
2026-09-22,TDS,no_data_for_date,,,,,,,,,
2026-09-22,TDW,no_data_for_date,,,,,,,,,
2026-09-22,TEAM,no_data_for_date,,,,,,,,,
2026-09-22,TEX,no_data_for_date,,,,,,,,,
2026-09-22,TFIN,no_data_for_date,,,,,,,,,
2026-09-22,TFX,no_data_for_date,,,,,,,,,
2026-09-22,TGTX,no_data_for_date,,,,,,,,,
2026-09-22,TGT,no_data_for_date,,,,,,,,,
2026-09-22,THC,no_data_for_date,,,,,,,,,
2026-09-22,THG,no_data_for_date,,,,,,,,,
2026-09-22,THO,no_data_for_date,,,,,,,,,
2026-09-22,THRM,no_data_for_date,,,,,,,,,
2026-09-22,TILE,no_data_for_date,,,,,,,,,
2026-09-22,TKR,no_data_for_date,,,,,,,,,
2026-09-22,TLN,no_data_for_date,,,,,,,,,
2026-09-22,TMDX,no_data_for_date,,,,,,,,,
2026-09-22,TMP,no_data_for_date,,,,,,,,,
2026-09-22,TNC,no_data_for_date,,,,,,,,,
2026-09-22,TNDM,no_data_for_date,,,,,,,,,
2026-09-22,TNL,no_data_for_date,,,,,,,,,
2026-09-22,TOL,no_data_for_date,,,,,,,,,
2026-09-22,TOST,no_data_for_date,,,,,,,,,
2026-09-22,TPC,no_data_for_date,,,,,,,,,
2026-09-22,TREX,no_data_for_date,,,,,,,,,
2026-09-22,TRIP,no_data_for_date,,,,,,,,,
2026-09-22,TRMK,no_data_for_date,,,,,,,,,
2026-09-22,TRNO,no_data_for_date,,,,,,,,,
2026-09-22,TRN,no_data_for_date,,,,,,,,,
2026-09-22,TRST,no_data_for_date,,,,,,,,,
2026-09-22,TRUP,no_data_for_date,,,,,,,,,
2026-09-22,TRU,no_data_for_date,,,,,,,,,
2026-09-22,TR,no_data_for_date,,,,,,,,,
2026-09-22,TTC,no_data_for_date,,,,,,,,,
2026-09-22,TTEK,no_data_for_date,,,,,,,,,
2026-09-22,TTMI,no_data_for_date,,,,,,,,,
2026-09-22,TVTX,no_data_for_date,,,,,,,,,
2026-09-22,TWLO,no_data_for_date,,,,,,,,,
2026-09-22,TWST,no_data_for_date,,,,,,,,,
2026-09-22,TXNM,no_data_for_date,,,,,,,,,
2026-09-22,TXRH,no_data_for_date,,,,,,,,,
2026-09-22,UAA,no_data_for_date,,,,,,,,,
2026-09-22,UA,no_data_for_date,,,,,,,,,
2026-09-22,UBSI,no_data_for_date,,,,,,,,,
2026-09-22,UCB,no_data_for_date,,,,,,,,,
2026-09-22,UCTT,no_data_for_date,,,,,,,,,
2026-09-22,UE,no_data_for_date,,,,,,,,,
2026-09-22,UFCS,no_data_for_date,,,,,,,,,
2026-09-22,UFPI,no_data_for_date,,,,,,,,,
2026-09-22,UFPT,no_data_for_date,,,,,,,,,
2026-09-22,UGI,no_data_for_date,,,,,,,,,
2026-09-22,ULS,no_data_for_date,,,,,,,,,
2026-09-22,UMBF,no_data_for_date,,,,,,,,,
2026-09-22,UNFI,no_data_for_date,,,,,,,,,
2026-09-22,UNF,no_data_for_date,,,,,,,,,
2026-09-22,UNIT,no_data_for_date,,,,,,,,,
2026-09-22,UNM,no_data_for_date,,,,,,,,,
2026-09-22,UPBD,no_data_for_date,,,,,,,,,
2026-09-22,UPWK,no_data_for_date,,,,,,,,,
2026-09-22,URBN,no_data_for_date,,,,,,,,,
2026-09-22,USFD,no_data_for_date,,,,,,,,,
2026-09-22,USLM,no_data_for_date,,,,,,,,,
2026-09-22,USPH,no_data_for_date,,,,,,,,,
2026-09-22,UTHR,no_data_for_date,,,,,,,,,
2026-09-22,UTI,no_data_for_date,,,,,,,,,
2026-09-22,UTL,no_data_for_date,,,,,,,,,
2026-09-22,UTZ,no_data_for_date,,,,,,,,,
2026-09-22,UVV,no_data_for_date,,,,,,,,,
2026-09-22,U,no_data_for_date,,,,,,,,,
2026-09-22,VAC,no_data_for_date,,,,,,,,,
2026-09-22,VAL,no_data_for_date,,,,,,,,,
2026-09-22,VCEL,no_data_for_date,,,,,,,,,
2026-09-22,VCTR,no_data_for_date,,,,,,,,,
2026-09-22,VCYT,no_data_for_date,,,,,,,,,
2026-09-22,VC,no_data_for_date,,,,,,,,,
2026-09-22,VECO,no_data_for_date,,,,,,,,,
2026-09-22,VEEV,no_data_for_date,,,,,,,,,
2026-09-22,VFC,no_data_for_date,,,,,,,,,
2026-09-22,VGNT,no_data_for_date,,,,,,,,,
2026-09-22,VIAV,no_data_for_date,,,,,,,,,
2026-09-22,VICR,no_data_for_date,,,,,,,,,
2026-09-22,VIRT,no_data_for_date,,,,,,,,,
2026-09-22,VIR,no_data_for_date,,,,,,,,,
2026-09-22,VLO,no_data_for_date,,,,,,,,,
2026-09-22,VLY,no_data_for_date,,,,,,,,,
2026-09-22,VMI,no_data_for_date,,,,,,,,,
2026-09-22,VNOM,no_data_for_date,,,,,,,,,
2026-09-22,VNO,no_data_for_date,,,,,,,,,
2026-09-22,VNT,no_data_for_date,,,,,,,,,
2026-09-22,VOYA,no_data_for_date,,,,,,,,,
2026-09-22,VRRM,no_data_for_date,,,,,,,,,
2026-09-22,VRTS,no_data_for_date,,,,,,,,,
2026-09-22,VSAT,no_data_for_date,,,,,,,,,
2026-09-22,VSEC,no_data_for_date,,,,,,,,,
2026-09-22,VSH,no_data_for_date,,,,,,,,,
2026-09-22,VSNT,no_data_for_date,,,,,,,,,
2026-09-22,VSTS,no_data_for_date,,,,,,,,,
2026-09-22,VSXY,no_data_for_date,,,,,,,,,
2026-09-22,VTOL,no_data_for_date,,,,,,,,,
2026-09-22,VVV,no_data_for_date,,,,,,,,,
2026-09-22,VVX,no_data_for_date,,,,,,,,,
2026-09-22,VYX,no_data_for_date,,,,,,,,,
2026-09-22,WABC,no_data_for_date,,,,,,,,,
2026-09-22,WAFD,no_data_for_date,,,,,,,,,
2026-09-22,WAL,no_data_for_date,,,,,,,,,
2026-09-22,WAY,no_data_for_date,,,,,,,,,
2026-09-22,WBS,no_data_for_date,,,,,,,,,
2026-09-22,WCC,no_data_for_date,,,,,,,,,
2026-09-22,WDFC,no_data_for_date,,,,,,,,,
2026-09-22,WD,no_data_for_date,,,,,,,,,
2026-09-22,WEN,no_data_for_date,,,,,,,,,
2026-09-22,WERN,no_data_for_date,,,,,,,,,
2026-09-22,WEX,no_data_for_date,,,,,,,,,
2026-09-22,WFRD,no_data_for_date,,,,,,,,,
2026-09-22,WGO,no_data_for_date,,,,,,,,,
2026-09-22,WHD,no_data_for_date,,,,,,,,,
2026-09-22,WHR,no_data_for_date,,,,,,,,,
2026-09-22,WH,no_data_for_date,,,,,,,,,
2026-09-22,WINA,no_data_for_date,,,,,,,,,
2026-09-22,WING,no_data_for_date,,,,,,,,,
2026-09-22,WKC,no_data_for_date,,,,,,,,,
2026-09-22,WLK,no_data_for_date,,,,,,,,,
2026-09-22,WLY,no_data_for_date,,,,,,,,,
2026-09-22,WMG,no_data_for_date,,,,,,,,,
2026-09-22,WMS,no_data_for_date,,,,,,,,,
2026-09-22,WOR,no_data_for_date,,,,,,,,,
2026-09-22,WPC,no_data_for_date,,,,,,,,,
2026-09-22,WRBY,no_data_for_date,,,,,,,,,
2026-09-22,WRLD,no_data_for_date,,,,,,,,,
2026-09-22,WSBC,no_data_for_date,,,,,,,,,
2026-09-22,WSC,no_data_for_date,,,,,,,,,
2026-09-22,WSFS,no_data_for_date,,,,,,,,,
2026-09-22,WSO,no_data_for_date,,,,,,,,,
2026-09-22,WS,no_data_for_date,,,,,,,,,
2026-09-22,WTFC,no_data_for_date,,,,,,,,,
2026-09-22,WTRG,no_data_for_date,,,,,,,,,
2026-09-22,WTS,no_data_for_date,,,,,,,,,
2026-09-22,WT,no_data_for_date,,,,,,,,,
2026-09-22,WU,no_data_for_date,,,,,,,,,
2026-09-22,WWD,no_data_for_date,,,,,,,,,
2026-09-22,WWW,no_data_for_date,,,,,,,,,
2026-09-22,XHR,no_data_for_date,,,,,,,,,
2026-09-22,XNCR,no_data_for_date,,,,,,,,,
2026-09-22,XPEL,no_data_for_date,,,,,,,,,
2026-09-22,XPO,no_data_for_date,,,,,,,,,
2026-09-22,XRAY,no_data_for_date,,,,,,,,,
2026-09-22,XRX,no_data_for_date,,,,,,,,,
2026-09-22,YELP,no_data_for_date,,,,,,,,,
2026-09-22,YETI,no_data_for_date,,,,,,,,,
2026-09-22,YOU,no_data_for_date,,,,,,,,,
2026-09-22,ZD,no_data_for_date,,,,,,,,,
2026-09-22,ZION,no_data_for_date,,,,,,,,,
2026-09-22,ZWS,no_data_for_date,,,,,,,,,
2026-09-22,AAL,no_data_for_date,,,,,,,,,
2026-09-22,AAMI,no_data_for_date,,,,,,,,,
2026-09-22,AAON,no_data_for_date,,,,,,,,,
2026-09-22,AAP,no_data_for_date,,,,,,,,,
2026-09-22,AAT,no_data_for_date,,,,,,,,,
2026-09-22,AA,no_data_for_date,,,,,,,,,
2026-09-22,ABCB,no_data_for_date,,,,,,,,,
2026-09-22,ABCL,no_data_for_date,,,,,,,,,
2026-09-22,ABG,no_data_for_date,,,,,,,,,
2026-09-22,ABM,no_data_for_date,,,,,,,,,
2026-09-22,ABR,no_data_for_date,,,,,,,,,
2026-09-22,ACAD,no_data_for_date,,,,,,,,,
2026-09-22,ACA,no_data_for_date,,,,,,,,,
2026-09-22,ACHC,no_data_for_date,,,,,,,,,
2026-09-22,ACIW,no_data_for_date,,,,,,,,,
2026-09-22,ACI,no_data_for_date,,,,,,,,,
2026-09-22,ACLS,no_data_for_date,,,,,,,,,
2026-09-22,ACMR,no_data_for_date,,,,,,,,,
2026-09-22,ACM,no_data_for_date,,,,,,,,,
2026-09-22,ACT,no_data_for_date,,,,,,,,,
2026-09-22,ADAM,no_data_for_date,,,,,,,,,
2026-09-22,ADC,no_data_for_date,,,,,,,,,
2026-09-22,ADEA,no_data_for_date,,,,,,,,,
2026-09-22,ADIG,no_data_for_date,,,,,,,,,
2026-09-22,ADMA,no_data_for_date,,,,,,,,,
2026-09-22,ADNT,no_data_for_date,,,,,,,,,
2026-09-22,ADP,no_data_for_date,,,,,,,,,
2026-09-22,ADT,no_data_for_date,,,,,,,,,
2026-09-22,ADUS,no_data_for_date,,,,,,,,,
2026-09-22,AEIS,no_data_for_date,,,,,,,,,
2026-09-22,AEO,no_data_for_date,,,,,,,,,
2026-09-22,AESI,no_data_for_date,,,,,,,,,
2026-09-22,AFG,no_data_for_date,,,,,,,,,
2026-09-22,AGCO,no_data_for_date,,,,,,,,,
2026-09-22,AGEN,no_data_for_date,,,,,,,,,
2026-09-22,AGNT,no_data_for_date,,,,,,,,,
2026-09-22,AGO,no_data_for_date,,,,,,,,,
2026-09-22,AGX,no_data_for_date,,,,,,,,,
2026-09-22,AGYS,no_data_for_date,,,,,,,,,
2026-09-22,AHCO,no_data_for_date,,,,,,,,,
2026-09-22,AHR,no_data_for_date,,,,,,,,,
2026-09-22,AIN,no_data_for_date,,,,,,,,,
2026-09-22,AIR,no_data_for_date,,,,,,,,,
2026-09-22,AIT,no_data_for_date,,,,,,,,,
2026-09-22,AKR,no_data_for_date,,,,,,,,,
2026-09-22,ALGM,no_data_for_date,,,,,,,,,
2026-09-22,ALGT,no_data_for_date,,,,,,,,,
2026-09-22,ALG,no_data_for_date,,,,,,,,,
2026-09-22,ALHC,no_data_for_date,,,,,,,,,
2026-09-22,ALKS,no_data_for_date,,,,,,,,,
2026-09-22,ALK,no_data_for_date,,,,,,,,,
2026-09-22,ALLY,no_data_for_date,,,,,,,,,
2026-09-22,ALRM,no_data_for_date,,,,,,,,,
2026-09-22,ALSN,no_data_for_date,,,,,,,,,
2026-09-22,ALV,no_data_for_date,,,,,,,,,
2026-09-22,AMC,no_50ma_touch,,,,,,,,,
2026-09-22,AMG,no_data_for_date,,,,,,,,,
2026-09-22,AMH,no_data_for_date,,,,,,,,,
2026-09-22,AMKR,no_data_for_date,,,,,,,,,
2026-09-22,AMLX,no_data_for_date,,,,,,,,,
2026-09-22,AMN,no_data_for_date,,,,,,,,,
2026-09-22,AMPH,no_data_for_date,,,,,,,,,
2026-09-22,AMRX,no_data_for_date,,,,,,,,,
2026-09-22,AMR,no_data_for_date,,,,,,,,,
2026-09-22,AMSF,no_data_for_date,,,,,,,,,
2026-09-22,AMTM,no_data_for_date,,,,,,,,,
2026-09-22,AM,no_data_for_date,,,,,,,,,
2026-09-22,ANDE,no_data_for_date,,,,,,,,,
2026-09-22,ANF,no_data_for_date,,,,,,,,,
2026-09-22,ANIP,no_data_for_date,,,,,,,,,
2026-09-22,AN,no_data_for_date,,,,,,,,,
2026-09-22,AORT,no_data_for_date,,,,,,,,,
2026-09-22,AOSL,no_data_for_date,,,,,,,,,
2026-09-22,APAM,no_data_for_date,,,,,,,,,
2026-09-22,APG,no_data_for_date,,,,,,,,,
2026-09-22,APLE,no_data_for_date,,,,,,,,,
2026-09-22,APOG,no_data_for_date,,,,,,,,,
2026-09-22,APPF,no_data_for_date,,,,,,,,,
2026-09-22,APPS,no_data_for_date,,,,,,,,,
2026-09-22,ARCB,no_data_for_date,,,,,,,,,
2026-09-22,ARLO,no_data_for_date,,,,,,,,,
2026-09-22,ARMK,no_data_for_date,,,,,,,,,
2026-09-22,AROC,no_data_for_date,,,,,,,,,
2026-09-22,ARR,no_data_for_date,,,,,,,,,
2026-09-22,ARWR,no_data_for_date,,,,,,,,,
2026-09-22,ARW,no_data_for_date,,,,,,,,,
2026-09-22,AR,no_data_for_date,,,,,,,,,
2026-09-22,ASB,no_data_for_date,,,,,,,,,
2026-09-22,ASH,no_data_for_date,,,,,,,,,
2026-09-22,ASO,no_data_for_date,,,,,,,,,
2026-09-22,ASTE,no_data_for_date,,,,,,,,,
2026-09-22,ASTH,no_data_for_date,,,,,,,,,
2026-09-22,ATEN,no_data_for_date,,,,,,,,,
2026-09-22,ATI,no_data_for_date,,,,,,,,,
2026-09-22,ATMU,no_data_for_date,,,,,,,,,
2026-09-22,ATRC,no_data_for_date,,,,,,,,,
2026-09-22,ATR,no_data_for_date,,,,,,,,,
2026-09-22,AUB,no_data_for_date,,,,,,,,,
2026-09-22,AVAH,no_data_for_date,,,,,,,,,
2026-09-22,AVAV,no_data_for_date,,,,,,,,,
2026-09-22,AVA,no_data_for_date,,,,,,,,,
2026-09-22,AVNT,no_data_for_date,,,,,,,,,
2026-09-22,AVTR,no_data_for_date,,,,,,,,,
2026-09-22,AVT,no_data_for_date,,,,,,,,,
2026-09-22,AWI,no_data_for_date,,,,,,,,,
2026-09-22,AWR,no_data_for_date,,,,,,,,,
2026-09-22,AXTA,no_data_for_date,,,,,,,,,
2026-09-22,AX,no_data_for_date,,,,,,,,,
2026-09-22,AYI,no_data_for_date,,,,,,,,,
2026-09-22,AZTA,no_data_for_date,,,,,,,,,
2026-09-22,AZZ,no_data_for_date,,,,,,,,,
2026-09-22,BAH,no_data_for_date,,,,,,,,,
2026-09-22,BANC,no_data_for_date,,,,,,,,,
2026-09-22,BANF,no_data_for_date,,,,,,,,,
2026-09-22,BANR,no_data_for_date,,,,,,,,,
2026-09-22,BBT,no_data_for_date,,,,,,,,,
2026-09-22,BBWI,no_data_for_date,,,,,,,,,
2026-09-22,BCC,no_data_for_date,,,,,,,,,
2026-09-22,BCO,no_data_for_date,,,,,,,,,
2026-09-22,BCPC,no_data_for_date,,,,,,,,,
2026-09-22,BC,no_data_for_date,,,,,,,,,
2026-09-22,BDC,no_data_for_date,,,,,,,,,
2026-09-22,BFAM,no_data_for_date,,,,,,,,,
2026-09-22,BFH,no_data_for_date,,,,,,,,,
2026-09-22,BFLY,no_50ma_touch,,,,,,,,,
2026-09-22,BFS,no_data_for_date,,,,,,,,,
2026-09-22,BGC,no_data_for_date,,,,,,,,,
2026-09-22,BHE,no_data_for_date,,,,,,,,,
2026-09-22,BHF,no_data_for_date,,,,,,,,,
2026-09-22,BILL,no_data_for_date,,,,,,,,,
2026-09-22,BIO,no_data_for_date,,,,,,,,,
2026-09-22,BJRI,no_data_for_date,,,,,,,,,
2026-09-22,BJ,no_data_for_date,,,,,,,,,
2026-09-22,BKE,no_data_for_date,,,,,,,,,
2026-09-22,BKH,no_data_for_date,,,,,,,,,
2026-09-22,BKU,no_data_for_date,,,,,,,,,
2026-09-22,BLFS,no_data_for_date,,,,,,,,,
2026-09-22,BLKB,no_data_for_date,,,,,,,,,
2026-09-22,BL,no_data_for_date,,,,,,,,,
2026-09-22,BMI,no_data_for_date,,,,,,,,,
2026-09-22,BMRN,no_data_for_date,,,,,,,,,
2026-09-22,BNL,no_data_for_date,,,,,,,,,
2026-09-22,BOH,no_data_for_date,,,,,,,,,
2026-09-22,BOOT,no_data_for_date,,,,,,,,,
2026-09-22,BOX,no_data_for_date,,,,,,,,,
2026-09-22,BRC,no_data_for_date,,,,,,,,,
2026-09-22,BRKR,no_data_for_date,,,,,,,,,
2026-09-22,BROS,no_data_for_date,,,,,,,,,
2026-09-22,BRX,no_data_for_date,,,,,,,,,
2026-09-22,BSY,no_data_for_date,,,,,,,,,
2026-09-22,BTSG,no_data_for_date,,,,,,,,,
2026-09-22,BTU,no_data_for_date,,,,,,,,,
2026-09-22,BURL,no_data_for_date,,,,,,,,,
2026-09-22,BWA,no_data_for_date,,,,,,,,,
2026-09-22,BWXT,no_data_for_date,,,,,,,,,
2026-09-22,BXMT,no_data_for_date,,,,,,,,,
2026-09-22,BYD,no_data_for_date,,,,,,,,,
2026-09-22,CACC,no_data_for_date,,,,,,,,,
2026-09-22,CACI,no_data_for_date,,,,,,,,,
2026-09-22,CAG,no_data_for_date,,,,,,,,,
2026-09-22,CAKE,no_data_for_date,,,,,,,,,
2026-09-22,CALM,no_data_for_date,,,,,,,,,
2026-09-22,CALX,no_data_for_date,,,,,,,,,
2026-09-22,CALY,no_data_for_date,,,,,,,,,
2026-09-22,CARG,no_data_for_date,,,,,,,,,
2026-09-22,CART,no_data_for_date,,,,,,,,,
2026-09-22,CAR,no_data_for_date,,,,,,,,,
2026-09-22,CASH,no_data_for_date,,,,,,,,,
2026-09-22,CATY,no_data_for_date,,,,,,,,,
2026-09-22,CAVA,no_data_for_date,,,,,,,,,
2026-09-22,CBRL,no_data_for_date,,,,,,,,,
2026-09-22,CBSH,no_data_for_date,,,,,,,,,
2026-09-22,CBT,no_data_for_date,,,,,,,,,
2026-09-22,CBU,no_data_for_date,,,,,,,,,
2026-09-22,CBZ,no_data_for_date,,,,,,,,,
2026-09-22,CCK,no_data_for_date,,,,,,,,,
2026-09-22,CCOI,no_data_for_date,,,,,,,,,
2026-09-22,CCS,no_data_for_date,,,,,,,,,
2026-09-22,CC,no_data_for_date,,,,,,,,,
2026-09-22,CDE,no_data_for_date,,,,,,,,,
2026-09-22,CDNA,no_data_for_date,,,,,,,,,
2026-09-22,CDP,no_data_for_date,,,,,,,,,
2026-09-22,CELH,no_data_for_date,,,,,,,,,
2026-09-22,CENTA,no_data_for_date,,,,,,,,,
2026-09-22,CENT,no_data_for_date,,,,,,,,,
2026-09-22,CENX,no_data_for_date,,,,,,,,,
2026-09-22,CERT,no_data_for_date,,,,,,,,,
2026-09-22,CE,no_data_for_date,,,,,,,,,
2026-09-22,CFFN,no_data_for_date,,,,,,,,,
2026-09-22,CFR,no_data_for_date,,,,,,,,,
2026-09-22,CGNX,no_data_for_date,,,,,,,,,
2026-09-22,CG,no_data_for_date,,,,,,,,,
2026-09-22,CHCO,no_data_for_date,,,,,,,,,
2026-09-22,CHDN,no_data_for_date,,,,,,,,,
2026-09-22,CHEF,no_data_for_date,,,,,,,,,
2026-09-22,CHE,no_data_for_date,,,,,,,,,
2026-09-22,CHH,no_data_for_date,,,,,,,,,
2026-09-22,CHRD,no_data_for_date,,,,,,,,,
2026-09-22,CHWY,no_data_for_date,,,,,,,,,
2026-09-22,CLBK,no_data_for_date,,,,,,,,,
2026-09-22,CLF,no_data_for_date,,,,,,,,,
2026-09-22,CLH,no_data_for_date,,,,,,,,,
2026-09-22,CLMT,no_data_for_date,,,,,,,,,
2026-09-22,CLOV,momentum_screen,,,,,,,,,
2026-09-22,CLSK,no_data_for_date,,,,,,,,,
2026-09-22,CMC,no_data_for_date,,,,,,,,,
2026-09-22,CNH,no_data_for_date,,,,,,,,,
2026-09-22,CNK,no_data_for_date,,,,,,,,,
2026-09-22,CNMD,no_data_for_date,,,,,,,,,
2026-09-22,CNM,no_data_for_date,,,,,,,,,
2026-09-22,CNO,no_data_for_date,,,,,,,,,
2026-09-22,CNR,no_data_for_date,,,,,,,,,
2026-09-22,CNS,no_data_for_date,,,,,,,,,
2026-09-22,CNXC,no_data_for_date,,,,,,,,,
2026-09-22,CNXN,no_data_for_date,,,,,,,,,
2026-09-22,CNX,no_data_for_date,,,,,,,,,
2026-09-22,COCO,no_data_for_date,,,,,,,,,
2026-09-22,COHU,no_data_for_date,,,,,,,,,
2026-09-22,COKE,no_data_for_date,,,,,,,,,
2026-09-22,COLB,no_data_for_date,,,,,,,,,
2026-09-22,COLL,no_data_for_date,,,,,,,,,
2026-09-22,COLM,no_data_for_date,,,,,,,,,
2026-09-22,CON,no_data_for_date,,,,,,,,,
2026-09-22,CORT,no_data_for_date,,,,,,,,,
2026-09-22,COTY,no_data_for_date,,,,,,,,,
2026-09-22,CPB,no_data_for_date,,,,,,,,,
2026-09-22,CPF,no_data_for_date,,,,,,,,,
2026-09-22,CPK,no_data_for_date,,,,,,,,,
2026-09-22,CPRI,no_data_for_date,,,,,,,,,
2026-09-22,CRBG,no_data_for_date,,,,,,,,,
2026-09-22,CRC,no_data_for_date,,,,,,,,,
2026-09-22,CRGY,no_data_for_date,,,,,,,,,
2026-09-22,CRI,no_data_for_date,,,,,,,,,
2026-09-22,CRK,no_data_for_date,,,,,,,,,
2026-09-22,CROX,no_data_for_date,,,,,,,,,
2026-09-22,CRSR,no_data_for_date,,,,,,,,,
2026-09-22,CRS,no_data_for_date,,,,,,,,,
2026-09-22,CRUS,no_data_for_date,,,,,,,,,
2026-09-22,CRVL,no_data_for_date,,,,,,,,,
2026-09-22,CRWD,no_data_for_date,,,,,,,,,
2026-09-22,CR,no_data_for_date,,,,,,,,,
2026-09-22,CSL,no_data_for_date,,,,,,,,,
2026-09-22,CSR,no_data_for_date,,,,,,,,,
2026-09-22,CSW,no_data_for_date,,,,,,,,,
2026-09-22,CTRE,no_data_for_date,,,,,,,,,
2026-09-22,CTS,no_data_for_date,,,,,,,,,
2026-09-22,CUBE,no_data_for_date,,,,,,,,,
2026-09-22,CUBI,no_data_for_date,,,,,,,,,
2026-09-22,CURB,no_data_for_date,,,,,,,,,
2026-09-22,CUZ,no_data_for_date,,,,,,,,,
2026-09-22,CVBF,no_data_for_date,,,,,,,,,
2026-09-22,CVCO,no_data_for_date,,,,,,,,,
2026-09-22,CVI,no_data_for_date,,,,,,,,,
2026-09-22,CVLT,no_data_for_date,,,,,,,,,
2026-09-22,CVSA,no_data_for_date,,,,,,,,,
2026-09-22,CWEN,no_data_for_date,,,,,,,,,
2026-09-22,CWK,no_data_for_date,,,,,,,,,
2026-09-22,CWST,no_data_for_date,,,,,,,,,
2026-09-22,CWT,no_data_for_date,,,,,,,,,
2026-09-22,CW,no_data_for_date,,,,,,,,,
2026-09-22,CXM,no_data_for_date,,,,,,,,,
2026-09-22,CXT,no_data_for_date,,,,,,,,,
2026-09-22,CXW,no_data_for_date,,,,,,,,,
2026-09-22,CYTK,no_data_for_date,,,,,,,,,
2026-09-22,CZR,no_data_for_date,,,,,,,,,
2026-09-22,DAN,no_data_for_date,,,,,,,,,
2026-09-22,DAR,no_data_for_date,,,,,,,,,
2026-09-22,DAVE,no_data_for_date,,,,,,,,,
2026-09-22,DBD,no_data_for_date,,,,,,,,,
2026-09-22,DBX,no_data_for_date,,,,,,,,,
2026-09-22,DCH,no_data_for_date,,,,,,,,,
2026-09-22,DCI,no_data_for_date,,,,,,,,,
2026-09-22,DCOM,no_data_for_date,,,,,,,,,
2026-09-22,DEA,no_data_for_date,,,,,,,,,
2026-09-22,DEI,no_data_for_date,,,,,,,,,
2026-09-22,DELL,no_50ma_touch,,,,,,,,,
2026-09-22,DFH,no_data_for_date,,,,,,,,,
2026-09-22,DFIN,no_data_for_date,,,,,,,,,
2026-09-22,DGII,no_data_for_date,,,,,,,,,
2026-09-22,DINO,no_data_for_date,,,,,,,,,
2026-09-22,DIOD,no_data_for_date,,,,,,,,,
2026-09-22,DKS,no_data_for_date,,,,,,,,,
2026-09-22,DK,no_data_for_date,,,,,,,,,
2026-09-22,DLB,no_data_for_date,,,,,,,,,
2026-09-22,DLX,no_data_for_date,,,,,,,,,
2026-09-22,DMC,no_data_for_date,,,,,,,,,
2026-09-22,DNOW,no_data_for_date,,,,,,,,,
2026-09-22,DOCN,no_data_for_date,,,,,,,,,
2026-09-22,DOCS,no_data_for_date,,,,,,,,,
2026-09-22,DOCU,no_data_for_date,,,,,,,,,
2026-09-22,DORM,no_data_for_date,,,,,,,,,
2026-09-22,DRH,no_data_for_date,,,,,,,,,
2026-09-22,DTM,no_data_for_date,,,,,,,,,
2026-09-22,DT,no_data_for_date,,,,,,,,,
2026-09-22,DUOL,no_data_for_date,,,,,,,,,
2026-09-22,DV,no_data_for_date,,,,,,,,,
2026-09-22,DXC,no_data_for_date,,,,,,,,,
2026-09-22,DXPE,no_data_for_date,,,,,,,,,
2026-09-22,DY,no_data_for_date,,,,,,,,,
2026-09-22,EAT,no_data_for_date,,,,,,,,,
2026-09-22,EBC,no_data_for_date,,,,,,,,,
2026-09-22,ECG,no_data_for_date,,,,,,,,,
2026-09-22,ECO,no_data_for_date,,,,,,,,,
2026-09-22,ECPG,no_data_for_date,,,,,,,,,
2026-09-22,EEFT,no_data_for_date,,,,,,,,,
2026-09-22,EFC,no_data_for_date,,,,,,,,,
2026-09-22,EFOR,no_data_for_date,,,,,,,,,
2026-09-22,EGBN,no_data_for_date,,,,,,,,,
2026-09-22,EGP,no_data_for_date,,,,,,,,,
2026-09-22,EHC,no_data_for_date,,,,,,,,,
2026-09-22,EIG,no_data_for_date,,,,,,,,,
2026-09-22,ELAN,no_data_for_date,,,,,,,,,
2026-09-22,ELF,no_data_for_date,,,,,,,,,
2026-09-22,ELS,no_data_for_date,,,,,,,,,
2026-09-22,EMN,no_data_for_date,,,,,,,,,
2026-09-22,ENOV,no_data_for_date,,,,,,,,,
2026-09-22,ENPH,no_data_for_date,,,,,,,,,
2026-09-22,ENR,no_data_for_date,,,,,,,,,
2026-09-22,ENSG,no_data_for_date,,,,,,,,,
2026-09-22,ENS,no_data_for_date,,,,,,,,,
2026-09-22,ENTG,no_data_for_date,,,,,,,,,
2026-09-22,ENVA,no_data_for_date,,,,,,,,,
2026-09-22,EPAC,no_data_for_date,,,,,,,,,
2026-09-22,EPAM,no_data_for_date,,,,,,,,,
2026-09-22,EPC,no_data_for_date,,,,,,,,,
2026-09-22,EPRT,no_data_for_date,,,,,,,,,
2026-09-22,EPR,no_data_for_date,,,,,,,,,
2026-09-22,EQH,no_data_for_date,,,,,,,,,
2026-09-22,ESAB,no_data_for_date,,,,,,,,,
2026-09-22,ESE,no_data_for_date,,,,,,,,,
2026-09-22,ESI,no_data_for_date,,,,,,,,,
2026-09-22,ESNT,no_data_for_date,,,,,,,,,
2026-09-22,ETSY,no_data_for_date,,,,,,,,,
2026-09-22,EVR,no_data_for_date,,,,,,,,,
2026-09-22,EVTC,no_data_for_date,,,,,,,,,
2026-09-22,EWBC,no_data_for_date,,,,,,,,,
2026-09-22,EXEL,no_data_for_date,,,,,,,,,
2026-09-22,EXLS,no_data_for_date,,,,,,,,,
2026-09-22,EXPO,no_data_for_date,,,,,,,,,
2026-09-22,EXP,no_data_for_date,,,,,,,,,
2026-09-22,EXTR,no_data_for_date,,,,,,,,,
2026-09-22,EYE,no_data_for_date,,,,,,,,,
2026-09-22,EZPW,no_data_for_date,,,,,,,,,
2026-09-22,FAF,no_data_for_date,,,,,,,,,
2026-09-22,FA,no_data_for_date,,,,,,,,,
2026-09-22,FBIN,no_data_for_date,,,,,,,,,
2026-09-22,FBK,no_data_for_date,,,,,,,,,
2026-09-22,FBNC,no_data_for_date,,,,,,,,,
2026-09-22,FBP,no_data_for_date,,,,,,,,,
2026-09-22,FBRT,no_data_for_date,,,,,,,,,
2026-09-22,FCFS,no_data_for_date,,,,,,,,,
2026-09-22,FCF,no_data_for_date,,,,,,,,,
2026-09-22,FCN,no_data_for_date,,,,,,,,,
2026-09-22,FCPT,no_data_for_date,,,,,,,,,
2026-09-22,FELE,no_data_for_date,,,,,,,,,
2026-09-22,FFBC,no_data_for_date,,,,,,,,,
2026-09-22,FFIN,no_data_for_date,,,,,,,,,
2026-09-22,FG,no_data_for_date,,,,,,,,,
2026-09-22,FHB,no_data_for_date,,,,,,,,,
2026-09-22,FHI,no_data_for_date,,,,,,,,,
2026-09-22,FHN,no_data_for_date,,,,,,,,,
2026-09-22,FIBK,no_data_for_date,,,,,,,,,
2026-09-22,FIVE,no_data_for_date,,,,,,,,,
2026-09-22,FIVN,no_data_for_date,,,,,,,,,
2026-09-22,FIZZ,no_data_for_date,,,,,,,,,
2026-09-22,FLG,no_data_for_date,,,,,,,,,
2026-09-22,FLO,no_data_for_date,,,,,,,,,
2026-09-22,FLR,no_data_for_date,,,,,,,,,
2026-09-22,FLS,no_data_for_date,,,,,,,,,
2026-09-22,FMC,no_data_for_date,,,,,,,,,
2026-09-22,FNB,no_data_for_date,,,,,,,,,
2026-09-22,FND,no_data_for_date,,,,,,,,,
2026-09-22,FNF,no_data_for_date,,,,,,,,,
2026-09-22,FN,no_data_for_date,,,,,,,,,
2026-09-22,FORM,no_data_for_date,,,,,,,,,
2026-09-22,FOUR,no_data_for_date,,,,,,,,,
2026-09-22,FOXF,no_data_for_date,,,,,,,,,
2026-09-22,FROG,no_data_for_date,,,,,,,,,
2026-09-22,FRPT,no_data_for_date,,,,,,,,,
2026-09-22,FR,no_data_for_date,,,,,,,,,
2026-09-22,FSS,no_data_for_date,,,,,,,,,
2026-09-22,FTDR,no_data_for_date,,,,,,,,,
2026-09-22,FTI,no_data_for_date,,,,,,,,,
2026-09-22,FTNT,no_data_for_date,,,,,,,,,
2026-09-22,FTRE,no_data_for_date,,,,,,,,,
2026-09-22,FULT,no_data_for_date,,,,,,,,,
2026-09-22,FUL,no_data_for_date,,,,,,,,,
2026-09-22,FUN,no_data_for_date,,,,,,,,,
2026-09-22,GAP,no_data_for_date,,,,,,,,,
2026-09-22,GATX,no_data_for_date,,,,,,,,,
2026-09-22,GBCI,no_data_for_date,,,,,,,,,
2026-09-22,GBTG,no_data_for_date,,,,,,,,,
2026-09-22,GBX,no_data_for_date,,,,,,,,,
2026-09-22,GEF,no_data_for_date,,,,,,,,,
2026-09-22,GEO,no_data_for_date,,,,,,,,,
2026-09-22,GFF,no_data_for_date,,,,,,,,,
2026-09-22,GGG,no_data_for_date,,,,,,,,,
2026-09-22,GHC,no_data_for_date,,,,,,,,,
2026-09-22,GH,no_data_for_date,,,,,,,,,
2026-09-22,GIII,no_data_for_date,,,,,,,,,
2026-09-22,GKOS,no_data_for_date,,,,,,,,,
2026-09-22,GLPI,no_data_for_date,,,,,,,,,
2026-09-22,GMED,no_data_for_date,,,,,,,,,
2026-09-22,GME,no_data_for_date,,,,,,,,,
2026-09-22,GNL,no_data_for_date,,,,,,,,,
2026-09-22,GNTX,no_data_for_date,,,,,,,,,
2026-09-22,GNW,no_data_for_date,,,,,,,,,
2026-09-22,GOLF,no_data_for_date,,,,,,,,,
2026-09-22,GO,no_data_for_date,,,,,,,,,
2026-09-22,GPI,no_data_for_date,,,,,,,,,
2026-09-22,GPK,no_data_for_date,,,,,,,,,
2026-09-22,GPOR,no_data_for_date,,,,,,,,,
2026-09-22,GRBK,no_data_for_date,,,,,,,,,
2026-09-22,GSHD,no_data_for_date,,,,,,,,,
2026-09-22,GTES,no_data_for_date,,,,,,,,,
2026-09-22,GTLB,no_data_for_date,,,,,,,,,
2026-09-22,GTM,no_data_for_date,,,,,,,,,
2026-09-22,GTY,no_data_for_date,,,,,,,,,
2026-09-22,GT,no_data_for_date,,,,,,,,,
2026-09-22,GVA,no_data_for_date,,,,,,,,,
2026-09-22,GWRE,no_data_for_date,,,,,,,,,
2026-09-22,GXO,no_data_for_date,,,,,,,,,
2026-09-22,G,no_data_for_date,,,,,,,,,
2026-09-22,HAE,no_data_for_date,,,,,,,,,
2026-09-22,HAFC,no_data_for_date,,,,,,,,,
2026-09-22,HALO,no_data_for_date,,,,,,,,,
2026-09-22,HASI,no_data_for_date,,,,,,,,,
2026-09-22,HAYW,no_data_for_date,,,,,,,,,
2026-09-22,HCC,no_data_for_date,,,,,,,,,
2026-09-22,HCI,no_data_for_date,,,,,,,,,
2026-09-22,HCSG,no_data_for_date,,,,,,,,,
2026-09-22,HE,no_data_for_date,,,,,,,,,
2026-09-22,HFWA,no_data_for_date,,,,,,,,,
2026-09-22,HGV,no_data_for_date,,,,,,,,,
2026-09-22,HIMS,no_data_for_date,,,,,,,,,
2026-09-22,HIW,no_data_for_date,,,,,,,,,
2026-09-22,HLIT,no_data_for_date,,,,,,,,,
2026-09-22,HLI,no_data_for_date,,,,,,,,,
2026-09-22,HLNE,no_data_for_date,,,,,,,,,
2026-09-22,HLX,no_data_for_date,,,,,,,,,
2026-09-22,HL,no_data_for_date,,,,,,,,,
2026-09-22,HMN,no_data_for_date,,,,,,,,,
2026-09-22,HNGE,no_data_for_date,,,,,,,,,
2026-09-22,HNI,no_data_for_date,,,,,,,,,
2026-09-22,HOG,no_data_for_date,,,,,,,,,
2026-09-22,HOMB,no_data_for_date,,,,,,,,,
2026-09-22,HOPE,no_data_for_date,,,,,,,,,
2026-09-22,HPE,no_data_for_date,,,,,,,,,
2026-09-22,HPQ,no_data_for_date,,,,,,,,,
2026-09-22,HP,no_data_for_date,,,,,,,,,
2026-09-22,HQY,no_data_for_date,,,,,,,,,
2026-09-22,HRB,no_data_for_date,,,,,,,,,
2026-09-22,HRMY,no_data_for_date,,,,,,,,,
2026-09-22,HR,no_data_for_date,,,,,,,,,
2026-09-22,HSTM,no_data_for_date,,,,,,,,,
2026-09-22,HTH,no_data_for_date,,,,,,,,,
2026-09-22,HTLD,no_data_for_date,,,,,,,,,
2026-09-22,HTO,no_data_for_date,,,,,,,,,
2026-09-22,HUBG,no_data_for_date,,,,,,,,,
2026-09-22,HWC,no_data_for_date,,,,,,,,,
2026-09-22,HWKN,no_data_for_date,,,,,,,,,
2026-09-22,HXL,no_data_for_date,,,,,,,,,
2026-09-22,HZO,no_data_for_date,,,,,,,,,
2026-09-22,H,no_data_for_date,,,,,,,,,
2026-09-22,IART,no_data_for_date,,,,,,,,,
2026-09-22,IBOC,no_data_for_date,,,,,,,,,
2026-09-22,IBP,no_data_for_date,,,,,,,,,
2026-09-22,ICHR,no_data_for_date,,,,,,,,,
2026-09-22,ICUI,no_data_for_date,,,,,,,,,
2026-09-22,IDA,no_data_for_date,,,,,,,,,
2026-09-22,IDCC,no_data_for_date,,,,,,,,,
2026-09-22,IESC,no_data_for_date,,,,,,,,,
2026-09-22,IIPR,no_data_for_date,,,,,,,,,
2026-09-22,ILMN,no_data_for_date,,,,,,,,,
2026-09-22,INDB,no_data_for_date,,,,,,,,,
2026-09-22,INDV,no_data_for_date,,,,,,,,,
2026-09-22,INGR,no_data_for_date,,,,,,,,,
2026-09-22,INSP,no_data_for_date,,,,,,,,,
2026-09-22,INSW,no_data_for_date,,,,,,,,,
2026-09-22,INVA,no_data_for_date,,,,,,,,,
2026-09-22,INVX,no_data_for_date,,,,,,,,,
2026-09-22,IOSP,no_data_for_date,,,,,,,,,
2026-09-22,IOVA,no_50ma_touch,,,,,,,,,
2026-09-22,IPAR,no_data_for_date,,,,,,,,,
2026-09-22,IPGP,no_data_for_date,,,,,,,,,
2026-09-22,IRDM,no_data_for_date,,,,,,,,,
2026-09-22,IRT,no_data_for_date,,,,,,,,,
2026-09-22,ITGR,no_data_for_date,,,,,,,,,
2026-09-22,ITRI,no_data_for_date,,,,,,,,,
2026-09-22,ITT,no_data_for_date,,,,,,,,,
2026-09-22,IVT,no_data_for_date,,,,,,,,,
2026-09-22,JAZZ,no_data_for_date,,,,,,,,,
2026-09-22,JBGS,no_data_for_date,,,,,,,,,
2026-09-22,JBLU,no_data_for_date,,,,,,,,,
2026-09-22,JBSS,no_data_for_date,,,,,,,,,
2026-09-22,JBTM,no_data_for_date,,,,,,,,,
2026-09-22,JEF,no_data_for_date,,,,,,,,,
2026-09-22,JJSF,no_data_for_date,,,,,,,,,
2026-09-22,JLL,no_data_for_date,,,,,,,,,
2026-09-22,JOE,no_data_for_date,,,,,,,,,
2026-09-22,JXN,no_data_for_date,,,,,,,,,
2026-09-22,KAI,no_data_for_date,,,,,,,,,
2026-09-22,KALU,no_data_for_date,,,,,,,,,
2026-09-22,KBH,no_data_for_date,,,,,,,,,
2026-09-22,KBR,no_data_for_date,,,,,,,,,
2026-09-22,KD,no_data_for_date,,,,,,,,,
2026-09-22,KEX,no_data_for_date,,,,,,,,,
2026-09-22,KFY,no_data_for_date,,,,,,,,,
2026-09-22,KGS,no_data_for_date,,,,,,,,,
2026-09-22,KLIC,no_data_for_date,,,,,,,,,
2026-09-22,KMPR,no_data_for_date,,,,,,,,,
2026-09-22,KMT,no_data_for_date,,,,,,,,,
2026-09-22,KMX,no_data_for_date,,,,,,,,,
2026-09-22,KNF,no_data_for_date,,,,,,,,,
2026-09-22,KNSL,no_data_for_date,,,,,,,,,
2026-09-22,KNTK,no_data_for_date,,,,,,,,,
2026-09-22,KNX,no_data_for_date,,,,,,,,,
2026-09-22,KN,no_data_for_date,,,,,,,,,
2026-09-22,KOP,no_data_for_date,,,,,,,,,
2026-09-22,KRC,no_data_for_date,,,,,,,,,
2026-09-22,KRG,no_data_for_date,,,,,,,,,
2026-09-22,KRMN,no_data_for_date,,,,,,,,,
2026-09-22,KRYS,no_data_for_date,,,,,,,,,
2026-09-22,KSS,no_data_for_date,,,,,,,,,
2026-09-22,KTB,no_data_for_date,,,,,,,,,
2026-09-22,KTOS,no_data_for_date,,,,,,,,,
2026-09-22,KWR,no_data_for_date,,,,,,,,,
2026-09-22,LAD,no_data_for_date,,,,,,,,,
2026-09-22,LAMR,no_data_for_date,,,,,,,,,
2026-09-22,LAUR,no_data_for_date,,,,,,,,,
2026-09-22,LAZ,no_data_for_date,,,,,,,,,
2026-09-22,LBRT,no_data_for_date,,,,,,,,,
2026-09-22,LCII,no_data_for_date,,,,,,,,,
2026-09-22,LEA,no_data_for_date,,,,,,,,,
2026-09-22,LECO,no_data_for_date,,,,,,,,,
2026-09-22,LEG,no_data_for_date,,,,,,,,,
2026-09-22,LEU,no_data_for_date,,,,,,,,,
2026-09-22,LFST,no_data_for_date,,,,,,,,,
2026-09-22,LFUS,no_data_for_date,,,,,,,,,
2026-09-22,LGIH,no_data_for_date,,,,,,,,,
2026-09-22,LGND,no_data_for_date,,,,,,,,,
2026-09-22,LIF,no_data_for_date,,,,,,,,,
2026-09-22,LIVN,no_data_for_date,,,,,,,,,
2026-09-22,LKFN,no_data_for_date,,,,,,,,,
2026-09-22,LKQ,no_data_for_date,,,,,,,,,
2026-09-22,LMAT,no_data_for_date,,,,,,,,,
2026-09-22,LNC,no_data_for_date,,,,,,,,,
2026-09-22,LNN,no_data_for_date,,,,,,,,,
2026-09-22,LNTH,no_data_for_date,,,,,,,,,
2026-09-22,LOPE,no_data_for_date,,,,,,,,,
2026-09-22,LPG,no_data_for_date,,,,,,,,,
2026-09-22,LPX,no_data_for_date,,,,,,,,,
2026-09-22,LQDA,no_data_for_date,,,,,,,,,
2026-09-22,LQDT,no_data_for_date,,,,,,,,,
2026-09-22,LRN,no_data_for_date,,,,,,,,,
2026-09-22,LSCC,no_data_for_date,,,,,,,,,
2026-09-22,LSTR,no_data_for_date,,,,,,,,,
2026-09-22,LTC,no_data_for_date,,,,,,,,,
2026-09-22,LTH,no_data_for_date,,,,,,,,,
2026-09-22,LUMN,no_data_for_date,,,,,,,,,
2026-09-22,LW,no_data_for_date,,,,,,,,,
2026-09-22,LXP,no_data_for_date,,,,,,,,,
2026-09-22,LYFT,no_data_for_date,,,,,,,,,
2026-09-22,LZB,no_data_for_date,,,,,,,,,
2026-09-22,LZ,no_data_for_date,,,,,,,,,
2026-09-22,MAC,no_data_for_date,,,,,,,,,
2026-09-22,MANH,no_data_for_date,,,,,,,,,
2026-09-22,MAN,no_data_for_date,,,,,,,,,
2026-09-22,MARA,no_data_for_date,,,,,,,,,
2026-09-22,MATW,no_data_for_date,,,,,,,,,
2026-09-22,MATX,no_data_for_date,,,,,,,,,
2026-09-22,MAT,no_data_for_date,,,,,,,,,
2026-09-22,MBC,no_data_for_date,,,,,,,,,
2026-09-22,MBGL,no_data_for_date,,,,,,,,,
2026-09-22,MBIN,no_data_for_date,,,,,,,,,
2026-09-22,MCRI,no_data_for_date,,,,,,,,,
2026-09-22,MCY,no_data_for_date,,,,,,,,,
2026-09-22,MC,no_data_for_date,,,,,,,,,
2026-09-22,MDU,no_data_for_date,,,,,,,,,
2026-09-22,MD,no_data_for_date,,,,,,,,,
2026-09-22,MEDP,no_data_for_date,,,,,,,,,
2026-09-22,MFP,no_data_for_date,,,,,,,,,
2026-09-22,MGEE,no_data_for_date,,,,,,,,,
2026-09-22,MGNI,no_data_for_date,,,,,,,,,
2026-09-22,MGY,no_data_for_date,,,,,,,,,
2026-09-22,MHK,no_data_for_date,,,,,,,,,
2026-09-22,MHO,no_data_for_date,,,,,,,,,
2026-09-22,MIDD,no_data_for_date,,,,,,,,,
2026-09-22,MIR,no_data_for_date,,,,,,,,,
2026-09-22,MKSI,no_data_for_date,,,,,,,,,
2026-09-22,MKTX,no_data_for_date,,,,,,,,,
2026-09-22,MLI,no_data_for_date,,,,,,,,,
2026-09-22,MLKN,no_data_for_date,,,,,,,,,
2026-09-22,MMI,no_data_for_date,,,,,,,,,
2026-09-22,MMSI,no_data_for_date,,,,,,,,,
2026-09-22,MMS,no_data_for_date,,,,,,,,,
2026-09-22,MNOV,no_data_for_date,,,,,,,,,
2026-09-22,MOG-A,no_data_for_date,,,,,,,,,
2026-09-22,MOH,no_data_for_date,,,,,,,,,
2026-09-22,MORN,no_data_for_date,,,,,,,,,
2026-09-22,MPC,no_data_for_date,,,,,,,,,
2026-09-22,MPT,no_data_for_date,,,,,,,,,
2026-09-22,MP,no_data_for_date,,,,,,,,,
2026-09-22,MRCY,no_data_for_date,,,,,,,,,
2026-09-22,MRP,no_data_for_date,,,,,,,,,
2026-09-22,MRTN,no_data_for_date,,,,,,,,,
2026-09-22,MSA,no_data_for_date,,,,,,,,,
2026-09-22,MSEX,no_data_for_date,,,,,,,,,
2026-09-22,MSGS,no_data_for_date,,,,,,,,,
2026-09-22,MSM,no_data_for_date,,,,,,,,,
2026-09-22,MTCH,no_data_for_date,,,,,,,,,
2026-09-22,MTDR,no_data_for_date,,,,,,,,,
2026-09-22,MTG,no_data_for_date,,,,,,,,,
2026-09-22,MTH,no_data_for_date,,,,,,,,,
2026-09-22,MTN,no_data_for_date,,,,,,,,,
2026-09-22,MTRN,no_data_for_date,,,,,,,,,
2026-09-22,MTSI,no_data_for_date,,,,,,,,,
2026-09-22,MTUS,no_data_for_date,,,,,,,,,
2026-09-22,MTX,no_data_for_date,,,,,,,,,
2026-09-22,MTZ,no_data_for_date,,,,,,,,,
2026-09-22,MUR,no_data_for_date,,,,,,,,,
2026-09-22,MUSA,no_data_for_date,,,,,,,,,
2026-09-22,MWA,no_data_for_date,,,,,,,,,
2026-09-22,MXL,no_data_for_date,,,,,,,,,
2026-09-22,MYRG,no_data_for_date,,,,,,,,,
2026-09-22,MZTI,no_data_for_date,,,,,,,,,
2026-09-22,M,no_data_for_date,,,,,,,,,
2026-09-22,NABL,no_data_for_date,,,,,,,,,
2026-09-22,NATL,no_data_for_date,,,,,,,,,
2026-09-22,NAT,no_data_for_date,,,,,,,,,
2026-09-22,NAVI,no_data_for_date,,,,,,,,,
2026-09-22,NBHC,no_data_for_date,,,,,,,,,
2026-09-22,NBIX,no_data_for_date,,,,,,,,,
2026-09-22,NBTB,no_data_for_date,,,,,,,,,
2026-09-22,NEOG,no_data_for_date,,,,,,,,,
2026-09-22,NEO,no_data_for_date,,,,,,,,,
2026-09-22,NEU,no_data_for_date,,,,,,,,,
2026-09-22,NE,no_data_for_date,,,,,,,,,
2026-09-22,NFG,no_data_for_date,,,,,,,,,
2026-09-22,NGVT,no_data_for_date,,,,,,,,,
2026-09-22,NHC,no_data_for_date,,,,,,,,,
2026-09-22,NHI,no_data_for_date,,,,,,,,,
2026-09-22,NIC,no_data_for_date,,,,,,,,,
2026-09-22,NJR,no_data_for_date,,,,,,,,,
2026-09-22,NLY,no_data_for_date,,,,,,,,,
2026-09-22,NMIH,no_data_for_date,,,,,,,,,
2026-09-22,NNBR,momentum_screen,,,,,,,,,
2026-09-22,NNN,no_data_for_date,,,,,,,,,
2026-09-22,NOG,no_data_for_date,,,,,,,,,
2026-09-22,NOVT,no_data_for_date,,,,,,,,,
2026-09-22,NOV,no_data_for_date,,,,,,,,,
2026-09-22,NPK,no_data_for_date,,,,,,,,,
2026-09-22,NPO,no_data_for_date,,,,,,,,,
2026-09-22,NSIT,no_data_for_date,,,,,,,,,
2026-09-22,NSP,no_data_for_date,,,,,,,,,
2026-09-22,NSSC,no_data_for_date,,,,,,,,,
2026-09-22,NTAP,no_data_for_date,,,,,,,,,
2026-09-22,NTCT,no_data_for_date,,,,,,,,,
2026-09-22,NTNX,no_data_for_date,,,,,,,,,
2026-09-22,NTRA,no_data_for_date,,,,,,,,,
2026-09-22,NTST,no_data_for_date,,,,,,,,,
2026-09-22,NVST,no_data_for_date,,,,,,,,,
2026-09-22,NVT,no_data_for_date,,,,,,,,,
2026-09-22,NWBI,no_data_for_date,,,,,,,,,
2026-09-22,NWE,no_data_for_date,,,,,,,,,
2026-09-22,NWL,no_data_for_date,,,,,,,,,
2026-09-22,NWN,no_data_for_date,,,,,,,,,
2026-09-22,NXDR,no_data_for_date,,,,,,,,,
2026-09-22,NXRT,no_data_for_date,,,,,,,,,
2026-09-22,NXST,no_data_for_date,,,,,,,,,
2026-09-22,NXT,no_data_for_date,,,,,,,,,
2026-09-22,NX,no_data_for_date,,,,,,,,,
2026-09-22,NYT,no_data_for_date,,,,,,,,,
2026-09-22,OABI,no_data_for_date,,,,,,,,,
2026-09-22,OC,no_data_for_date,,,,,,,,,
2026-09-22,OFG,no_data_for_date,,,,,,,,,
2026-09-22,OGE,no_data_for_date,,,,,,,,,
2026-09-22,OGN,no_data_for_date,,,,,,,,,
2026-09-22,OGS,no_data_for_date,,,,,,,,,
2026-09-22,OHI,no_data_for_date,,,,,,,,,
2026-09-22,OII,no_data_for_date,,,,,,,,,
2026-09-22,OI,no_data_for_date,,,,,,,,,
2026-09-22,OKTA,no_data_for_date,,,,,,,,,
2026-09-22,OLED,no_data_for_date,,,,,,,,,
2026-09-22,OLLI,no_data_for_date,,,,,,,,,
2026-09-22,OLN,no_data_for_date,,,,,,,,,
2026-09-22,OMCL,no_data_for_date,,,,,,,,,
2026-09-22,ONB,no_data_for_date,,,,,,,,,
2026-09-22,ONTO,no_data_for_date,,,,,,,,,
2026-09-22,OPCH,no_data_for_date,,,,,,,,,
2026-09-22,OPLN,no_data_for_date,,,,,,,,,
2026-09-22,ORA,no_data_for_date,,,,,,,,,
2026-09-22,ORI,no_data_for_date,,,,,,,,,
2026-09-22,OSCR,no_data_for_date,,,,,,,,,
2026-09-22,OSIS,no_data_for_date,,,,,,,,,
2026-09-22,OSK,no_data_for_date,,,,,,,,,
2026-09-22,OSW,no_data_for_date,,,,,,,,,
2026-09-22,OTTR,no_data_for_date,,,,,,,,,
2026-09-22,OUT,no_data_for_date,,,,,,,,,
2026-09-22,OVV,no_data_for_date,,,,,,,,,
2026-09-22,OZK,no_data_for_date,,,,,,,,,
2026-09-22,PAG,no_data_for_date,,,,,,,,,
2026-09-22,PAHC,no_data_for_date,,,,,,,,,
2026-09-22,PANW,no_data_for_date,,,,,,,,,
2026-09-22,PARR,no_data_for_date,,,,,,,,,
2026-09-22,PATH,no_data_for_date,,,,,,,,,
2026-09-22,PATK,no_data_for_date,,,,,,,,,
2026-09-22,PAYC,no_data_for_date,,,,,,,,,
2026-09-22,PAYO,no_data_for_date,,,,,,,,,
2026-09-22,PAY,no_data_for_date,,,,,,,,,
2026-09-22,PBF,no_data_for_date,,,,,,,,,
2026-09-22,PBH,no_data_for_date,,,,,,,,,
2026-09-22,PBI,no_data_for_date,,,,,,,,,
2026-09-22,PB,no_data_for_date,,,,,,,,,
2026-09-22,PCRX,no_data_for_date,,,,,,,,,
2026-09-22,PCTY,no_data_for_date,,,,,,,,,
2026-09-22,PDFS,no_data_for_date,,,,,,,,,
2026-09-22,PD,no_data_for_date,,,,,,,,,
2026-09-22,PEB,no_data_for_date,,,,,,,,,
2026-09-22,PECO,no_data_for_date,,,,,,,,,
2026-09-22,PEGA,no_data_for_date,,,,,,,,,
2026-09-22,PENG,no_data_for_date,,,,,,,,,
2026-09-22,PENN,no_data_for_date,,,,,,,,,
2026-09-22,PEN,no_data_for_date,,,,,,,,,
2026-09-22,PFBC,no_data_for_date,,,,,,,,,
2026-09-22,PFGC,no_data_for_date,,,,,,,,,
2026-09-22,PFS,no_data_for_date,,,,,,,,,
2026-09-22,PGNY,no_data_for_date,,,,,,,,,
2026-09-22,PHIN,no_data_for_date,,,,,,,,,
2026-09-22,PII,no_data_for_date,,,,,,,,,
2026-09-22,PINS,no_data_for_date,,,,,,,,,
2026-09-22,PIPR,no_data_for_date,,,,,,,,,
2026-09-22,PI,no_data_for_date,,,,,,,,,
2026-09-22,PJT,no_data_for_date,,,,,,,,,
2026-09-22,PK,no_data_for_date,,,,,,,,,
2026-09-22,PLAB,no_data_for_date,,,,,,,,,
2026-09-22,PLMR,no_data_for_date,,,,,,,,,
2026-09-22,PLNT,no_data_for_date,,,,,,,,,
2026-09-22,PLUS,no_data_for_date,,,,,,,,,
2026-09-22,PLXS,no_data_for_date,,,,,,,,,
2026-09-22,PMT,no_data_for_date,,,,,,,,,
2026-09-22,PNFP,no_data_for_date,,,,,,,,,
2026-09-22,POOL,no_data_for_date,,,,,,,,,
2026-09-22,POR,no_data_for_date,,,,,,,,,
2026-09-22,POST,no_data_for_date,,,,,,,,,
2026-09-22,POWI,no_data_for_date,,,,,,,,,
2026-09-22,POWL,no_data_for_date,,,,,,,,,
2026-09-22,PPC,no_data_for_date,,,,,,,,,
2026-09-22,PPLI,no_data_for_date,,,,,,,,,
2026-09-22,PRCH,no_data_for_date,,,,,,,,,
2026-09-22,PRDO,no_data_for_date,,,,,,,,,
2026-09-22,PRGO,no_data_for_date,,,,,,,,,
2026-09-22,PRGS,no_data_for_date,,,,,,,,,
2026-09-22,PRG,no_data_for_date,,,,,,,,,
2026-09-22,PRIM,no_data_for_date,,,,,,,,,
2026-09-22,PRI,no_data_for_date,,,,,,,,,
2026-09-22,PRKS,no_data_for_date,,,,,,,,,
2026-09-22,PRK,no_data_for_date,,,,,,,,,
2026-09-22,PRLB,no_data_for_date,,,,,,,,,
2026-09-22,PRSU,no_data_for_date,,,,,,,,,
2026-09-22,PRVA,no_data_for_date,,,,,,,,,
2026-09-22,PR,no_data_for_date,,,,,,,,,
2026-09-22,PSMT,no_data_for_date,,,,,,,,,
2026-09-22,PSN,no_data_for_date,,,,,,,,,
2026-09-22,PSX,no_data_for_date,,,,,,,,,
2026-09-22,PTCT,no_data_for_date,,,,,,,,,
2026-09-22,PTEN,no_data_for_date,,,,,,,,,
2026-09-22,PTGX,no_data_for_date,,,,,,,,,
2026-09-22,PTON,no_data_for_date,,,,,,,,,
2026-09-22,PVH,no_data_for_date,,,,,,,,,
2026-09-22,PZZA,no_data_for_date,,,,,,,,,
2026-09-22,P,no_data_for_date,,,,,,,,,
2026-09-22,QDEL,no_data_for_date,,,,,,,,,
2026-09-22,QLYS,no_data_for_date,,,,,,,,,
2026-09-22,QMCO,no_data_for_date,,,,,,,,,
2026-09-22,QNST,no_data_for_date,,,,,,,,,
2026-09-22,QRVO,no_data_for_date,,,,,,,,,
2026-09-22,QTWO,no_data_for_date,,,,,,,,,
2026-09-22,RAL,no_data_for_date,,,,,,,,,
2026-09-22,RAMP,no_data_for_date,,,,,,,,,
2026-09-22,RBA,no_data_for_date,,,,,,,,,
2026-09-22,RBC,no_data_for_date,,,,,,,,,
2026-09-22,RCUS,no_data_for_date,,,,,,,,,
2026-09-22,RDNT,no_data_for_date,,,,,,,,,
2026-09-22,RDN,no_data_for_date,,,,,,,,,
2026-09-22,RELY,no_data_for_date,,,,,,,,,
2026-09-22,RES,no_data_for_date,,,,,,,,,
2026-09-22,REXR,no_data_for_date,,,,,,,,,
2026-09-22,REX,no_data_for_date,,,,,,,,,
2026-09-22,REYN,no_data_for_date,,,,,,,,,
2026-09-22,REZI,no_data_for_date,,,,,,,,,
2026-09-22,RGA,no_data_for_date,,,,,,,,,
2026-09-22,RGEN,no_data_for_date,,,,,,,,,
2026-09-22,RGLD,no_data_for_date,,,,,,,,,
2026-09-22,RHI,no_data_for_date,,,,,,,,,
2026-09-22,RHP,no_data_for_date,,,,,,,,,
2026-09-22,RH,no_data_for_date,,,,,,,,,
2026-09-22,RITM,no_data_for_date,,,,,,,,,
2026-09-22,RLAY,no_data_for_date,,,,,,,,,
2026-09-22,RLI,no_data_for_date,,,,,,,,,
2026-09-22,RMBS,no_data_for_date,,,,,,,,,
2026-09-22,RNG,no_data_for_date,,,,,,,,,
2026-09-22,RNR,no_data_for_date,,,,,,,,,
2026-09-22,RNST,no_data_for_date,,,,,,,,,
2026-09-22,ROAD,no_data_for_date,,,,,,,,,
2026-09-22,ROCK,no_data_for_date,,,,,,,,,
2026-09-22,ROG,no_data_for_date,,,,,,,,,
2026-09-22,ROIV,no_data_for_date,,,,,,,,,
2026-09-22,ROKU,no_data_for_date,,,,,,,,,
2026-09-22,RPM,no_data_for_date,,,,,,,,,
2026-09-22,RRC,no_data_for_date,,,,,,,,,
2026-09-22,RRR,no_data_for_date,,,,,,,,,
2026-09-22,RRX,no_data_for_date,,,,,,,,,
2026-09-22,RSI,no_data_for_date,,,,,,,,,
2026-09-22,RS,no_data_for_date,,,,,,,,,
2026-09-22,RUM,no_50ma_touch,,,,,,,,,
2026-09-22,RUN,no_data_for_date,,,,,,,,,
2026-09-22,RUSHA,no_data_for_date,,,,,,,,,
2026-09-22,RXO,no_data_for_date,,,,,,,,,
2026-09-22,RXT,no_data_for_date,,,,,,,,,
2026-09-22,RYAN,no_data_for_date,,,,,,,,,
2026-09-22,RYN,no_data_for_date,,,,,,,,,
2026-09-22,R,no_data_for_date,,,,,,,,,
2026-09-22,SABR,no_data_for_date,,,,,,,,,
2026-09-22,SAFE,no_data_for_date,,,,,,,,,
2026-09-22,SAFT,no_data_for_date,,,,,,,,,
2026-09-22,SAH,no_data_for_date,,,,,,,,,
2026-09-22,SAIA,no_data_for_date,,,,,,,,,
2026-09-22,SAIC,no_data_for_date,,,,,,,,,
2026-09-22,SAM,no_data_for_date,,,,,,,,,
2026-09-22,SANM,no_data_for_date,,,,,,,,,
2026-09-22,SARO,no_data_for_date,,,,,,,,,
2026-09-22,SBCF,no_data_for_date,,,,,,,,,
2026-09-22,SBH,no_data_for_date,,,,,,,,,
2026-09-22,SBRA,no_data_for_date,,,,,,,,,
2026-09-22,SBSI,no_data_for_date,,,,,,,,,
2026-09-22,SCHL,no_data_for_date,,,,,,,,,
2026-09-22,SCI,no_data_for_date,,,,,,,,,
2026-09-22,SCL,no_data_for_date,,,,,,,,,
2026-09-22,SCSC,no_data_for_date,,,,,,,,,
2026-09-22,SDGR,no_data_for_date,,,,,,,,,
2026-09-22,SEDG,no_data_for_date,,,,,,,,,
2026-09-22,SEIC,no_data_for_date,,,,,,,,,
2026-09-22,SEI,no_data_for_date,,,,,,,,,
2026-09-22,SEZL,no_data_for_date,,,,,,,,,
2026-09-22,SFBS,no_data_for_date,,,,,,,,,
2026-09-22,SFM,no_data_for_date,,,,,,,,,
2026-09-22,SFNC,no_data_for_date,,,,,,,,,
2026-09-22,SF,no_data_for_date,,,,,,,,,
2026-09-22,SGI,no_data_for_date,,,,,,,,,
2026-09-22,SHAK,no_data_for_date,,,,,,,,,
2026-09-22,SHC,no_data_for_date,,,,,,,,,
2026-09-22,SHEN,no_data_for_date,,,,,,,,,
2026-09-22,SHOO,no_data_for_date,,,,,,,,,
2026-09-22,SHO,no_data_for_date,,,,,,,,,
2026-09-22,SIGI,no_data_for_date,,,,,,,,,
2026-09-22,SIG,no_data_for_date,,,,,,,,,
2026-09-22,SIRI,no_data_for_date,,,,,,,,,
2026-09-22,SITM,no_data_for_date,,,,,,,,,
2026-09-22,SKT,no_data_for_date,,,,,,,,,
2026-09-22,SKYW,no_data_for_date,,,,,,,,,
2026-09-22,SKY,no_data_for_date,,,,,,,,,
2026-09-22,SLAB,no_data_for_date,,,,,,,,,
2026-09-22,SLGN,no_data_for_date,,,,,,,,,
2026-09-22,SLG,no_data_for_date,,,,,,,,,
2026-09-22,SLM,no_data_for_date,,,,,,,,,
2026-09-22,SLVM,no_data_for_date,,,,,,,,,
2026-09-22,SMG,no_data_for_date,,,,,,,,,
2026-09-22,SMPL,no_data_for_date,,,,,,,,,
2026-09-22,SMP,no_data_for_date,,,,,,,,,
2026-09-22,SMTC,no_data_for_date,,,,,,,,,
2026-09-22,SM,no_data_for_date,,,,,,,,,
2026-09-22,SNDR,no_data_for_date,,,,,,,,,
2026-09-22,SNEX,no_data_for_date,,,,,,,,,
2026-09-22,SNOW,no_data_for_date,,,,,,,,,
2026-09-22,SNX,no_data_for_date,,,,,,,,,
2026-09-22,SN,no_data_for_date,,,,,,,,,
2026-09-22,SOLS,no_data_for_date,,,,,,,,,
2026-09-22,SONO,no_data_for_date,,,,,,,,,
2026-09-22,SON,no_data_for_date,,,,,,,,,
2026-09-22,SPHR,no_data_for_date,,,,,,,,,
2026-09-22,SPNT,no_data_for_date,,,,,,,,,
2026-09-22,SPSC,no_data_for_date,,,,,,,,,
2026-09-22,SPXC,no_data_for_date,,,,,,,,,
2026-09-22,SPY,momentum_screen,,,,,,,,,
2026-09-22,SRPT,no_data_for_date,,,,,,,,,
2026-09-22,SR,no_data_for_date,,,,,,,,,
2026-09-22,SSB,no_data_for_date,,,,,,,,,
2026-09-22,SSD,no_data_for_date,,,,,,,,,
2026-09-22,STAA,no_data_for_date,,,,,,,,,
2026-09-22,STAG,no_data_for_date,,,,,,,,,
2026-09-22,STBA,no_data_for_date,,,,,,,,,
2026-09-22,STC,no_data_for_date,,,,,,,,,
2026-09-22,STEP,no_data_for_date,,,,,,,,,
2026-09-22,STIM,no_data_for_date,,,,,,,,,
2026-09-22,STLN,no_data_for_date,,,,,,,,,
2026-09-22,STRA,no_data_for_date,,,,,,,,,
2026-09-22,STRL,no_data_for_date,,,,,,,,,
2026-09-22,STWD,no_data_for_date,,,,,,,,,
2026-09-22,ST,no_data_for_date,,,,,,,,,
2026-09-22,SUI,no_data_for_date,,,,,,,,,
2026-09-22,SUPN,no_data_for_date,,,,,,,,,
2026-09-22,SWX,no_data_for_date,,,,,,,,,
2026-09-22,SXI,no_data_for_date,,,,,,,,,
2026-09-22,SXT,no_data_for_date,,,,,,,,,
2026-09-22,SYNA,no_data_for_date,,,,,,,,,
2026-09-22,TALO,no_data_for_date,,,,,,,,,
2026-09-22,TBBK,no_data_for_date,,,,,,,,,
2026-09-22,TCBI,no_data_for_date,,,,,,,,,
2026-09-22,TDC,no_data_for_date,,,,,,,,,
2026-09-22,TDS,no_data_for_date,,,,,,,,,
2026-09-22,TDW,no_data_for_date,,,,,,,,,
2026-09-22,TEAM,no_data_for_date,,,,,,,,,
2026-09-22,TEX,no_data_for_date,,,,,,,,,
2026-09-22,TFIN,no_data_for_date,,,,,,,,,
2026-09-22,TFX,no_data_for_date,,,,,,,,,
2026-09-22,TGTX,no_data_for_date,,,,,,,,,
2026-09-22,TGT,no_data_for_date,,,,,,,,,
2026-09-22,THC,no_data_for_date,,,,,,,,,
2026-09-22,THG,no_data_for_date,,,,,,,,,
2026-09-22,THO,no_data_for_date,,,,,,,,,
2026-09-22,THRM,no_data_for_date,,,,,,,,,
2026-09-22,TILE,no_data_for_date,,,,,,,,,
2026-09-22,TKR,no_data_for_date,,,,,,,,,
2026-09-22,TLN,no_data_for_date,,,,,,,,,
2026-09-22,TMDX,no_data_for_date,,,,,,,,,
2026-09-22,TMP,no_data_for_date,,,,,,,,,
2026-09-22,TNC,no_data_for_date,,,,,,,,,
2026-09-22,TNDM,no_data_for_date,,,,,,,,,
2026-09-22,TNL,no_data_for_date,,,,,,,,,
2026-09-22,TOL,no_data_for_date,,,,,,,,,
2026-09-22,TOST,no_data_for_date,,,,,,,,,
2026-09-22,TPC,no_data_for_date,,,,,,,,,
2026-09-22,TREX,no_data_for_date,,,,,,,,,
2026-09-22,TRIP,no_data_for_date,,,,,,,,,
2026-09-22,TRMK,no_data_for_date,,,,,,,,,
2026-09-22,TRNO,no_data_for_date,,,,,,,,,
2026-09-22,TRN,no_data_for_date,,,,,,,,,
2026-09-22,TRST,no_data_for_date,,,,,,,,,
2026-09-22,TRUP,no_data_for_date,,,,,,,,,
2026-09-22,TRU,no_data_for_date,,,,,,,,,
2026-09-22,TR,no_data_for_date,,,,,,,,,
2026-09-22,TTC,no_data_for_date,,,,,,,,,
2026-09-22,TTEK,no_data_for_date,,,,,,,,,
2026-09-22,TTMI,no_data_for_date,,,,,,,,,
2026-09-22,TVTX,no_data_for_date,,,,,,,,,
2026-09-22,TWLO,no_data_for_date,,,,,,,,,
2026-09-22,TWST,no_data_for_date,,,,,,,,,
2026-09-22,TXNM,no_data_for_date,,,,,,,,,
2026-09-22,TXRH,no_data_for_date,,,,,,,,,
2026-09-22,UAA,no_data_for_date,,,,,,,,,
2026-09-22,UA,no_data_for_date,,,,,,,,,
2026-09-22,UBSI,no_data_for_date,,,,,,,,,
2026-09-22,UCB,no_data_for_date,,,,,,,,,
2026-09-22,UCTT,no_data_for_date,,,,,,,,,
2026-09-22,UE,no_data_for_date,,,,,,,,,
2026-09-22,UFCS,no_data_for_date,,,,,,,,,
2026-09-22,UFPI,no_data_for_date,,,,,,,,,
2026-09-22,UFPT,no_data_for_date,,,,,,,,,
2026-09-22,UGI,no_data_for_date,,,,,,,,,
2026-09-22,ULS,no_data_for_date,,,,,,,,,
2026-09-22,UMBF,no_data_for_date,,,,,,,,,
2026-09-22,UNFI,no_data_for_date,,,,,,,,,
2026-09-22,UNF,no_data_for_date,,,,,,,,,
2026-09-22,UNIT,no_data_for_date,,,,,,,,,
2026-09-22,UNM,no_data_for_date,,,,,,,,,
2026-09-22,UPBD,no_data_for_date,,,,,,,,,
2026-09-22,UPWK,no_data_for_date,,,,,,,,,
2026-09-22,URBN,no_data_for_date,,,,,,,,,
2026-09-22,USFD,no_data_for_date,,,,,,,,,
2026-09-22,USLM,no_data_for_date,,,,,,,,,
2026-09-22,USPH,no_data_for_date,,,,,,,,,
2026-09-22,UTHR,no_data_for_date,,,,,,,,,
2026-09-22,UTI,no_data_for_date,,,,,,,,,
2026-09-22,UTL,no_data_for_date,,,,,,,,,
2026-09-22,UTZ,no_data_for_date,,,,,,,,,
2026-09-22,UVV,no_data_for_date,,,,,,,,,
2026-09-22,U,no_data_for_date,,,,,,,,,
2026-09-22,VAC,no_data_for_date,,,,,,,,,
2026-09-22,VAL,no_data_for_date,,,,,,,,,
2026-09-22,VCEL,no_data_for_date,,,,,,,,,
2026-09-22,VCTR,no_data_for_date,,,,,,,,,
2026-09-22,VCYT,no_data_for_date,,,,,,,,,
2026-09-22,VC,no_data_for_date,,,,,,,,,
2026-09-22,VECO,no_data_for_date,,,,,,,,,
2026-09-22,VEEV,no_data_for_date,,,,,,,,,
2026-09-22,VFC,no_data_for_date,,,,,,,,,
2026-09-22,VGNT,no_data_for_date,,,,,,,,,
2026-09-22,VIAV,no_data_for_date,,,,,,,,,
2026-09-22,VICR,no_data_for_date,,,,,,,,,
2026-09-22,VIRT,no_data_for_date,,,,,,,,,
2026-09-22,VIR,no_data_for_date,,,,,,,,,
2026-09-22,VLO,no_data_for_date,,,,,,,,,
2026-09-22,VLY,no_data_for_date,,,,,,,,,
2026-09-22,VMI,no_data_for_date,,,,,,,,,
2026-09-22,VNOM,no_data_for_date,,,,,,,,,
2026-09-22,VNO,no_data_for_date,,,,,,,,,
2026-09-22,VNT,no_data_for_date,,,,,,,,,
2026-09-22,VOYA,no_data_for_date,,,,,,,,,
2026-09-22,VRRM,no_data_for_date,,,,,,,,,
2026-09-22,VRTS,no_data_for_date,,,,,,,,,
2026-09-22,VSAT,no_data_for_date,,,,,,,,,
2026-09-22,VSEC,no_data_for_date,,,,,,,,,
2026-09-22,VSH,no_data_for_date,,,,,,,,,
2026-09-22,VSNT,no_data_for_date,,,,,,,,,
2026-09-22,VSTS,no_data_for_date,,,,,,,,,
2026-09-22,VSXY,no_data_for_date,,,,,,,,,
2026-09-22,VTOL,no_data_for_date,,,,,,,,,
2026-09-22,VVV,no_data_for_date,,,,,,,,,
2026-09-22,VVX,no_data_for_date,,,,,,,,,
2026-09-22,VYX,no_data_for_date,,,,,,,,,
2026-09-22,WABC,no_data_for_date,,,,,,,,,
2026-09-22,WAFD,no_data_for_date,,,,,,,,,
2026-09-22,WAL,no_data_for_date,,,,,,,,,
2026-09-22,WAY,no_data_for_date,,,,,,,,,
2026-09-22,WBS,no_data_for_date,,,,,,,,,
2026-09-22,WCC,no_data_for_date,,,,,,,,,
2026-09-22,WDFC,no_data_for_date,,,,,,,,,
2026-09-22,WD,no_data_for_date,,,,,,,,,
2026-09-22,WEN,no_data_for_date,,,,,,,,,
2026-09-22,WERN,no_data_for_date,,,,,,,,,
2026-09-22,WEX,no_data_for_date,,,,,,,,,
2026-09-22,WFRD,no_data_for_date,,,,,,,,,
2026-09-22,WGO,no_data_for_date,,,,,,,,,
2026-09-22,WHD,no_data_for_date,,,,,,,,,
2026-09-22,WHR,no_data_for_date,,,,,,,,,
2026-09-22,WH,no_data_for_date,,,,,,,,,
2026-09-22,WINA,no_data_for_date,,,,,,,,,
2026-09-22,WING,no_data_for_date,,,,,,,,,
2026-09-22,WKC,no_data_for_date,,,,,,,,,
2026-09-22,WLK,no_data_for_date,,,,,,,,,
2026-09-22,WLY,no_data_for_date,,,,,,,,,
2026-09-22,WMG,no_data_for_date,,,,,,,,,
2026-09-22,WMS,no_data_for_date,,,,,,,,,
2026-09-22,WOR,no_data_for_date,,,,,,,,,
2026-09-22,WPC,no_data_for_date,,,,,,,,,
2026-09-22,WRBY,no_data_for_date,,,,,,,,,
2026-09-22,WRLD,no_data_for_date,,,,,,,,,
2026-09-22,WSBC,no_data_for_date,,,,,,,,,
2026-09-22,WSC,no_data_for_date,,,,,,,,,
2026-09-22,WSFS,no_data_for_date,,,,,,,,,
2026-09-22,WSO,no_data_for_date,,,,,,,,,
2026-09-22,WS,no_data_for_date,,,,,,,,,
2026-09-22,WTFC,no_data_for_date,,,,,,,,,
2026-09-22,WTRG,no_data_for_date,,,,,,,,,
2026-09-22,WTS,no_data_for_date,,,,,,,,,
2026-09-22,WT,no_data_for_date,,,,,,,,,
2026-09-22,WU,no_data_for_date,,,,,,,,,
2026-09-22,WWD,no_data_for_date,,,,,,,,,
2026-09-22,WWW,no_data_for_date,,,,,,,,,
2026-09-22,XHR,no_data_for_date,,,,,,,,,
2026-09-22,XNCR,no_data_for_date,,,,,,,,,
2026-09-22,XPEL,no_data_for_date,,,,,,,,,
2026-09-22,XPO,no_data_for_date,,,,,,,,,
2026-09-22,XRAY,no_data_for_date,,,,,,,,,
2026-09-22,XRX,no_data_for_date,,,,,,,,,
2026-09-22,YELP,no_data_for_date,,,,,,,,,
2026-09-22,YETI,no_data_for_date,,,,,,,,,
2026-09-22,YOU,no_data_for_date,,,,,,,,,
2026-09-22,ZD,no_data_for_date,,,,,,,,,
2026-09-22,ZION,no_data_for_date,,,,,,,,,
2026-09-22,ZWS,no_data_for_date,,,,,,,,,
2026-09-23,AAL,no_data_for_date,,,,,,,,,
2026-09-23,AAMI,no_data_for_date,,,,,,,,,
2026-09-23,AAON,no_data_for_date,,,,,,,,,
2026-09-23,AAP,no_data_for_date,,,,,,,,,
2026-09-23,AAT,no_data_for_date,,,,,,,,,
2026-09-23,AA,no_data_for_date,,,,,,,,,
2026-09-23,ABCB,no_data_for_date,,,,,,,,,
2026-09-23,ABCL,no_data_for_date,,,,,,,,,
2026-09-23,ABG,no_data_for_date,,,,,,,,,
2026-09-23,ABM,no_data_for_date,,,,,,,,,
2026-09-23,ABR,no_data_for_date,,,,,,,,,
2026-09-23,ACAD,no_data_for_date,,,,,,,,,
2026-09-23,ACA,no_data_for_date,,,,,,,,,
2026-09-23,ACHC,no_data_for_date,,,,,,,,,
2026-09-23,ACIW,no_data_for_date,,,,,,,,,
2026-09-23,ACI,no_data_for_date,,,,,,,,,
2026-09-23,ACLS,no_data_for_date,,,,,,,,,
2026-09-23,ACMR,no_data_for_date,,,,,,,,,
2026-09-23,ACM,no_data_for_date,,,,,,,,,
2026-09-23,ACT,no_data_for_date,,,,,,,,,
2026-09-23,ADAM,no_data_for_date,,,,,,,,,
2026-09-23,ADC,no_data_for_date,,,,,,,,,
2026-09-23,ADEA,no_data_for_date,,,,,,,,,
2026-09-23,ADIG,no_data_for_date,,,,,,,,,
2026-09-23,ADMA,no_data_for_date,,,,,,,,,
2026-09-23,ADNT,no_data_for_date,,,,,,,,,
2026-09-23,ADP,momentum_screen,,,,,,,,,
2026-09-23,ADT,no_data_for_date,,,,,,,,,
2026-09-23,ADUS,no_data_for_date,,,,,,,,,
2026-09-23,AEIS,no_data_for_date,,,,,,,,,
2026-09-23,AEO,no_data_for_date,,,,,,,,,
2026-09-23,AESI,no_data_for_date,,,,,,,,,
2026-09-23,AFG,no_data_for_date,,,,,,,,,
2026-09-23,AGCO,no_data_for_date,,,,,,,,,
2026-09-23,AGEN,momentum_screen,,,,,,,,,
2026-09-23,AGNT,no_data_for_date,,,,,,,,,
2026-09-23,AGO,no_data_for_date,,,,,,,,,
2026-09-23,AGX,no_data_for_date,,,,,,,,,
2026-09-23,AGYS,no_data_for_date,,,,,,,,,
2026-09-23,AHCO,no_data_for_date,,,,,,,,,
2026-09-23,AHR,no_data_for_date,,,,,,,,,
2026-09-23,AIN,no_data_for_date,,,,,,,,,
2026-09-23,AIR,no_data_for_date,,,,,,,,,
2026-09-23,AIT,no_data_for_date,,,,,,,,,
2026-09-23,AKR,no_data_for_date,,,,,,,,,
2026-09-23,ALGM,no_data_for_date,,,,,,,,,
2026-09-23,ALGT,no_data_for_date,,,,,,,,,
2026-09-23,ALG,no_data_for_date,,,,,,,,,
2026-09-23,ALHC,no_data_for_date,,,,,,,,,
2026-09-23,ALKS,no_data_for_date,,,,,,,,,
2026-09-23,ALK,no_data_for_date,,,,,,,,,
2026-09-23,ALLY,no_data_for_date,,,,,,,,,
2026-09-23,ALRM,no_data_for_date,,,,,,,,,
2026-09-23,ALSN,no_data_for_date,,,,,,,,,
2026-09-23,ALV,no_data_for_date,,,,,,,,,
2026-09-23,AMC,no_data_for_date,,,,,,,,,
2026-09-23,AMG,no_data_for_date,,,,,,,,,
2026-09-23,AMH,no_data_for_date,,,,,,,,,
2026-09-23,AMKR,no_data_for_date,,,,,,,,,
2026-09-23,AMLX,no_data_for_date,,,,,,,,,
2026-09-23,AMN,no_data_for_date,,,,,,,,,
2026-09-23,AMPH,no_data_for_date,,,,,,,,,
2026-09-23,AMRX,no_data_for_date,,,,,,,,,
2026-09-23,AMR,no_data_for_date,,,,,,,,,
2026-09-23,AMSF,no_data_for_date,,,,,,,,,
2026-09-23,AMTM,no_data_for_date,,,,,,,,,
2026-09-23,AM,no_data_for_date,,,,,,,,,
2026-09-23,ANDE,no_data_for_date,,,,,,,,,
2026-09-23,ANF,no_data_for_date,,,,,,,,,
2026-09-23,ANIP,no_data_for_date,,,,,,,,,
2026-09-23,AN,no_data_for_date,,,,,,,,,
2026-09-23,AORT,no_data_for_date,,,,,,,,,
2026-09-23,AOSL,no_data_for_date,,,,,,,,,
2026-09-23,APAM,no_data_for_date,,,,,,,,,
2026-09-23,APG,no_data_for_date,,,,,,,,,
2026-09-23,APLE,no_data_for_date,,,,,,,,,
2026-09-23,APOG,no_data_for_date,,,,,,,,,
2026-09-23,APPF,no_data_for_date,,,,,,,,,
2026-09-23,APPS,no_data_for_date,,,,,,,,,
2026-09-23,ARCB,no_data_for_date,,,,,,,,,
2026-09-23,ARLO,no_data_for_date,,,,,,,,,
2026-09-23,ARMK,no_data_for_date,,,,,,,,,
2026-09-23,AROC,no_data_for_date,,,,,,,,,
2026-09-23,ARR,no_data_for_date,,,,,,,,,
2026-09-23,ARWR,no_data_for_date,,,,,,,,,
2026-09-23,ARW,no_data_for_date,,,,,,,,,
2026-09-23,AR,no_data_for_date,,,,,,,,,
2026-09-23,ASB,no_data_for_date,,,,,,,,,
2026-09-23,ASH,no_data_for_date,,,,,,,,,
2026-09-23,ASO,no_data_for_date,,,,,,,,,
2026-09-23,ASTE,no_data_for_date,,,,,,,,,
2026-09-23,ASTH,no_data_for_date,,,,,,,,,
2026-09-23,ATEN,no_data_for_date,,,,,,,,,
2026-09-23,ATI,no_data_for_date,,,,,,,,,
2026-09-23,ATMU,no_data_for_date,,,,,,,,,
2026-09-23,ATRC,no_data_for_date,,,,,,,,,
2026-09-23,ATR,no_data_for_date,,,,,,,,,
2026-09-23,AUB,no_data_for_date,,,,,,,,,
2026-09-23,AVAH,no_data_for_date,,,,,,,,,
2026-09-23,AVAV,no_data_for_date,,,,,,,,,
2026-09-23,AVA,no_data_for_date,,,,,,,,,
2026-09-23,AVNT,no_data_for_date,,,,,,,,,
2026-09-23,AVTR,no_data_for_date,,,,,,,,,
2026-09-23,AVT,no_data_for_date,,,,,,,,,
2026-09-23,AWI,no_data_for_date,,,,,,,,,
2026-09-23,AWR,no_data_for_date,,,,,,,,,
2026-09-23,AXTA,no_data_for_date,,,,,,,,,
2026-09-23,AX,no_data_for_date,,,,,,,,,
2026-09-23,AYI,no_data_for_date,,,,,,,,,
2026-09-23,AZTA,no_data_for_date,,,,,,,,,
2026-09-23,AZZ,no_data_for_date,,,,,,,,,
2026-09-23,BAH,no_data_for_date,,,,,,,,,
2026-09-23,BANC,no_data_for_date,,,,,,,,,
2026-09-23,BANF,no_data_for_date,,,,,,,,,
2026-09-23,BANR,no_data_for_date,,,,,,,,,
2026-09-23,BBT,no_data_for_date,,,,,,,,,
2026-09-23,BBWI,no_data_for_date,,,,,,,,,
2026-09-23,BCC,no_data_for_date,,,,,,,,,
2026-09-23,BCO,no_data_for_date,,,,,,,,,
2026-09-23,BCPC,no_data_for_date,,,,,,,,,
2026-09-23,BC,no_data_for_date,,,,,,,,,
2026-09-23,BDC,no_data_for_date,,,,,,,,,
2026-09-23,BFAM,no_data_for_date,,,,,,,,,
2026-09-23,BFH,no_data_for_date,,,,,,,,,
2026-09-23,BFLY,no_data_for_date,,,,,,,,,
2026-09-23,BFS,no_data_for_date,,,,,,,,,
2026-09-23,BGC,no_data_for_date,,,,,,,,,
2026-09-23,BHE,no_data_for_date,,,,,,,,,
2026-09-23,BHF,no_data_for_date,,,,,,,,,
2026-09-23,BILL,no_data_for_date,,,,,,,,,
2026-09-23,BIO,no_data_for_date,,,,,,,,,
2026-09-23,BJRI,no_data_for_date,,,,,,,,,
2026-09-23,BJ,no_data_for_date,,,,,,,,,
2026-09-23,BKE,no_data_for_date,,,,,,,,,
2026-09-23,BKH,no_data_for_date,,,,,,,,,
2026-09-23,BKU,no_data_for_date,,,,,,,,,
2026-09-23,BLFS,no_data_for_date,,,,,,,,,
2026-09-23,BLKB,no_data_for_date,,,,,,,,,
2026-09-23,BL,no_data_for_date,,,,,,,,,
2026-09-23,BMI,no_data_for_date,,,,,,,,,
2026-09-23,BMRN,no_data_for_date,,,,,,,,,
2026-09-23,BNL,no_data_for_date,,,,,,,,,
2026-09-23,BOH,no_data_for_date,,,,,,,,,
2026-09-23,BOOT,no_data_for_date,,,,,,,,,
2026-09-23,BOX,no_data_for_date,,,,,,,,,
2026-09-23,BRC,no_data_for_date,,,,,,,,,
2026-09-23,BRKR,no_data_for_date,,,,,,,,,
2026-09-23,BROS,no_data_for_date,,,,,,,,,
2026-09-23,BRX,no_data_for_date,,,,,,,,,
2026-09-23,BSY,no_data_for_date,,,,,,,,,
2026-09-23,BTSG,no_data_for_date,,,,,,,,,
2026-09-23,BTU,no_data_for_date,,,,,,,,,
2026-09-23,BURL,no_data_for_date,,,,,,,,,
2026-09-23,BWA,no_data_for_date,,,,,,,,,
2026-09-23,BWXT,no_data_for_date,,,,,,,,,
2026-09-23,BXMT,no_data_for_date,,,,,,,,,
2026-09-23,BYD,no_data_for_date,,,,,,,,,
2026-09-23,CACC,no_data_for_date,,,,,,,,,
2026-09-23,CACI,no_data_for_date,,,,,,,,,
2026-09-23,CAG,no_data_for_date,,,,,,,,,
2026-09-23,CAKE,no_data_for_date,,,,,,,,,
2026-09-23,CALM,no_data_for_date,,,,,,,,,
2026-09-23,CALX,no_data_for_date,,,,,,,,,
2026-09-23,CALY,no_data_for_date,,,,,,,,,
2026-09-23,CARG,no_data_for_date,,,,,,,,,
2026-09-23,CART,no_data_for_date,,,,,,,,,
2026-09-23,CAR,no_data_for_date,,,,,,,,,
2026-09-23,CASH,no_data_for_date,,,,,,,,,
2026-09-23,CATY,no_data_for_date,,,,,,,,,
2026-09-23,CAVA,no_data_for_date,,,,,,,,,
2026-09-23,CBRL,no_data_for_date,,,,,,,,,
2026-09-23,CBSH,no_data_for_date,,,,,,,,,
2026-09-23,CBT,no_data_for_date,,,,,,,,,
2026-09-23,CBU,no_data_for_date,,,,,,,,,
2026-09-23,CBZ,no_data_for_date,,,,,,,,,
2026-09-23,CCK,no_data_for_date,,,,,,,,,
2026-09-23,CCOI,no_data_for_date,,,,,,,,,
2026-09-23,CCS,no_data_for_date,,,,,,,,,
2026-09-23,CC,no_data_for_date,,,,,,,,,
2026-09-23,CDE,no_data_for_date,,,,,,,,,
2026-09-23,CDNA,no_data_for_date,,,,,,,,,
2026-09-23,CDP,no_data_for_date,,,,,,,,,
2026-09-23,CELH,no_data_for_date,,,,,,,,,
2026-09-23,CENTA,no_data_for_date,,,,,,,,,
2026-09-23,CENT,no_data_for_date,,,,,,,,,
2026-09-23,CENX,no_data_for_date,,,,,,,,,
2026-09-23,CERT,no_data_for_date,,,,,,,,,
2026-09-23,CE,no_data_for_date,,,,,,,,,
2026-09-23,CFFN,no_data_for_date,,,,,,,,,
2026-09-23,CFR,no_data_for_date,,,,,,,,,
2026-09-23,CGNX,no_data_for_date,,,,,,,,,
2026-09-23,CG,no_data_for_date,,,,,,,,,
2026-09-23,CHCO,no_data_for_date,,,,,,,,,
2026-09-23,CHDN,no_data_for_date,,,,,,,,,
2026-09-23,CHEF,no_data_for_date,,,,,,,,,
2026-09-23,CHE,no_data_for_date,,,,,,,,,
2026-09-23,CHH,no_data_for_date,,,,,,,,,
2026-09-23,CHRD,no_data_for_date,,,,,,,,,
2026-09-23,CHWY,no_data_for_date,,,,,,,,,
2026-09-23,CLBK,no_50ma_touch,,,,,,,,,
2026-09-23,CLF,no_data_for_date,,,,,,,,,
2026-09-23,CLH,no_data_for_date,,,,,,,,,
2026-09-23,CLMT,no_data_for_date,,,,,,,,,
2026-09-23,CLOV,no_data_for_date,,,,,,,,,
2026-09-23,CLSK,no_data_for_date,,,,,,,,,
2026-09-23,CMC,no_data_for_date,,,,,,,,,
2026-09-23,CNH,no_data_for_date,,,,,,,,,
2026-09-23,CNK,no_data_for_date,,,,,,,,,
2026-09-23,CNMD,no_data_for_date,,,,,,,,,
2026-09-23,CNM,no_data_for_date,,,,,,,,,
2026-09-23,CNO,no_data_for_date,,,,,,,,,
2026-09-23,CNR,no_data_for_date,,,,,,,,,
2026-09-23,CNS,no_data_for_date,,,,,,,,,
2026-09-23,CNXC,no_data_for_date,,,,,,,,,
2026-09-23,CNXN,no_data_for_date,,,,,,,,,
2026-09-23,CNX,no_data_for_date,,,,,,,,,
2026-09-23,COCO,no_data_for_date,,,,,,,,,
2026-09-23,COHU,no_data_for_date,,,,,,,,,
2026-09-23,COKE,no_data_for_date,,,,,,,,,
2026-09-23,COLB,no_data_for_date,,,,,,,,,
2026-09-23,COLL,no_data_for_date,,,,,,,,,
2026-09-23,COLM,no_data_for_date,,,,,,,,,
2026-09-23,CON,no_data_for_date,,,,,,,,,
2026-09-23,CORT,no_data_for_date,,,,,,,,,
2026-09-23,COTY,no_data_for_date,,,,,,,,,
2026-09-23,CPB,no_data_for_date,,,,,,,,,
2026-09-23,CPF,no_data_for_date,,,,,,,,,
2026-09-23,CPK,no_data_for_date,,,,,,,,,
2026-09-23,CPRI,no_data_for_date,,,,,,,,,
2026-09-23,CRBG,no_data_for_date,,,,,,,,,
2026-09-23,CRC,no_data_for_date,,,,,,,,,
2026-09-23,CRGY,no_data_for_date,,,,,,,,,
2026-09-23,CRI,no_data_for_date,,,,,,,,,
2026-09-23,CRK,no_data_for_date,,,,,,,,,
2026-09-23,CROX,no_data_for_date,,,,,,,,,
2026-09-23,CRSR,no_data_for_date,,,,,,,,,
2026-09-23,CRS,no_data_for_date,,,,,,,,,
2026-09-23,CRUS,no_data_for_date,,,,,,,,,
2026-09-23,CRVL,no_data_for_date,,,,,,,,,
2026-09-23,CRWD,no_data_for_date,,,,,,,,,
2026-09-23,CR,no_data_for_date,,,,,,,,,
2026-09-23,CSL,no_data_for_date,,,,,,,,,
2026-09-23,CSR,no_data_for_date,,,,,,,,,
2026-09-23,CSW,no_data_for_date,,,,,,,,,
2026-09-23,CTRE,no_data_for_date,,,,,,,,,
2026-09-23,CTS,no_data_for_date,,,,,,,,,
2026-09-23,CUBE,no_data_for_date,,,,,,,,,
2026-09-23,CUBI,no_data_for_date,,,,,,,,,
2026-09-23,CURB,no_data_for_date,,,,,,,,,
2026-09-23,CUZ,no_data_for_date,,,,,,,,,
2026-09-23,CVBF,no_data_for_date,,,,,,,,,
2026-09-23,CVCO,no_data_for_date,,,,,,,,,
2026-09-23,CVI,no_data_for_date,,,,,,,,,
2026-09-23,CVLT,no_data_for_date,,,,,,,,,
2026-09-23,CVSA,no_data_for_date,,,,,,,,,
2026-09-23,CWEN,no_data_for_date,,,,,,,,,
2026-09-23,CWK,no_data_for_date,,,,,,,,,
2026-09-23,CWST,no_data_for_date,,,,,,,,,
2026-09-23,CWT,no_data_for_date,,,,,,,,,
2026-09-23,CW,no_data_for_date,,,,,,,,,
2026-09-23,CXM,no_data_for_date,,,,,,,,,
2026-09-23,CXT,no_data_for_date,,,,,,,,,
2026-09-23,CXW,no_data_for_date,,,,,,,,,
2026-09-23,CYTK,no_data_for_date,,,,,,,,,
2026-09-23,CZR,no_data_for_date,,,,,,,,,
2026-09-23,DAN,no_data_for_date,,,,,,,,,
2026-09-23,DAR,no_data_for_date,,,,,,,,,
2026-09-23,DAVE,no_data_for_date,,,,,,,,,
2026-09-23,DBD,no_data_for_date,,,,,,,,,
2026-09-23,DBX,no_data_for_date,,,,,,,,,
2026-09-23,DCH,no_data_for_date,,,,,,,,,
2026-09-23,DCI,no_data_for_date,,,,,,,,,
2026-09-23,DCOM,no_data_for_date,,,,,,,,,
2026-09-23,DEA,no_data_for_date,,,,,,,,,
2026-09-23,DEI,no_data_for_date,,,,,,,,,
2026-09-23,DELL,no_data_for_date,,,,,,,,,
2026-09-23,DFH,no_data_for_date,,,,,,,,,
2026-09-23,DFIN,no_data_for_date,,,,,,,,,
2026-09-23,DGII,no_data_for_date,,,,,,,,,
2026-09-23,DINO,no_data_for_date,,,,,,,,,
2026-09-23,DIOD,no_data_for_date,,,,,,,,,
2026-09-23,DKS,no_data_for_date,,,,,,,,,
2026-09-23,DK,no_data_for_date,,,,,,,,,
2026-09-23,DLB,no_data_for_date,,,,,,,,,
2026-09-23,DLX,no_data_for_date,,,,,,,,,
2026-09-23,DMC,no_data_for_date,,,,,,,,,
2026-09-23,DNOW,no_data_for_date,,,,,,,,,
2026-09-23,DOCN,no_data_for_date,,,,,,,,,
2026-09-23,DOCS,no_data_for_date,,,,,,,,,
2026-09-23,DOCU,no_data_for_date,,,,,,,,,
2026-09-23,DORM,no_data_for_date,,,,,,,,,
2026-09-23,DRH,no_data_for_date,,,,,,,,,
2026-09-23,DTM,no_data_for_date,,,,,,,,,
2026-09-23,DT,no_data_for_date,,,,,,,,,
2026-09-23,DUOL,no_data_for_date,,,,,,,,,
2026-09-23,DV,no_data_for_date,,,,,,,,,
2026-09-23,DXC,no_data_for_date,,,,,,,,,
2026-09-23,DXPE,no_data_for_date,,,,,,,,,
2026-09-23,DY,no_data_for_date,,,,,,,,,
2026-09-23,EAT,no_data_for_date,,,,,,,,,
2026-09-23,EBC,no_data_for_date,,,,,,,,,
2026-09-23,ECG,no_data_for_date,,,,,,,,,
2026-09-23,ECO,no_data_for_date,,,,,,,,,
2026-09-23,ECPG,no_data_for_date,,,,,,,,,
2026-09-23,EEFT,no_data_for_date,,,,,,,,,
2026-09-23,EFC,no_data_for_date,,,,,,,,,
2026-09-23,EFOR,no_data_for_date,,,,,,,,,
2026-09-23,EGBN,no_data_for_date,,,,,,,,,
2026-09-23,EGP,no_data_for_date,,,,,,,,,
2026-09-23,EHC,no_data_for_date,,,,,,,,,
2026-09-23,EIG,no_data_for_date,,,,,,,,,
2026-09-23,ELAN,no_data_for_date,,,,,,,,,
2026-09-23,ELF,no_data_for_date,,,,,,,,,
2026-09-23,ELS,no_data_for_date,,,,,,,,,
2026-09-23,EMN,no_data_for_date,,,,,,,,,
2026-09-23,ENOV,no_data_for_date,,,,,,,,,
2026-09-23,ENPH,no_data_for_date,,,,,,,,,
2026-09-23,ENR,no_data_for_date,,,,,,,,,
2026-09-23,ENSG,no_data_for_date,,,,,,,,,
2026-09-23,ENS,no_data_for_date,,,,,,,,,
2026-09-23,ENTG,no_data_for_date,,,,,,,,,
2026-09-23,ENVA,no_data_for_date,,,,,,,,,
2026-09-23,EPAC,no_data_for_date,,,,,,,,,
2026-09-23,EPAM,no_data_for_date,,,,,,,,,
2026-09-23,EPC,no_data_for_date,,,,,,,,,
2026-09-23,EPRT,no_data_for_date,,,,,,,,,
2026-09-23,EPR,no_data_for_date,,,,,,,,,
2026-09-23,EQH,no_data_for_date,,,,,,,,,
2026-09-23,ESAB,no_data_for_date,,,,,,,,,
2026-09-23,ESE,no_data_for_date,,,,,,,,,
2026-09-23,ESI,no_data_for_date,,,,,,,,,
2026-09-23,ESNT,no_data_for_date,,,,,,,,,
2026-09-23,ETSY,no_data_for_date,,,,,,,,,
2026-09-23,EVR,no_data_for_date,,,,,,,,,
2026-09-23,EVTC,no_data_for_date,,,,,,,,,
2026-09-23,EWBC,no_data_for_date,,,,,,,,,
2026-09-23,EXEL,no_data_for_date,,,,,,,,,
2026-09-23,EXLS,no_data_for_date,,,,,,,,,
2026-09-23,EXPO,no_data_for_date,,,,,,,,,
2026-09-23,EXP,no_data_for_date,,,,,,,,,
2026-09-23,EXTR,no_data_for_date,,,,,,,,,
2026-09-23,EYE,no_data_for_date,,,,,,,,,
2026-09-23,EZPW,no_data_for_date,,,,,,,,,
2026-09-23,FAF,no_data_for_date,,,,,,,,,
2026-09-23,FA,no_data_for_date,,,,,,,,,
2026-09-23,FBIN,no_data_for_date,,,,,,,,,
2026-09-23,FBK,no_data_for_date,,,,,,,,,
2026-09-23,FBNC,no_data_for_date,,,,,,,,,
2026-09-23,FBP,no_data_for_date,,,,,,,,,
2026-09-23,FBRT,no_data_for_date,,,,,,,,,
2026-09-23,FCFS,no_data_for_date,,,,,,,,,
2026-09-23,FCF,no_data_for_date,,,,,,,,,
2026-09-23,FCN,no_data_for_date,,,,,,,,,
2026-09-23,FCPT,no_data_for_date,,,,,,,,,
2026-09-23,FELE,no_data_for_date,,,,,,,,,
2026-09-23,FFBC,no_data_for_date,,,,,,,,,
2026-09-23,FFIN,no_data_for_date,,,,,,,,,
2026-09-23,FG,no_data_for_date,,,,,,,,,
2026-09-23,FHB,no_data_for_date,,,,,,,,,
2026-09-23,FHI,no_data_for_date,,,,,,,,,
2026-09-23,FHN,no_data_for_date,,,,,,,,,
2026-09-23,FIBK,no_data_for_date,,,,,,,,,
2026-09-23,FIVE,no_data_for_date,,,,,,,,,
2026-09-23,FIVN,no_data_for_date,,,,,,,,,
2026-09-23,FIZZ,no_data_for_date,,,,,,,,,
2026-09-23,FLG,no_data_for_date,,,,,,,,,
2026-09-23,FLO,no_data_for_date,,,,,,,,,
2026-09-23,FLR,no_data_for_date,,,,,,,,,
2026-09-23,FLS,no_data_for_date,,,,,,,,,
2026-09-23,FMC,no_data_for_date,,,,,,,,,
2026-09-23,FNB,no_data_for_date,,,,,,,,,
2026-09-23,FND,no_data_for_date,,,,,,,,,
2026-09-23,FNF,no_data_for_date,,,,,,,,,
2026-09-23,FN,no_data_for_date,,,,,,,,,
2026-09-23,FORM,no_data_for_date,,,,,,,,,
2026-09-23,FOUR,no_data_for_date,,,,,,,,,
2026-09-23,FOXF,no_data_for_date,,,,,,,,,
2026-09-23,FROG,no_data_for_date,,,,,,,,,
2026-09-23,FRPT,no_data_for_date,,,,,,,,,
2026-09-23,FR,no_data_for_date,,,,,,,,,
2026-09-23,FSS,no_data_for_date,,,,,,,,,
2026-09-23,FTDR,no_data_for_date,,,,,,,,,
2026-09-23,FTI,no_data_for_date,,,,,,,,,
2026-09-23,FTNT,no_data_for_date,,,,,,,,,
2026-09-23,FTRE,no_data_for_date,,,,,,,,,
2026-09-23,FULT,no_data_for_date,,,,,,,,,
2026-09-23,FUL,no_data_for_date,,,,,,,,,
2026-09-23,FUN,no_data_for_date,,,,,,,,,
2026-09-23,GAP,no_data_for_date,,,,,,,,,
2026-09-23,GATX,no_data_for_date,,,,,,,,,
2026-09-23,GBCI,no_data_for_date,,,,,,,,,
2026-09-23,GBTG,no_data_for_date,,,,,,,,,
2026-09-23,GBX,no_data_for_date,,,,,,,,,
2026-09-23,GEF,no_data_for_date,,,,,,,,,
2026-09-23,GEO,no_data_for_date,,,,,,,,,
2026-09-23,GFF,no_data_for_date,,,,,,,,,
2026-09-23,GGG,no_data_for_date,,,,,,,,,
2026-09-23,GHC,no_data_for_date,,,,,,,,,
2026-09-23,GH,no_data_for_date,,,,,,,,,
2026-09-23,GIII,no_data_for_date,,,,,,,,,
2026-09-23,GKOS,no_data_for_date,,,,,,,,,
2026-09-23,GLPI,no_data_for_date,,,,,,,,,
2026-09-23,GMED,no_data_for_date,,,,,,,,,
2026-09-23,GME,no_data_for_date,,,,,,,,,
2026-09-23,GNL,no_data_for_date,,,,,,,,,
2026-09-23,GNTX,no_data_for_date,,,,,,,,,
2026-09-23,GNW,no_data_for_date,,,,,,,,,
2026-09-23,GOLF,no_data_for_date,,,,,,,,,
2026-09-23,GO,no_data_for_date,,,,,,,,,
2026-09-23,GPI,no_data_for_date,,,,,,,,,
2026-09-23,GPK,no_data_for_date,,,,,,,,,
2026-09-23,GPOR,no_data_for_date,,,,,,,,,
2026-09-23,GRBK,no_data_for_date,,,,,,,,,
2026-09-23,GSHD,no_data_for_date,,,,,,,,,
2026-09-23,GTES,no_data_for_date,,,,,,,,,
2026-09-23,GTLB,no_data_for_date,,,,,,,,,
2026-09-23,GTM,no_data_for_date,,,,,,,,,
2026-09-23,GTY,no_data_for_date,,,,,,,,,
2026-09-23,GT,no_data_for_date,,,,,,,,,
2026-09-23,GVA,no_data_for_date,,,,,,,,,
2026-09-23,GWRE,no_data_for_date,,,,,,,,,
2026-09-23,GXO,no_data_for_date,,,,,,,,,
2026-09-23,G,no_data_for_date,,,,,,,,,
2026-09-23,HAE,no_data_for_date,,,,,,,,,
2026-09-23,HAFC,no_data_for_date,,,,,,,,,
2026-09-23,HALO,no_data_for_date,,,,,,,,,
2026-09-23,HASI,no_data_for_date,,,,,,,,,
2026-09-23,HAYW,no_data_for_date,,,,,,,,,
2026-09-23,HCC,no_data_for_date,,,,,,,,,
2026-09-23,HCI,no_data_for_date,,,,,,,,,
2026-09-23,HCSG,no_data_for_date,,,,,,,,,
2026-09-23,HE,no_data_for_date,,,,,,,,,
2026-09-23,HFWA,no_data_for_date,,,,,,,,,
2026-09-23,HGV,no_data_for_date,,,,,,,,,
2026-09-23,HIMS,no_data_for_date,,,,,,,,,
2026-09-23,HIW,no_data_for_date,,,,,,,,,
2026-09-23,HLIT,no_data_for_date,,,,,,,,,
2026-09-23,HLI,no_data_for_date,,,,,,,,,
2026-09-23,HLNE,no_data_for_date,,,,,,,,,
2026-09-23,HLX,no_data_for_date,,,,,,,,,
2026-09-23,HL,no_data_for_date,,,,,,,,,
2026-09-23,HMN,no_data_for_date,,,,,,,,,
2026-09-23,HNGE,no_data_for_date,,,,,,,,,
2026-09-23,HNI,no_data_for_date,,,,,,,,,
2026-09-23,HOG,no_data_for_date,,,,,,,,,
2026-09-23,HOMB,no_data_for_date,,,,,,,,,
2026-09-23,HOPE,no_data_for_date,,,,,,,,,
2026-09-23,HPE,no_data_for_date,,,,,,,,,
2026-09-23,HPQ,no_data_for_date,,,,,,,,,
2026-09-23,HP,no_data_for_date,,,,,,,,,
2026-09-23,HQY,no_data_for_date,,,,,,,,,
2026-09-23,HRB,no_data_for_date,,,,,,,,,
2026-09-23,HRMY,no_data_for_date,,,,,,,,,
2026-09-23,HR,no_data_for_date,,,,,,,,,
2026-09-23,HSTM,no_data_for_date,,,,,,,,,
2026-09-23,HTH,no_data_for_date,,,,,,,,,
2026-09-23,HTLD,no_data_for_date,,,,,,,,,
2026-09-23,HTO,no_data_for_date,,,,,,,,,
2026-09-23,HUBG,no_data_for_date,,,,,,,,,
2026-09-23,HWC,no_data_for_date,,,,,,,,,
2026-09-23,HWKN,no_data_for_date,,,,,,,,,
2026-09-23,HXL,no_data_for_date,,,,,,,,,
2026-09-23,HZO,no_data_for_date,,,,,,,,,
2026-09-23,H,no_data_for_date,,,,,,,,,
2026-09-23,IART,no_data_for_date,,,,,,,,,
2026-09-23,IBOC,no_data_for_date,,,,,,,,,
2026-09-23,IBP,no_data_for_date,,,,,,,,,
2026-09-23,ICHR,no_data_for_date,,,,,,,,,
2026-09-23,ICUI,no_data_for_date,,,,,,,,,
2026-09-23,IDA,no_data_for_date,,,,,,,,,
2026-09-23,IDCC,no_data_for_date,,,,,,,,,
2026-09-23,IESC,no_data_for_date,,,,,,,,,
2026-09-23,IIPR,no_data_for_date,,,,,,,,,
2026-09-23,ILMN,no_data_for_date,,,,,,,,,
2026-09-23,INDB,no_data_for_date,,,,,,,,,
2026-09-23,INDV,no_data_for_date,,,,,,,,,
2026-09-23,INGR,no_data_for_date,,,,,,,,,
2026-09-23,INSP,no_data_for_date,,,,,,,,,
2026-09-23,INSW,no_data_for_date,,,,,,,,,
2026-09-23,INVA,no_data_for_date,,,,,,,,,
2026-09-23,INVX,no_data_for_date,,,,,,,,,
2026-09-23,IOSP,no_data_for_date,,,,,,,,,
2026-09-23,IOVA,no_data_for_date,,,,,,,,,
2026-09-23,IPAR,no_data_for_date,,,,,,,,,
2026-09-23,IPGP,no_data_for_date,,,,,,,,,
2026-09-23,IRDM,no_data_for_date,,,,,,,,,
2026-09-23,IRT,no_data_for_date,,,,,,,,,
2026-09-23,ITGR,no_data_for_date,,,,,,,,,
2026-09-23,ITRI,no_data_for_date,,,,,,,,,
2026-09-23,ITT,no_data_for_date,,,,,,,,,
2026-09-23,IVT,no_data_for_date,,,,,,,,,
2026-09-23,JAZZ,no_data_for_date,,,,,,,,,
2026-09-23,JBGS,no_data_for_date,,,,,,,,,
2026-09-23,JBLU,no_data_for_date,,,,,,,,,
2026-09-23,JBSS,no_data_for_date,,,,,,,,,
2026-09-23,JBTM,no_data_for_date,,,,,,,,,
2026-09-23,JEF,no_data_for_date,,,,,,,,,
2026-09-23,JJSF,no_data_for_date,,,,,,,,,
2026-09-23,JLL,no_data_for_date,,,,,,,,,
2026-09-23,JOE,no_data_for_date,,,,,,,,,
2026-09-23,JXN,no_data_for_date,,,,,,,,,
2026-09-23,KAI,no_data_for_date,,,,,,,,,
2026-09-23,KALU,no_data_for_date,,,,,,,,,
2026-09-23,KBH,no_data_for_date,,,,,,,,,
2026-09-23,KBR,no_data_for_date,,,,,,,,,
2026-09-23,KD,no_data_for_date,,,,,,,,,
2026-09-23,KEX,no_data_for_date,,,,,,,,,
2026-09-23,KFY,no_data_for_date,,,,,,,,,
2026-09-23,KGS,no_data_for_date,,,,,,,,,
2026-09-23,KLIC,no_data_for_date,,,,,,,,,
2026-09-23,KMPR,no_data_for_date,,,,,,,,,
2026-09-23,KMT,no_data_for_date,,,,,,,,,
2026-09-23,KMX,no_data_for_date,,,,,,,,,
2026-09-23,KNF,no_data_for_date,,,,,,,,,
2026-09-23,KNSL,no_data_for_date,,,,,,,,,
2026-09-23,KNTK,no_data_for_date,,,,,,,,,
2026-09-23,KNX,no_data_for_date,,,,,,,,,
2026-09-23,KN,no_data_for_date,,,,,,,,,
2026-09-23,KOP,no_data_for_date,,,,,,,,,
2026-09-23,KRC,no_data_for_date,,,,,,,,,
2026-09-23,KRG,no_data_for_date,,,,,,,,,
2026-09-23,KRMN,no_data_for_date,,,,,,,,,
2026-09-23,KRYS,no_data_for_date,,,,,,,,,
2026-09-23,KSS,no_data_for_date,,,,,,,,,
2026-09-23,KTB,no_data_for_date,,,,,,,,,
2026-09-23,KTOS,no_data_for_date,,,,,,,,,
2026-09-23,KWR,no_data_for_date,,,,,,,,,
2026-09-23,LAD,no_data_for_date,,,,,,,,,
2026-09-23,LAMR,no_data_for_date,,,,,,,,,
2026-09-23,LAUR,no_data_for_date,,,,,,,,,
2026-09-23,LAZ,no_data_for_date,,,,,,,,,
2026-09-23,LBRT,no_data_for_date,,,,,,,,,
2026-09-23,LCII,no_data_for_date,,,,,,,,,
2026-09-23,LEA,no_data_for_date,,,,,,,,,
2026-09-23,LECO,no_data_for_date,,,,,,,,,
2026-09-23,LEG,no_data_for_date,,,,,,,,,
2026-09-23,LEU,no_data_for_date,,,,,,,,,
2026-09-23,LFST,no_data_for_date,,,,,,,,,
2026-09-23,LFUS,no_data_for_date,,,,,,,,,
2026-09-23,LGIH,no_data_for_date,,,,,,,,,
2026-09-23,LGND,no_data_for_date,,,,,,,,,
2026-09-23,LIF,no_data_for_date,,,,,,,,,
2026-09-23,LIVN,no_data_for_date,,,,,,,,,
2026-09-23,LKFN,no_data_for_date,,,,,,,,,
2026-09-23,LKQ,no_data_for_date,,,,,,,,,
2026-09-23,LMAT,no_data_for_date,,,,,,,,,
2026-09-23,LNC,no_data_for_date,,,,,,,,,
2026-09-23,LNN,no_data_for_date,,,,,,,,,
2026-09-23,LNTH,no_data_for_date,,,,,,,,,
2026-09-23,LOPE,no_data_for_date,,,,,,,,,
2026-09-23,LPG,no_data_for_date,,,,,,,,,
2026-09-23,LPX,no_data_for_date,,,,,,,,,
2026-09-23,LQDA,no_data_for_date,,,,,,,,,
2026-09-23,LQDT,no_data_for_date,,,,,,,,,
2026-09-23,LRN,no_data_for_date,,,,,,,,,
2026-09-23,LSCC,no_data_for_date,,,,,,,,,
2026-09-23,LSTR,no_data_for_date,,,,,,,,,
2026-09-23,LTC,no_data_for_date,,,,,,,,,
2026-09-23,LTH,no_data_for_date,,,,,,,,,
2026-09-23,LUMN,no_data_for_date,,,,,,,,,
2026-09-23,LW,no_data_for_date,,,,,,,,,
2026-09-23,LXP,no_data_for_date,,,,,,,,,
2026-09-23,LYFT,no_data_for_date,,,,,,,,,
2026-09-23,LZB,no_data_for_date,,,,,,,,,
2026-09-23,LZ,no_data_for_date,,,,,,,,,
2026-09-23,MAC,no_data_for_date,,,,,,,,,
2026-09-23,MANH,no_data_for_date,,,,,,,,,
2026-09-23,MAN,no_data_for_date,,,,,,,,,
2026-09-23,MARA,no_data_for_date,,,,,,,,,
2026-09-23,MATW,no_data_for_date,,,,,,,,,
2026-09-23,MATX,no_data_for_date,,,,,,,,,
2026-09-23,MAT,no_data_for_date,,,,,,,,,
2026-09-23,MBC,no_data_for_date,,,,,,,,,
2026-09-23,MBGL,no_data_for_date,,,,,,,,,
2026-09-23,MBIN,no_data_for_date,,,,,,,,,
2026-09-23,MCRI,no_data_for_date,,,,,,,,,
2026-09-23,MCY,no_data_for_date,,,,,,,,,
2026-09-23,MC,no_data_for_date,,,,,,,,,
2026-09-23,MDU,no_data_for_date,,,,,,,,,
2026-09-23,MD,no_data_for_date,,,,,,,,,
2026-09-23,MEDP,no_data_for_date,,,,,,,,,
2026-09-23,MFP,no_data_for_date,,,,,,,,,
2026-09-23,MGEE,no_data_for_date,,,,,,,,,
2026-09-23,MGNI,no_data_for_date,,,,,,,,,
2026-09-23,MGY,no_data_for_date,,,,,,,,,
2026-09-23,MHK,no_data_for_date,,,,,,,,,
2026-09-23,MHO,no_data_for_date,,,,,,,,,
2026-09-23,MIDD,no_data_for_date,,,,,,,,,
2026-09-23,MIR,no_data_for_date,,,,,,,,,
2026-09-23,MKSI,no_data_for_date,,,,,,,,,
2026-09-23,MKTX,no_data_for_date,,,,,,,,,
2026-09-23,MLI,no_data_for_date,,,,,,,,,
2026-09-23,MLKN,no_data_for_date,,,,,,,,,
2026-09-23,MMI,no_data_for_date,,,,,,,,,
2026-09-23,MMSI,no_data_for_date,,,,,,,,,
2026-09-23,MMS,no_data_for_date,,,,,,,,,
2026-09-23,MNOV,no_data_for_date,,,,,,,,,
2026-09-23,MOG-A,no_data_for_date,,,,,,,,,
2026-09-23,MOH,no_data_for_date,,,,,,,,,
2026-09-23,MORN,no_data_for_date,,,,,,,,,
2026-09-23,MPC,no_data_for_date,,,,,,,,,
2026-09-23,MPT,no_data_for_date,,,,,,,,,
2026-09-23,MP,no_data_for_date,,,,,,,,,
2026-09-23,MRCY,no_data_for_date,,,,,,,,,
2026-09-23,MRP,no_data_for_date,,,,,,,,,
2026-09-23,MRTN,no_data_for_date,,,,,,,,,
2026-09-23,MSA,no_data_for_date,,,,,,,,,
2026-09-23,MSEX,no_data_for_date,,,,,,,,,
2026-09-23,MSGS,no_data_for_date,,,,,,,,,
2026-09-23,MSM,no_data_for_date,,,,,,,,,
2026-09-23,MTCH,no_data_for_date,,,,,,,,,
2026-09-23,MTDR,no_data_for_date,,,,,,,,,
2026-09-23,MTG,no_data_for_date,,,,,,,,,
2026-09-23,MTH,no_data_for_date,,,,,,,,,
2026-09-23,MTN,no_data_for_date,,,,,,,,,
2026-09-23,MTRN,no_data_for_date,,,,,,,,,
2026-09-23,MTSI,no_data_for_date,,,,,,,,,
2026-09-23,MTUS,no_data_for_date,,,,,,,,,
2026-09-23,MTX,no_data_for_date,,,,,,,,,
2026-09-23,MTZ,no_data_for_date,,,,,,,,,
2026-09-23,MUR,no_data_for_date,,,,,,,,,
2026-09-23,MUSA,no_data_for_date,,,,,,,,,
2026-09-23,MWA,no_data_for_date,,,,,,,,,
2026-09-23,MXL,no_data_for_date,,,,,,,,,
2026-09-23,MYRG,no_data_for_date,,,,,,,,,
2026-09-23,MZTI,no_data_for_date,,,,,,,,,
2026-09-23,M,no_data_for_date,,,,,,,,,
2026-09-23,NABL,no_data_for_date,,,,,,,,,
2026-09-23,NATL,no_data_for_date,,,,,,,,,
2026-09-23,NAT,no_data_for_date,,,,,,,,,
2026-09-23,NAVI,no_data_for_date,,,,,,,,,
2026-09-23,NBHC,no_data_for_date,,,,,,,,,
2026-09-23,NBIX,no_data_for_date,,,,,,,,,
2026-09-23,NBTB,no_data_for_date,,,,,,,,,
2026-09-23,NEOG,no_data_for_date,,,,,,,,,
2026-09-23,NEO,no_data_for_date,,,,,,,,,
2026-09-23,NEU,no_data_for_date,,,,,,,,,
2026-09-23,NE,no_data_for_date,,,,,,,,,
2026-09-23,NFG,no_data_for_date,,,,,,,,,
2026-09-23,NGVT,no_data_for_date,,,,,,,,,
2026-09-23,NHC,no_data_for_date,,,,,,,,,
2026-09-23,NHI,no_data_for_date,,,,,,,,,
2026-09-23,NIC,no_data_for_date,,,,,,,,,
2026-09-23,NJR,no_data_for_date,,,,,,,,,
2026-09-23,NLY,no_data_for_date,,,,,,,,,
2026-09-23,NMIH,no_data_for_date,,,,,,,,,
2026-09-23,NNBR,no_data_for_date,,,,,,,,,
2026-09-23,NNN,no_data_for_date,,,,,,,,,
2026-09-23,NOG,no_data_for_date,,,,,,,,,
2026-09-23,NOVT,no_data_for_date,,,,,,,,,
2026-09-23,NOV,no_data_for_date,,,,,,,,,
2026-09-23,NPK,no_data_for_date,,,,,,,,,
2026-09-23,NPO,no_data_for_date,,,,,,,,,
2026-09-23,NSIT,no_data_for_date,,,,,,,,,
2026-09-23,NSP,no_data_for_date,,,,,,,,,
2026-09-23,NSSC,no_data_for_date,,,,,,,,,
2026-09-23,NTAP,no_data_for_date,,,,,,,,,
2026-09-23,NTCT,no_data_for_date,,,,,,,,,
2026-09-23,NTNX,no_data_for_date,,,,,,,,,
2026-09-23,NTRA,no_data_for_date,,,,,,,,,
2026-09-23,NTST,no_data_for_date,,,,,,,,,
2026-09-23,NVST,no_data_for_date,,,,,,,,,
2026-09-23,NVT,no_data_for_date,,,,,,,,,
2026-09-23,NWBI,no_data_for_date,,,,,,,,,
2026-09-23,NWE,no_data_for_date,,,,,,,,,
2026-09-23,NWL,no_data_for_date,,,,,,,,,
2026-09-23,NWN,no_data_for_date,,,,,,,,,
2026-09-23,NXDR,no_50ma_touch,,,,,,,,,
2026-09-23,NXRT,no_data_for_date,,,,,,,,,
2026-09-23,NXST,no_data_for_date,,,,,,,,,
2026-09-23,NXT,no_data_for_date,,,,,,,,,
2026-09-23,NX,no_data_for_date,,,,,,,,,
2026-09-23,NYT,no_data_for_date,,,,,,,,,
2026-09-23,OABI,no_data_for_date,,,,,,,,,
2026-09-23,OC,no_data_for_date,,,,,,,,,
2026-09-23,OFG,no_data_for_date,,,,,,,,,
2026-09-23,OGE,no_data_for_date,,,,,,,,,
2026-09-23,OGN,no_data_for_date,,,,,,,,,
2026-09-23,OGS,no_data_for_date,,,,,,,,,
2026-09-23,OHI,no_data_for_date,,,,,,,,,
2026-09-23,OII,no_data_for_date,,,,,,,,,
2026-09-23,OI,no_data_for_date,,,,,,,,,
2026-09-23,OKTA,no_data_for_date,,,,,,,,,
2026-09-23,OLED,no_data_for_date,,,,,,,,,
2026-09-23,OLLI,no_data_for_date,,,,,,,,,
2026-09-23,OLN,no_data_for_date,,,,,,,,,
2026-09-23,OMCL,no_data_for_date,,,,,,,,,
2026-09-23,ONB,no_data_for_date,,,,,,,,,
2026-09-23,ONTO,no_data_for_date,,,,,,,,,
2026-09-23,OPCH,no_data_for_date,,,,,,,,,
2026-09-23,OPLN,no_data_for_date,,,,,,,,,
2026-09-23,ORA,no_data_for_date,,,,,,,,,
2026-09-23,ORI,no_data_for_date,,,,,,,,,
2026-09-23,OSCR,no_data_for_date,,,,,,,,,
2026-09-23,OSIS,no_data_for_date,,,,,,,,,
2026-09-23,OSK,no_data_for_date,,,,,,,,,
2026-09-23,OSW,no_data_for_date,,,,,,,,,
2026-09-23,OTTR,no_data_for_date,,,,,,,,,
2026-09-23,OUT,no_data_for_date,,,,,,,,,
2026-09-23,OVV,no_data_for_date,,,,,,,,,
2026-09-23,OZK,no_data_for_date,,,,,,,,,
2026-09-23,PAG,no_data_for_date,,,,,,,,,
2026-09-23,PAHC,no_data_for_date,,,,,,,,,
2026-09-23,PANW,no_data_for_date,,,,,,,,,
2026-09-23,PARR,no_data_for_date,,,,,,,,,
2026-09-23,PATH,no_data_for_date,,,,,,,,,
2026-09-23,PATK,no_data_for_date,,,,,,,,,
2026-09-23,PAYC,no_data_for_date,,,,,,,,,
2026-09-23,PAYO,no_data_for_date,,,,,,,,,
2026-09-23,PAY,no_data_for_date,,,,,,,,,
2026-09-23,PBF,no_data_for_date,,,,,,,,,
2026-09-23,PBH,no_data_for_date,,,,,,,,,
2026-09-23,PBI,no_data_for_date,,,,,,,,,
2026-09-23,PB,no_data_for_date,,,,,,,,,
2026-09-23,PCRX,no_data_for_date,,,,,,,,,
2026-09-23,PCTY,no_data_for_date,,,,,,,,,
2026-09-23,PDFS,no_data_for_date,,,,,,,,,
2026-09-23,PD,no_data_for_date,,,,,,,,,
2026-09-23,PEB,no_data_for_date,,,,,,,,,
2026-09-23,PECO,no_data_for_date,,,,,,,,,
2026-09-23,PEGA,no_data_for_date,,,,,,,,,
2026-09-23,PENG,no_data_for_date,,,,,,,,,
2026-09-23,PENN,no_data_for_date,,,,,,,,,
2026-09-23,PEN,no_data_for_date,,,,,,,,,
2026-09-23,PFBC,no_data_for_date,,,,,,,,,
2026-09-23,PFGC,no_data_for_date,,,,,,,,,
2026-09-23,PFS,no_data_for_date,,,,,,,,,
2026-09-23,PGNY,no_data_for_date,,,,,,,,,
2026-09-23,PHIN,no_data_for_date,,,,,,,,,
2026-09-23,PII,no_data_for_date,,,,,,,,,
2026-09-23,PINS,no_data_for_date,,,,,,,,,
2026-09-23,PIPR,no_data_for_date,,,,,,,,,
2026-09-23,PI,no_data_for_date,,,,,,,,,
2026-09-23,PJT,no_data_for_date,,,,,,,,,
2026-09-23,PK,no_data_for_date,,,,,,,,,
2026-09-23,PLAB,no_data_for_date,,,,,,,,,
2026-09-23,PLMR,no_data_for_date,,,,,,,,,
2026-09-23,PLNT,no_data_for_date,,,,,,,,,
2026-09-23,PLUS,no_data_for_date,,,,,,,,,
2026-09-23,PLXS,no_data_for_date,,,,,,,,,
2026-09-23,PMT,no_data_for_date,,,,,,,,,
2026-09-23,PNFP,no_data_for_date,,,,,,,,,
2026-09-23,POOL,no_data_for_date,,,,,,,,,
2026-09-23,POR,no_data_for_date,,,,,,,,,
2026-09-23,POST,no_data_for_date,,,,,,,,,
2026-09-23,POWI,no_data_for_date,,,,,,,,,
2026-09-23,POWL,no_data_for_date,,,,,,,,,
2026-09-23,PPC,no_data_for_date,,,,,,,,,
2026-09-23,PPLI,no_data_for_date,,,,,,,,,
2026-09-23,PRCH,no_data_for_date,,,,,,,,,
2026-09-23,PRDO,no_data_for_date,,,,,,,,,
2026-09-23,PRGO,no_data_for_date,,,,,,,,,
2026-09-23,PRGS,no_data_for_date,,,,,,,,,
2026-09-23,PRG,no_data_for_date,,,,,,,,,
2026-09-23,PRIM,no_data_for_date,,,,,,,,,
2026-09-23,PRI,no_data_for_date,,,,,,,,,
2026-09-23,PRKS,no_data_for_date,,,,,,,,,
2026-09-23,PRK,no_data_for_date,,,,,,,,,
2026-09-23,PRLB,no_data_for_date,,,,,,,,,
2026-09-23,PRSU,no_data_for_date,,,,,,,,,
2026-09-23,PRVA,no_data_for_date,,,,,,,,,
2026-09-23,PR,no_data_for_date,,,,,,,,,
2026-09-23,PSMT,no_data_for_date,,,,,,,,,
2026-09-23,PSN,no_data_for_date,,,,,,,,,
2026-09-23,PSX,no_data_for_date,,,,,,,,,
2026-09-23,PTCT,no_data_for_date,,,,,,,,,
2026-09-23,PTEN,no_data_for_date,,,,,,,,,
2026-09-23,PTGX,no_data_for_date,,,,,,,,,
2026-09-23,PTON,no_data_for_date,,,,,,,,,
2026-09-23,PVH,no_data_for_date,,,,,,,,,
2026-09-23,PZZA,no_data_for_date,,,,,,,,,
2026-09-23,P,no_data_for_date,,,,,,,,,
2026-09-23,QDEL,no_data_for_date,,,,,,,,,
2026-09-23,QLYS,no_data_for_date,,,,,,,,,
2026-09-23,QMCO,no_data_for_date,,,,,,,,,
2026-09-23,QNST,no_data_for_date,,,,,,,,,
2026-09-23,QRVO,no_data_for_date,,,,,,,,,
2026-09-23,QTWO,no_data_for_date,,,,,,,,,
2026-09-23,RAL,no_data_for_date,,,,,,,,,
2026-09-23,RAMP,no_data_for_date,,,,,,,,,
2026-09-23,RBA,no_data_for_date,,,,,,,,,
2026-09-23,RBC,no_data_for_date,,,,,,,,,
2026-09-23,RCUS,no_data_for_date,,,,,,,,,
2026-09-23,RDNT,no_data_for_date,,,,,,,,,
2026-09-23,RDN,no_data_for_date,,,,,,,,,
2026-09-23,RELY,no_data_for_date,,,,,,,,,
2026-09-23,RES,no_data_for_date,,,,,,,,,
2026-09-23,REXR,no_data_for_date,,,,,,,,,
2026-09-23,REX,no_data_for_date,,,,,,,,,
2026-09-23,REYN,no_data_for_date,,,,,,,,,
2026-09-23,REZI,no_data_for_date,,,,,,,,,
2026-09-23,RGA,no_data_for_date,,,,,,,,,
2026-09-23,RGEN,no_data_for_date,,,,,,,,,
2026-09-23,RGLD,no_data_for_date,,,,,,,,,
2026-09-23,RHI,no_data_for_date,,,,,,,,,
2026-09-23,RHP,no_data_for_date,,,,,,,,,
2026-09-23,RH,no_data_for_date,,,,,,,,,
2026-09-23,RITM,no_data_for_date,,,,,,,,,
2026-09-23,RLAY,momentum_screen,,,,,,,,,
2026-09-23,RLI,no_data_for_date,,,,,,,,,
2026-09-23,RMBS,no_data_for_date,,,,,,,,,
2026-09-23,RNG,no_data_for_date,,,,,,,,,
2026-09-23,RNR,no_data_for_date,,,,,,,,,
2026-09-23,RNST,no_data_for_date,,,,,,,,,
2026-09-23,ROAD,no_data_for_date,,,,,,,,,
2026-09-23,ROCK,no_data_for_date,,,,,,,,,
2026-09-23,ROG,no_data_for_date,,,,,,,,,
2026-09-23,ROIV,no_data_for_date,,,,,,,,,
2026-09-23,ROKU,no_data_for_date,,,,,,,,,
2026-09-23,RPM,no_data_for_date,,,,,,,,,
2026-09-23,RRC,no_data_for_date,,,,,,,,,
2026-09-23,RRR,no_data_for_date,,,,,,,,,
2026-09-23,RRX,no_data_for_date,,,,,,,,,
2026-09-23,RSI,no_data_for_date,,,,,,,,,
2026-09-23,RS,no_data_for_date,,,,,,,,,
2026-09-23,RUM,no_data_for_date,,,,,,,,,
2026-09-23,RUN,no_data_for_date,,,,,,,,,
2026-09-23,RUSHA,no_data_for_date,,,,,,,,,
2026-09-23,RXO,no_data_for_date,,,,,,,,,
2026-09-23,RXT,no_data_for_date,,,,,,,,,
2026-09-23,RYAN,no_data_for_date,,,,,,,,,
2026-09-23,RYN,no_data_for_date,,,,,,,,,
2026-09-23,R,no_data_for_date,,,,,,,,,
2026-09-23,SABR,no_data_for_date,,,,,,,,,
2026-09-23,SAFE,no_data_for_date,,,,,,,,,
2026-09-23,SAFT,no_data_for_date,,,,,,,,,
2026-09-23,SAH,no_data_for_date,,,,,,,,,
2026-09-23,SAIA,no_data_for_date,,,,,,,,,
2026-09-23,SAIC,no_data_for_date,,,,,,,,,
2026-09-23,SAM,no_data_for_date,,,,,,,,,
2026-09-23,SANM,no_data_for_date,,,,,,,,,
2026-09-23,SARO,no_data_for_date,,,,,,,,,
2026-09-23,SBCF,no_data_for_date,,,,,,,,,
2026-09-23,SBH,no_data_for_date,,,,,,,,,
2026-09-23,SBRA,no_data_for_date,,,,,,,,,
2026-09-23,SBSI,no_data_for_date,,,,,,,,,
2026-09-23,SCHL,no_data_for_date,,,,,,,,,
2026-09-23,SCI,no_data_for_date,,,,,,,,,
2026-09-23,SCL,no_data_for_date,,,,,,,,,
2026-09-23,SCSC,no_data_for_date,,,,,,,,,
2026-09-23,SDGR,no_data_for_date,,,,,,,,,
2026-09-23,SEDG,no_data_for_date,,,,,,,,,
2026-09-23,SEIC,no_data_for_date,,,,,,,,,
2026-09-23,SEI,no_data_for_date,,,,,,,,,
2026-09-23,SEZL,no_data_for_date,,,,,,,,,
2026-09-23,SFBS,no_data_for_date,,,,,,,,,
2026-09-23,SFM,no_data_for_date,,,,,,,,,
2026-09-23,SFNC,no_data_for_date,,,,,,,,,
2026-09-23,SF,no_data_for_date,,,,,,,,,
2026-09-23,SGI,no_data_for_date,,,,,,,,,
2026-09-23,SHAK,no_data_for_date,,,,,,,,,
2026-09-23,SHC,no_data_for_date,,,,,,,,,
2026-09-23,SHEN,no_data_for_date,,,,,,,,,
2026-09-23,SHOO,no_data_for_date,,,,,,,,,
2026-09-23,SHO,no_data_for_date,,,,,,,,,
2026-09-23,SIGI,no_data_for_date,,,,,,,,,
2026-09-23,SIG,no_data_for_date,,,,,,,,,
2026-09-23,SIRI,no_data_for_date,,,,,,,,,
2026-09-23,SITM,no_data_for_date,,,,,,,,,
2026-09-23,SKT,no_data_for_date,,,,,,,,,
2026-09-23,SKYW,no_data_for_date,,,,,,,,,
2026-09-23,SKY,no_data_for_date,,,,,,,,,
2026-09-23,SLAB,no_data_for_date,,,,,,,,,
2026-09-23,SLGN,no_data_for_date,,,,,,,,,
2026-09-23,SLG,no_data_for_date,,,,,,,,,
2026-09-23,SLM,no_data_for_date,,,,,,,,,
2026-09-23,SLVM,no_data_for_date,,,,,,,,,
2026-09-23,SMG,no_data_for_date,,,,,,,,,
2026-09-23,SMPL,no_data_for_date,,,,,,,,,
2026-09-23,SMP,no_data_for_date,,,,,,,,,
2026-09-23,SMTC,no_data_for_date,,,,,,,,,
2026-09-23,SM,no_data_for_date,,,,,,,,,
2026-09-23,SNDR,no_data_for_date,,,,,,,,,
2026-09-23,SNEX,no_data_for_date,,,,,,,,,
2026-09-23,SNOW,no_data_for_date,,,,,,,,,
2026-09-23,SNX,no_data_for_date,,,,,,,,,
2026-09-23,SN,no_data_for_date,,,,,,,,,
2026-09-23,SOLS,no_data_for_date,,,,,,,,,
2026-09-23,SONO,no_data_for_date,,,,,,,,,
2026-09-23,SON,no_data_for_date,,,,,,,,,
2026-09-23,SPHR,no_data_for_date,,,,,,,,,
2026-09-23,SPNT,no_data_for_date,,,,,,,,,
2026-09-23,SPSC,no_data_for_date,,,,,,,,,
2026-09-23,SPXC,no_data_for_date,,,,,,,,,
2026-09-23,SPY,no_data_for_date,,,,,,,,,
2026-09-23,SRPT,no_data_for_date,,,,,,,,,
2026-09-23,SR,no_data_for_date,,,,,,,,,
2026-09-23,SSB,no_data_for_date,,,,,,,,,
2026-09-23,SSD,no_data_for_date,,,,,,,,,
2026-09-23,STAA,no_data_for_date,,,,,,,,,
2026-09-23,STAG,no_data_for_date,,,,,,,,,
2026-09-23,STBA,no_data_for_date,,,,,,,,,
2026-09-23,STC,no_data_for_date,,,,,,,,,
2026-09-23,STEP,no_data_for_date,,,,,,,,,
2026-09-23,STIM,no_data_for_date,,,,,,,,,
2026-09-23,STLN,no_data_for_date,,,,,,,,,
2026-09-23,STRA,no_data_for_date,,,,,,,,,
2026-09-23,STRL,no_data_for_date,,,,,,,,,
2026-09-23,STWD,no_data_for_date,,,,,,,,,
2026-09-23,ST,no_data_for_date,,,,,,,,,
2026-09-23,SUI,no_data_for_date,,,,,,,,,
2026-09-23,SUPN,no_data_for_date,,,,,,,,,
2026-09-23,SWX,no_data_for_date,,,,,,,,,
2026-09-23,SXI,no_data_for_date,,,,,,,,,
2026-09-23,SXT,no_data_for_date,,,,,,,,,
2026-09-23,SYNA,no_data_for_date,,,,,,,,,
2026-09-23,TALO,no_data_for_date,,,,,,,,,
2026-09-23,TBBK,no_data_for_date,,,,,,,,,
2026-09-23,TCBI,no_data_for_date,,,,,,,,,
2026-09-23,TDC,no_data_for_date,,,,,,,,,
2026-09-23,TDS,no_data_for_date,,,,,,,,,
2026-09-23,TDW,no_data_for_date,,,,,,,,,
2026-09-23,TEAM,no_data_for_date,,,,,,,,,
2026-09-23,TEX,no_data_for_date,,,,,,,,,
2026-09-23,TFIN,no_data_for_date,,,,,,,,,
2026-09-23,TFX,no_data_for_date,,,,,,,,,
2026-09-23,TGTX,no_data_for_date,,,,,,,,,
2026-09-23,TGT,no_data_for_date,,,,,,,,,
2026-09-23,THC,no_data_for_date,,,,,,,,,
2026-09-23,THG,no_data_for_date,,,,,,,,,
2026-09-23,THO,no_data_for_date,,,,,,,,,
2026-09-23,THRM,no_data_for_date,,,,,,,,,
2026-09-23,TILE,no_data_for_date,,,,,,,,,
2026-09-23,TKR,no_data_for_date,,,,,,,,,
2026-09-23,TLN,no_data_for_date,,,,,,,,,
2026-09-23,TMDX,no_data_for_date,,,,,,,,,
2026-09-23,TMP,no_data_for_date,,,,,,,,,
2026-09-23,TNC,no_data_for_date,,,,,,,,,
2026-09-23,TNDM,no_data_for_date,,,,,,,,,
2026-09-23,TNL,no_data_for_date,,,,,,,,,
2026-09-23,TOL,no_data_for_date,,,,,,,,,
2026-09-23,TOST,no_data_for_date,,,,,,,,,
2026-09-23,TPC,no_data_for_date,,,,,,,,,
2026-09-23,TREX,no_data_for_date,,,,,,,,,
2026-09-23,TRIP,no_data_for_date,,,,,,,,,
2026-09-23,TRMK,no_data_for_date,,,,,,,,,
2026-09-23,TRNO,no_data_for_date,,,,,,,,,
2026-09-23,TRN,no_data_for_date,,,,,,,,,
2026-09-23,TRST,no_data_for_date,,,,,,,,,
2026-09-23,TRUP,no_data_for_date,,,,,,,,,
2026-09-23,TRU,no_data_for_date,,,,,,,,,
2026-09-23,TR,no_data_for_date,,,,,,,,,
2026-09-23,TTC,no_data_for_date,,,,,,,,,
2026-09-23,TTEK,no_data_for_date,,,,,,,,,
2026-09-23,TTMI,no_data_for_date,,,,,,,,,
2026-09-23,TVTX,no_data_for_date,,,,,,,,,
2026-09-23,TWLO,no_data_for_date,,,,,,,,,
2026-09-23,TWST,no_data_for_date,,,,,,,,,
2026-09-23,TXNM,no_data_for_date,,,,,,,,,
2026-09-23,TXRH,no_data_for_date,,,,,,,,,
2026-09-23,UAA,no_data_for_date,,,,,,,,,
2026-09-23,UA,no_data_for_date,,,,,,,,,
2026-09-23,UBSI,no_data_for_date,,,,,,,,,
2026-09-23,UCB,no_data_for_date,,,,,,,,,
2026-09-23,UCTT,no_data_for_date,,,,,,,,,
2026-09-23,UE,no_data_for_date,,,,,,,,,
2026-09-23,UFCS,no_data_for_date,,,,,,,,,
2026-09-23,UFPI,no_data_for_date,,,,,,,,,
2026-09-23,UFPT,no_data_for_date,,,,,,,,,
2026-09-23,UGI,no_data_for_date,,,,,,,,,
2026-09-23,ULS,no_data_for_date,,,,,,,,,
2026-09-23,UMBF,no_data_for_date,,,,,,,,,
2026-09-23,UNFI,no_data_for_date,,,,,,,,,
2026-09-23,UNF,no_data_for_date,,,,,,,,,
2026-09-23,UNIT,no_data_for_date,,,,,,,,,
2026-09-23,UNM,no_data_for_date,,,,,,,,,
2026-09-23,UPBD,no_data_for_date,,,,,,,,,
2026-09-23,UPWK,no_data_for_date,,,,,,,,,
2026-09-23,URBN,no_data_for_date,,,,,,,,,
2026-09-23,USFD,no_data_for_date,,,,,,,,,
2026-09-23,USLM,no_data_for_date,,,,,,,,,
2026-09-23,USPH,no_data_for_date,,,,,,,,,
2026-09-23,UTHR,no_data_for_date,,,,,,,,,
2026-09-23,UTI,no_data_for_date,,,,,,,,,
2026-09-23,UTL,no_data_for_date,,,,,,,,,
2026-09-23,UTZ,no_data_for_date,,,,,,,,,
2026-09-23,UVV,no_data_for_date,,,,,,,,,
2026-09-23,U,no_data_for_date,,,,,,,,,
2026-09-23,VAC,no_data_for_date,,,,,,,,,
2026-09-23,VAL,no_data_for_date,,,,,,,,,
2026-09-23,VCEL,no_data_for_date,,,,,,,,,
2026-09-23,VCTR,no_data_for_date,,,,,,,,,
2026-09-23,VCYT,no_data_for_date,,,,,,,,,
2026-09-23,VC,no_data_for_date,,,,,,,,,
2026-09-23,VECO,no_data_for_date,,,,,,,,,
2026-09-23,VEEV,no_data_for_date,,,,,,,,,
2026-09-23,VFC,no_data_for_date,,,,,,,,,
2026-09-23,VGNT,no_data_for_date,,,,,,,,,
2026-09-23,VIAV,no_data_for_date,,,,,,,,,
2026-09-23,VICR,no_data_for_date,,,,,,,,,
2026-09-23,VIRT,no_data_for_date,,,,,,,,,
2026-09-23,VIR,no_data_for_date,,,,,,,,,
2026-09-23,VLO,no_data_for_date,,,,,,,,,
2026-09-23,VLY,no_data_for_date,,,,,,,,,
2026-09-23,VMI,no_data_for_date,,,,,,,,,
2026-09-23,VNOM,no_data_for_date,,,,,,,,,
2026-09-23,VNO,no_data_for_date,,,,,,,,,
2026-09-23,VNT,no_data_for_date,,,,,,,,,
2026-09-23,VOYA,no_data_for_date,,,,,,,,,
2026-09-23,VRRM,no_data_for_date,,,,,,,,,
2026-09-23,VRTS,no_data_for_date,,,,,,,,,
2026-09-23,VSAT,no_data_for_date,,,,,,,,,
2026-09-23,VSEC,no_data_for_date,,,,,,,,,
2026-09-23,VSH,no_data_for_date,,,,,,,,,
2026-09-23,VSNT,no_data_for_date,,,,,,,,,
2026-09-23,VSTS,no_data_for_date,,,,,,,,,
2026-09-23,VSXY,no_data_for_date,,,,,,,,,
2026-09-23,VTOL,no_data_for_date,,,,,,,,,
2026-09-23,VVV,no_data_for_date,,,,,,,,,
2026-09-23,VVX,no_data_for_date,,,,,,,,,
2026-09-23,VYX,no_data_for_date,,,,,,,,,
2026-09-23,WABC,no_data_for_date,,,,,,,,,
2026-09-23,WAFD,no_data_for_date,,,,,,,,,
2026-09-23,WAL,no_data_for_date,,,,,,,,,
2026-09-23,WAY,no_data_for_date,,,,,,,,,
2026-09-23,WBS,no_data_for_date,,,,,,,,,
2026-09-23,WCC,no_data_for_date,,,,,,,,,
2026-09-23,WDFC,no_data_for_date,,,,,,,,,
2026-09-23,WD,no_data_for_date,,,,,,,,,
2026-09-23,WEN,no_data_for_date,,,,,,,,,
2026-09-23,WERN,no_data_for_date,,,,,,,,,
2026-09-23,WEX,no_data_for_date,,,,,,,,,
2026-09-23,WFRD,no_data_for_date,,,,,,,,,
2026-09-23,WGO,no_data_for_date,,,,,,,,,
2026-09-23,WHD,no_data_for_date,,,,,,,,,
2026-09-23,WHR,no_data_for_date,,,,,,,,,
2026-09-23,WH,no_data_for_date,,,,,,,,,
2026-09-23,WINA,no_data_for_date,,,,,,,,,
2026-09-23,WING,no_data_for_date,,,,,,,,,
2026-09-23,WKC,no_data_for_date,,,,,,,,,
2026-09-23,WLK,no_data_for_date,,,,,,,,,
2026-09-23,WLY,no_data_for_date,,,,,,,,,
2026-09-23,WMG,no_data_for_date,,,,,,,,,
2026-09-23,WMS,no_data_for_date,,,,,,,,,
2026-09-23,WOR,no_data_for_date,,,,,,,,,
2026-09-23,WPC,no_data_for_date,,,,,,,,,
2026-09-23,WRBY,no_data_for_date,,,,,,,,,
2026-09-23,WRLD,no_data_for_date,,,,,,,,,
2026-09-23,WSBC,no_data_for_date,,,,,,,,,
2026-09-23,WSC,no_data_for_date,,,,,,,,,
2026-09-23,WSFS,no_data_for_date,,,,,,,,,
2026-09-23,WSO,no_data_for_date,,,,,,,,,
2026-09-23,WS,no_data_for_date,,,,,,,,,
2026-09-23,WTFC,no_data_for_date,,,,,,,,,
2026-09-23,WTRG,no_data_for_date,,,,,,,,,
2026-09-23,WTS,no_data_for_date,,,,,,,,,
2026-09-23,WT,no_data_for_date,,,,,,,,,
2026-09-23,WU,no_data_for_date,,,,,,,,,
2026-09-23,WWD,no_data_for_date,,,,,,,,,
2026-09-23,WWW,no_data_for_date,,,,,,,,,
2026-09-23,XHR,no_data_for_date,,,,,,,,,
2026-09-23,XNCR,no_data_for_date,,,,,,,,,
2026-09-23,XPEL,no_data_for_date,,,,,,,,,
2026-09-23,XPO,no_data_for_date,,,,,,,,,
2026-09-23,XRAY,no_data_for_date,,,,,,,,,
2026-09-23,XRX,no_data_for_date,,,,,,,,,
2026-09-23,YELP,no_data_for_date,,,,,,,,,
2026-09-23,YETI,no_data_for_date,,,,,,,,,
2026-09-23,YOU,no_data_for_date,,,,,,,,,
2026-09-23,ZD,no_data_for_date,,,,,,,,,
2026-09-23,ZION,no_data_for_date,,,,,,,,,
2026-09-23,ZWS,no_data_for_date,,,,,,,,,
